/* Auto-generated by tools/mmdl_pack.py - do not edit by hand. */

const uint8_t model_hey_arduino[] = {
  0x4D, 0x4D, 0x44, 0x4C, 0x01, 0x00, 0x01, 0x00, 0x18, 0x3F, 0x00, 0x00,
  0xED, 0xD9, 0xE7, 0xF0, 0x68, 0x65, 0x79, 0x5F, 0x61, 0x72, 0x64, 0x75,
  0x69, 0x6E, 0x6F, 0x00, 0x00, 0x00, 0x00, 0x00, 0x03, 0x00, 0x00, 0x00,
  0xE1, 0x62, 0x26, 0x3B, 0x1C, 0x00, 0x00, 0x00, 0x54, 0x46, 0x4C, 0x33,
  0x14, 0x00, 0x20, 0x00, 0x1C, 0x00, 0x18, 0x00, 0x14, 0x00, 0x10, 0x00,
  0x0C, 0x00, 0x00, 0x00, 0x08, 0x00, 0x04, 0x00, 0x14, 0x00, 0x00, 0x00,
  0x1C, 0x00, 0x00, 0x00, 0x8C, 0x00, 0x00, 0x00, 0xE4, 0x00, 0x00, 0x00,
  0xC4, 0x33, 0x00, 0x00, 0xD4, 0x33, 0x00, 0x00, 0x4C, 0x3E, 0x00, 0x00,
  0x03, 0x00, 0x00, 0x00, 0x01, 0x00, 0x00, 0x00, 0x04, 0x00, 0x00, 0x00,
  0x6E, 0xCB, 0xFF, 0xFF, 0x0C, 0x00, 0x00, 0x00, 0x1C, 0x00, 0x00, 0x00,
  0x3C, 0x00, 0x00, 0x00, 0x0F, 0x00, 0x00, 0x00, 0x73, 0x65, 0x72, 0x76,
  0x69, 0x6E, 0x67, 0x5F, 0x64, 0x65, 0x66, 0x61, 0x75, 0x6C, 0x74, 0x00,
  0x01, 0x00, 0x00, 0x00, 0x04, 0x00, 0x00, 0x00, 0x90, 0xFF, 0xFF, 0xFF,
  0x0E, 0x00, 0x00, 0x00, 0x04, 0x00, 0x00, 0x00, 0x08, 0x00, 0x00, 0x00,
  0x6F, 0x75, 0x74, 0x70, 0x75, 0x74, 0x5F, 0x30, 0x00, 0x00, 0x00, 0x00,
  0x01, 0x00, 0x00, 0x00, 0x04, 0x00, 0x00, 0x00, 0x76, 0xCB, 0xFF, 0xFF,
  0x04, 0x00, 0x00, 0x00, 0x0C, 0x00, 0x00, 0x00, 0x6B, 0x65, 0x72, 0x61,
  0x73, 0x5F, 0x74, 0x65, 0x6E, 0x73, 0x6F, 0x72, 0x00, 0x00, 0x00, 0x00,
  0x02, 0x00, 0x00, 0x00, 0x34, 0x00, 0x00, 0x00, 0x04, 0x00, 0x00, 0x00,
  0xDC, 0xFF, 0xFF, 0xFF, 0x11, 0x00, 0x00, 0x00, 0x04, 0x00, 0x00, 0x00,
  0x13, 0x00, 0x00, 0x00, 0x43, 0x4F, 0x4E, 0x56, 0x45, 0x52, 0x53, 0x49,
  0x4F, 0x4E, 0x5F, 0x4D, 0x45, 0x54, 0x41, 0x44, 0x41, 0x54, 0x41, 0x00,
  0x08, 0x00, 0x0C, 0x00, 0x08, 0x00, 0x04, 0x00, 0x08, 0x00, 0x00, 0x00,
  0x10, 0x00, 0x00, 0x00, 0x04, 0x00, 0x00, 0x00, 0x13, 0x00, 0x00, 0x00,
  0x6D, 0x69, 0x6E, 0x5F, 0x72, 0x75, 0x6E, 0x74, 0x69, 0x6D, 0x65, 0x5F,
  0x76, 0x65, 0x72, 0x73, 0x69, 0x6F, 0x6E, 0x00, 0x12, 0x00, 0x00, 0x00,
  0xDC, 0x32, 0x00, 0x00, 0xD4, 0x32, 0x00, 0x00, 0xC0, 0x32, 0x00, 0x00,
  0xAC, 0x32, 0x00, 0x00, 0x98, 0x32, 0x00, 0x00, 0x7C, 0x32, 0x00, 0x00,
  0x8C, 0x03, 0x00, 0x00, 0x5C, 0x03, 0x00, 0x00, 0xCC, 0x00, 0x00, 0x00,
  0xC4, 0x00, 0x00, 0x00, 0xBC, 0x00, 0x00, 0x00, 0xB4, 0x00, 0x00, 0x00,
  0xAC, 0x00, 0x00, 0x00, 0xA4, 0x00, 0x00, 0x00, 0x9C, 0x00, 0x00, 0x00,
  0x94, 0x00, 0x00, 0x00, 0x74, 0x00, 0x00, 0x00, 0x04, 0x00, 0x00, 0x00,
  0x3A, 0xCC, 0xFF, 0xFF, 0x04, 0x00, 0x00, 0x00, 0x60, 0x00, 0x00, 0x00,
  0x0C, 0x00, 0x00, 0x00, 0x08, 0x00, 0x0E, 0x00, 0x08, 0x00, 0x04, 0x00,
  0x08, 0x00, 0x00, 0x00, 0x10, 0x00, 0x00, 0x00, 0x28, 0x00, 0x00, 0x00,
  0x00, 0x00, 0x06, 0x00, 0x08, 0x00, 0x04, 0x00, 0x06, 0x00, 0x00, 0x00,
  0x04, 0x00, 0x00, 0x00, 0x01, 0x00, 0x00, 0x00, 0xEB, 0x03, 0x00, 0x00,
  0x0C, 0x00, 0x18, 0x00, 0x14, 0x00, 0x10, 0x00, 0x0C, 0x00, 0x04, 0x00,
  0x0C, 0x00, 0x00, 0x00, 0xD4, 0x5C, 0xFA, 0xC2, 0x53, 0xD6, 0xF9, 0x24,
  0x02, 0x00, 0x00, 0x00, 0x02, 0x00, 0x00, 0x00, 0x04, 0x00, 0x00, 0x00,
  0x06, 0x00, 0x00, 0x00, 0x32, 0x2E, 0x32, 0x31, 0x2E, 0x30, 0x00, 0x00,
  0xA6, 0xCC, 0xFF, 0xFF, 0x04, 0x00, 0x00, 0x00, 0x10, 0x00, 0x00, 0x00,
  0x31, 0x2E, 0x31, 0x34, 0x2E, 0x30, 0x00, 0x00, 0x00, 0x00, 0x00, 0x00,
  0x00, 0x00, 0x00, 0x00, 0x50, 0xC4, 0xFF, 0xFF, 0x54, 0xC4, 0xFF, 0xFF,
  0x58, 0xC4, 0xFF, 0xFF, 0x5C, 0xC4, 0xFF, 0xFF, 0x60, 0xC4, 0xFF, 0xFF,
  0x64, 0xC4, 0xFF, 0xFF, 0x68, 0xC4, 0xFF, 0xFF, 0xDE, 0xCC, 0xFF, 0xFF,
  0x04, 0x00, 0x00, 0x00, 0x80, 0x02, 0x00, 0x00, 0x03, 0xEE, 0x19, 0xF9,
  0x35, 0x44, 0x13, 0xA6, 0x27, 0x51, 0xEE, 0x55, 0x09, 0x35, 0xCA, 0xB7,
  0xBF, 0x54, 0x1C, 0x7C, 0x43, 0x10, 0x07, 0xCC, 0x1F, 0x1F, 0xC0, 0x7F,
  0x07, 0x4D, 0xD7, 0x1D, 0xB0, 0xCC, 0xE9, 0x55, 0x33, 0x3F, 0x06, 0xE5,
  0x1E, 0xE6, 0x00, 0x43, 0x59, 0x22, 0xED, 0x1F, 0xED, 0xBB, 0xD0, 0x24,
  0x35, 0xE1, 0x2B, 0x2E, 0x1E, 0x21, 0x0C, 0x56, 0xD4, 0x19, 0x01, 0x13,
  0x55, 0xF5, 0xCD, 0xC4, 0xA8, 0xB8, 0xBA, 0xCA, 0x5F, 0x1B, 0xF2, 0xF7,
  0xF7, 0x21, 0xED, 0xD4, 0x10, 0x32, 0x29, 0x7D, 0x0C, 0x58, 0x4C, 0xAD,
  0x3D, 0x2C, 0x5A, 0x42, 0xCD, 0x11, 0x1F, 0xBF, 0x07, 0xEC, 0x6E, 0x7F,
  0x42, 0xA5, 0xAC, 0x1B, 0x58, 0x10, 0x2D, 0x1F, 0xA1, 0x35, 0x12, 0xC2,
  0x67, 0x7D, 0xCB, 0x40, 0xDF, 0xC2, 0xFE, 0x29, 0x2C, 0x67, 0x37, 0x28,
  0xD7, 0xA7, 0x49, 0xDB, 0xB2, 0xE7, 0x56, 0x52, 0xF6, 0x19, 0xC9, 0x0E,
  0xCE, 0xFE, 0x92, 0xA7, 0xCB, 0xBA, 0xF5, 0x5C, 0x05, 0xF2, 0xD1, 0xFC,
  0xAB, 0x30, 0xC9, 0x45, 0x98, 0x8D, 0x92, 0x03, 0xF8, 0xEE, 0x12, 0xDE,
  0x42, 0xB5, 0x0E, 0x53, 0x4B, 0x50, 0xE1, 0x39, 0xC2, 0xED, 0xE0, 0xED,
  0xFC, 0x17, 0x17, 0xFD, 0x24, 0xB1, 0x23, 0x0C, 0x01, 0x03, 0xA8, 0x1C,
  0xE3, 0xB3, 0x05, 0xF8, 0x4F, 0xD9, 0x9C, 0xFB, 0xE4, 0x13, 0x17, 0x0D,
  0x15, 0xD5, 0xAF, 0xC5, 0x0C, 0x46, 0x2E, 0x56, 0x55, 0x2B, 0xD7, 0xE5,
  0x2A, 0x0D, 0x7B, 0x75, 0x7F, 0x5E, 0x0D, 0x30, 0xFC, 0xC2, 0x94, 0x1F,
  0x6E, 0x36, 0x10, 0xEA, 0xEF, 0x9D, 0xC6, 0xC0, 0x10, 0xA7, 0xC2, 0xEF,
  0xBB, 0xC1, 0xE2, 0xF2, 0x1F, 0xF5, 0x1C, 0xD1, 0x10, 0x1F, 0xBE, 0xFD,
  0xD3, 0x30, 0x1F, 0xF7, 0x41, 0x3D, 0x1D, 0xB8, 0xCE, 0xDF, 0xD6, 0xDE,
  0x15, 0x3E, 0x07, 0xA6, 0xEB, 0xD5, 0xF1, 0xC2, 0x39, 0x2F, 0x03, 0x5C,
  0x54, 0x00, 0x1F, 0xD5, 0x28, 0xDE, 0x99, 0x30, 0x20, 0xF2, 0xE0, 0x0E,
  0x35, 0xE7, 0xC7, 0xAB, 0x39, 0xF3, 0xD3, 0x00, 0x0B, 0x6D, 0xF5, 0x21,
  0x22, 0x1C, 0xD2, 0x2A, 0xFF, 0x7F, 0x18, 0x1C, 0x10, 0xC0, 0xCF, 0x20,
  0xD6, 0x1F, 0x06, 0xE4, 0xB2, 0xE1, 0xB4, 0xD7, 0x03, 0x39, 0xD4, 0xCC,
  0x2D, 0x23, 0xF6, 0x25, 0xEB, 0xE9, 0xCD, 0x1A, 0x28, 0xE8, 0x0B, 0xE9,
  0x97, 0xF2, 0x91, 0x27, 0x0B, 0x5B, 0x4D, 0x37, 0x88, 0xAC, 0x8F, 0x2E,
  0xFF, 0xE2, 0x1A, 0x2C, 0xDF, 0xD4, 0x08, 0x09, 0x5E, 0x3C, 0x6E, 0x2A,
  0x0C, 0xF6, 0xCC, 0xFE, 0x20, 0x61, 0x3E, 0x10, 0x02, 0x16, 0x33, 0x3B,
  0x00, 0x29, 0x02, 0x22, 0x1C, 0x29, 0x1F, 0x22, 0xCC, 0x02, 0x0C, 0xB7,
  0x51, 0x4F, 0x1B, 0xE9, 0xC7, 0xC6, 0xDE, 0xE2, 0x5F, 0x7F, 0x37, 0x12,
  0xD8, 0xDB, 0x83, 0xAA, 0x20, 0x4E, 0xFF, 0xF3, 0xB7, 0xB8, 0xDB, 0xAD,
  0x06, 0x03, 0x5C, 0x52, 0x1C, 0xF7, 0xC9, 0x00, 0x09, 0x3B, 0x35, 0x2C,
  0x94, 0xB5, 0x1C, 0xD7, 0x36, 0x3A, 0xDB, 0x9F, 0xA9, 0xE8, 0xBA, 0x89,
  0x2B, 0xF3, 0x62, 0x1D, 0xAE, 0x30, 0x05, 0xBF, 0xE7, 0xB1, 0x76, 0x31,
  0x60, 0x52, 0x06, 0xF8, 0xC7, 0xFD, 0x73, 0x5B, 0xE7, 0xE9, 0xFE, 0x2B,
  0xBB, 0xA7, 0xFF, 0x26, 0xDE, 0xF7, 0x00, 0x61, 0x1F, 0xBF, 0x24, 0xED,
  0xCA, 0x32, 0x43, 0x4F, 0x9E, 0xF3, 0x0D, 0x4D, 0xF8, 0x05, 0x7F, 0x0B,
  0x9B, 0xB7, 0xB1, 0xE3, 0xDD, 0x57, 0x10, 0x5E, 0xE3, 0x29, 0xEF, 0x35,
  0x65, 0x35, 0x05, 0x18, 0xF4, 0xE3, 0xA6, 0x2A, 0x1A, 0xB0, 0xEE, 0x42,
  0xF2, 0xF1, 0xF3, 0xF4, 0xA2, 0xDE, 0xED, 0x55, 0x39, 0xB5, 0x33, 0xEC,
  0x16, 0x4E, 0x51, 0x52, 0x48, 0xB4, 0xDA, 0xD7, 0xCA, 0xB3, 0xBE, 0xD1,
  0x04, 0xED, 0x08, 0xB8, 0x12, 0xFA, 0x30, 0x23, 0x1E, 0x07, 0xF3, 0xEF,
  0xBE, 0xFE, 0xF6, 0x1A, 0x81, 0x2C, 0xF8, 0x2D, 0x1B, 0x57, 0x0F, 0xED,
  0xD4, 0x22, 0xA8, 0xEF, 0x34, 0xBF, 0x01, 0xC9, 0x2C, 0xF2, 0xB9, 0xDC,
  0x24, 0x3E, 0x38, 0xB9, 0x9B, 0x37, 0xE6, 0x86, 0x9C, 0x97, 0xF5, 0x26,
  0xA6, 0x52, 0xFC, 0xDE, 0x2A, 0x9C, 0xF3, 0x1D, 0x4D, 0x91, 0x20, 0x2A,
  0xFF, 0xF5, 0xC6, 0xBC, 0xD5, 0xE0, 0xA6, 0xF1, 0x35, 0x1F, 0x1A, 0xDA,
  0x6E, 0x37, 0x74, 0x75, 0xD1, 0x4C, 0xF4, 0xE5, 0xC4, 0xA2, 0xC2, 0xD4,
  0x1B, 0xB8, 0x4C, 0x56, 0x44, 0xFE, 0x36, 0x19, 0x15, 0x5A, 0x7D, 0x7F,
  0xF4, 0x9D, 0x41, 0x14, 0xD7, 0x20, 0x57, 0x6B, 0x17, 0xEC, 0xE5, 0xE4,
  0x32, 0xD8, 0xFD, 0x27, 0xA7, 0x31, 0x5C, 0xEA, 0x2F, 0x3F, 0x05, 0xAD,
  0x6A, 0xCF, 0xFF, 0xFF, 0x04, 0x00, 0x00, 0x00, 0x20, 0x00, 0x00, 0x00,
  0x69, 0xFF, 0xFF, 0xFF, 0x91, 0xF5, 0xFF, 0xFF, 0x4E, 0xFE, 0xFF, 0xFF,
  0xE0, 0x00, 0x00, 0x00, 0x6B, 0xFA, 0xFF, 0xFF, 0x0E, 0x03, 0x00, 0x00,
  0x7F, 0xF9, 0xFF, 0xFF, 0x86, 0xFC, 0xFF, 0xFF, 0x96, 0xCF, 0xFF, 0xFF,
  0x04, 0x00, 0x00, 0x00, 0xE0, 0x2E, 0x00, 0x00, 0xD4, 0x03, 0xE3, 0x19,
  0x06, 0x02, 0xFF, 0x17, 0x08, 0x08, 0xEA, 0x15, 0x3D, 0x2B, 0x06, 0x2C,
  0x13, 0x05, 0x11, 0x0C, 0x15, 0xE5, 0x02, 0xE4, 0xBC, 0x08, 0xE2, 0xFB,
  0x0C, 0x00, 0x03, 0xC6, 0xC9, 0x12, 0xE0, 0xF8, 0xB1, 0xFB, 0xFD, 0xBD,
  0xCA, 0x10, 0xF3, 0xFD, 0xA5, 0xDC, 0x08, 0xF1, 0x14, 0xFE, 0xE3, 0xE2,
  0xE8, 0xF1, 0xFD, 0xEB, 0xE4, 0x05, 0x05, 0xED, 0xF7, 0xFE, 0x0A, 0xE5,
  0xEF, 0x11, 0x15, 0x10, 0xAB, 0xFF, 0x03, 0xED, 0x18, 0xFF, 0xED, 0x1D,
  0x15, 0xF0, 0x04, 0xEE, 0x53, 0x03, 0xFD, 0x1F, 0x00, 0x1A, 0xF6, 0xDE,
  0x24, 0x11, 0x44, 0x1B, 0x09, 0x2C, 0xFB, 0xDC, 0x23, 0x0A, 0x31, 0xEB,
  0x11, 0x1F, 0x0A, 0xF7, 0xE0, 0x14, 0x2F, 0x2D, 0x07, 0x35, 0xFD, 0xF3,
  0x10, 0x01, 0x2C, 0x2A, 0xFC, 0x26, 0xFC, 0xFB, 0x37, 0x04, 0xEC, 0x00,
  0xD6, 0x28, 0xFD, 0x11, 0x50, 0x01, 0x16, 0x24, 0xFC, 0x11, 0x0E, 0x17,
  0x0F, 0xFE, 0xE2, 0x43, 0xE6, 0x23, 0xFD, 0x3A, 0x1A, 0x01, 0x1A, 0xF0,
  0xEE, 0x07, 0xFA, 0x2B, 0x52, 0x0D, 0x36, 0x1F, 0x0E, 0xF6, 0xF6, 0x61,
  0xE0, 0x0C, 0xE9, 0xF7, 0x26, 0xF2, 0xF1, 0x12, 0xBF, 0x0B, 0x01, 0xF3,
  0x0C, 0xFD, 0x07, 0x2C, 0x14, 0x10, 0xEE, 0xD7, 0x15, 0xF5, 0x05, 0x04,
  0x39, 0x01, 0xEE, 0xE3, 0xD0, 0xFF, 0xFF, 0xDE, 0xB5, 0x0A, 0xE4, 0xE5,
  0x9E, 0x1A, 0x03, 0x17, 0xDC, 0x04, 0x01, 0xDD, 0xE8, 0x01, 0x01, 0x12,
  0xDF, 0xF6, 0xE8, 0xFE, 0xE5, 0x07, 0xFE, 0x15, 0xEA, 0x02, 0x0C, 0x05,
  0xC4, 0x03, 0x06, 0xE6, 0xE2, 0xFB, 0x2B, 0xAF, 0xAA, 0xFF, 0xFC, 0xD8,
  0x0F, 0x09, 0x13, 0xD7, 0xEA, 0xE0, 0x02, 0xF5, 0xEC, 0x08, 0xD1, 0xA4,
  0x11, 0xFF, 0x04, 0xE5, 0x14, 0xFF, 0xD6, 0xB1, 0x02, 0xD8, 0xF4, 0xD1,
  0x0E, 0xFE, 0xF2, 0xF1, 0xE9, 0xEC, 0xF6, 0xE4, 0x0E, 0x13, 0xFD, 0xEC,
  0xCC, 0xEC, 0xF2, 0xD2, 0x11, 0x11, 0xEF, 0xD8, 0xAE, 0x08, 0xEA, 0xDC,
  0x17, 0x04, 0xD4, 0xE4, 0xBA, 0xFD, 0x02, 0xFB, 0x38, 0x04, 0x10, 0x05,
  0x9C, 0x08, 0x14, 0x04, 0x32, 0x19, 0x25, 0xC5, 0xE6, 0x46, 0x13, 0xFA,
  0x1C, 0x0B, 0x06, 0xB9, 0xDB, 0x11, 0x03, 0x1A, 0x43, 0x0D, 0x1E, 0x29,
  0x13, 0x0F, 0x06, 0x3E, 0x12, 0x46, 0x1A, 0x0C, 0xE7, 0xF2, 0xDE, 0xF7,
  0xC5, 0xF8, 0x0E, 0xFE, 0x0B, 0x08, 0xFA, 0xE4, 0x1F, 0x38, 0xF4, 0x06,
  0xE2, 0xCA, 0x07, 0x09, 0x04, 0x3A, 0xFA, 0xDC, 0xDF, 0x05, 0x0C, 0xDF,
  0xDE, 0x10, 0x0E, 0xE7, 0x07, 0x10, 0xF6, 0xF5, 0xE6, 0xE8, 0x25, 0x0F,
  0xF1, 0xFD, 0x0E, 0x12, 0xC4, 0x21, 0x20, 0xEB, 0x1E, 0x0E, 0x09, 0x0C,
  0xE4, 0xF5, 0x2B, 0xE0, 0xDE, 0x13, 0xFE, 0x10, 0xCD, 0xEC, 0xF9, 0xFF,
  0xB7, 0xEA, 0xFF, 0x24, 0xEF, 0xDD, 0xE6, 0x3C, 0xF3, 0x0E, 0x04, 0xFC,
  0xD5, 0x25, 0x24, 0x15, 0xC7, 0x29, 0x0A, 0xEB, 0xE3, 0xEE, 0xE9, 0x0A,
  0x22, 0xE9, 0x09, 0xE3, 0xF1, 0xFD, 0x1C, 0xF1, 0x15, 0xFF, 0xFF, 0xEA,
  0xF8, 0x13, 0x06, 0x12, 0x01, 0x03, 0x02, 0xE5, 0xFD, 0xE8, 0xEB, 0x3B,
  0xB9, 0x1C, 0x0E, 0xDC, 0xF1, 0x14, 0xB8, 0xE4, 0xCF, 0x0F, 0x0E, 0x01,
  0x0B, 0xEE, 0x03, 0xD5, 0xE9, 0x07, 0xF5, 0xD4, 0x03, 0xF3, 0x09, 0xFF,
  0xBE, 0x18, 0x11, 0xE5, 0x3A, 0xF5, 0xF0, 0xEE, 0xE1, 0x2A, 0x0E, 0xEE,
  0x1A, 0xF1, 0x35, 0xFE, 0xEF, 0x1A, 0x02, 0x07, 0x0F, 0x1F, 0x2B, 0x09,
  0xC9, 0xE9, 0x09, 0x00, 0xDC, 0x02, 0xFF, 0x0E, 0xD2, 0xFB, 0x0E, 0xF4,
  0x19, 0x09, 0x0A, 0x12, 0x19, 0x11, 0xF5, 0xF7, 0xE0, 0x07, 0xE0, 0x00,
  0xE3, 0x08, 0x17, 0xFD, 0xE8, 0xEC, 0x0B, 0xEC, 0xC9, 0xF4, 0x06, 0xEB,
  0xDC, 0xE8, 0xEE, 0xE6, 0xC3, 0x0C, 0x03, 0x0A, 0x14, 0xEE, 0xFF, 0xE3,
  0x0C, 0x13, 0xFE, 0xE7, 0x32, 0x01, 0xD3, 0xF0, 0x17, 0xF7, 0xFC, 0xF9,
  0x00, 0xEF, 0xD5, 0xED, 0xE0, 0x0C, 0xFD, 0xF6, 0x02, 0xBF, 0xFD, 0x1D,
  0x17, 0x1C, 0xEB, 0x1C, 0x00, 0xCC, 0x19, 0x03, 0xF8, 0x24, 0xFB, 0x11,
  0xED, 0x1E, 0xD7, 0x09, 0xEE, 0xF5, 0x05, 0xF7, 0xD7, 0x16, 0x0C, 0x15,
  0xF9, 0x0C, 0xF9, 0xEA, 0xD3, 0x1E, 0x01, 0xF4, 0xEB, 0xEE, 0x03, 0x13,
  0xD7, 0x1B, 0xF6, 0x04, 0x0F, 0xF3, 0x0A, 0xEF, 0xFA, 0xDD, 0xE2, 0x0A,
  0xFE, 0x1C, 0x0E, 0xD4, 0xF7, 0xEB, 0xF3, 0x09, 0x01, 0x0C, 0xFB, 0xD2,
  0x00, 0xE7, 0xE5, 0xF2, 0xCB, 0x0D, 0x09, 0xEA, 0x2D, 0xD2, 0x16, 0xD9,
  0x0E, 0x1A, 0x15, 0xF0, 0x22, 0xF7, 0x3F, 0x05, 0xEB, 0xFE, 0x14, 0xEE,
  0xEC, 0x09, 0x00, 0x00, 0xE7, 0xFE, 0xF6, 0xF4, 0xE5, 0xFB, 0xEB, 0x0E,
  0xA7, 0x28, 0xFA, 0xFA, 0xF8, 0xEF, 0xB1, 0x1C, 0xF8, 0x1F, 0x06, 0x02,
  0xCC, 0xE1, 0xED, 0xD2, 0xE9, 0x21, 0x05, 0x0F, 0xEB, 0xE2, 0x00, 0x05,
  0xBA, 0xF7, 0x11, 0x1B, 0x0B, 0xF4, 0x13, 0x0E, 0xF2, 0xEC, 0xFA, 0xFE,
  0x19, 0xFD, 0x4B, 0x1B, 0x20, 0x25, 0x03, 0xF7, 0x2A, 0xF9, 0x01, 0x01,
  0xFE, 0xF5, 0x01, 0xEC, 0x08, 0xD8, 0xFF, 0xFA, 0xE0, 0x0A, 0xF8, 0x06,
  0x13, 0xDF, 0xE5, 0x0C, 0xEE, 0xF7, 0x02, 0xF5, 0x06, 0xFA, 0x05, 0x05,
  0xFC, 0x16, 0xF5, 0x0E, 0xDB, 0x0A, 0xFA, 0x04, 0xC2, 0x12, 0xF5, 0x1C,
  0xF4, 0xF0, 0x11, 0x10, 0x10, 0xEE, 0x09, 0x0A, 0xED, 0xFB, 0x1B, 0x0C,
  0x17, 0x1F, 0x00, 0x1A, 0xEB, 0xDE, 0x1A, 0x16, 0x26, 0xF2, 0xF5, 0x06,
  0xF6, 0xDD, 0xFE, 0xEA, 0xFE, 0x14, 0xF8, 0xE5, 0x0E, 0xC0, 0x0D, 0x0C,
  0xFB, 0x09, 0xF8, 0xF8, 0x1F, 0xBD, 0x05, 0xE4, 0xE3, 0xFD, 0xF4, 0x1D,
  0x20, 0xD3, 0xF0, 0xE2, 0x10, 0x14, 0xF4, 0x08, 0x2A, 0xEC, 0x0C, 0x1E,
  0x08, 0xF2, 0xFD, 0x06, 0xFE, 0xF1, 0x27, 0xFD, 0xE7, 0xFD, 0xE8, 0x03,
  0xDD, 0x1B, 0x22, 0x12, 0xD1, 0xF6, 0x08, 0xFA, 0xF3, 0xD2, 0xE4, 0x23,
  0xF2, 0xF7, 0x1B, 0x00, 0x10, 0xDA, 0xE8, 0xFB, 0xFE, 0x12, 0x04, 0x10,
  0x00, 0xE4, 0x06, 0x09, 0xE8, 0xDB, 0x01, 0xFD, 0xE1, 0x0B, 0x01, 0x13,
  0xF9, 0xFD, 0x0A, 0xFF, 0xF2, 0xF5, 0x0D, 0x08, 0xF7, 0x45, 0x05, 0xFA,
  0xF2, 0x00, 0x03, 0x0C, 0xF6, 0xF6, 0xFD, 0xFC, 0x08, 0x13, 0x14, 0xE3,
  0xF0, 0xFF, 0x08, 0xEF, 0x05, 0xF7, 0x0A, 0x03, 0x04, 0xF7, 0xFC, 0xEB,
  0xFC, 0x0A, 0x22, 0x01, 0x0B, 0xF5, 0x1A, 0xF3, 0x08, 0x0B, 0xD6, 0x0A,
  0x12, 0xF0, 0xFA, 0x03, 0xF6, 0xE5, 0xFC, 0x18, 0xCC, 0x24, 0xF5, 0xEC,
  0xFF, 0xF7, 0xD2, 0xF0, 0x17, 0x0D, 0xEF, 0xFD, 0xE1, 0xE0, 0xDB, 0x08,
  0x19, 0xFF, 0xEB, 0xEB, 0xE2, 0xF9, 0xF4, 0xCC, 0xE9, 0x03, 0xEC, 0x3F,
  0x03, 0xFA, 0xF5, 0x28, 0xDB, 0x00, 0xF4, 0xFE, 0x03, 0xD0, 0x07, 0xF7,
  0xED, 0x04, 0x04, 0x10, 0x15, 0xD0, 0xEC, 0x1F, 0xF8, 0x1F, 0x03, 0x1F,
  0x2D, 0xD5, 0x0D, 0x14, 0xFE, 0xCF, 0xEF, 0x00, 0x08, 0xFD, 0x05, 0x04,
  0xF8, 0xF6, 0xF3, 0x06, 0x08, 0x04, 0xF8, 0x08, 0xCA, 0x1A, 0x03, 0x05,
  0x22, 0xF4, 0x08, 0xFB, 0x09, 0xEC, 0x0A, 0xE3, 0xFB, 0xDE, 0xE0, 0xF3,
  0x12, 0x12, 0x17, 0xFA, 0x0C, 0xF5, 0x01, 0xE7, 0xF1, 0xD3, 0x14, 0xFA,
  0xDC, 0xFA, 0xFD, 0xE3, 0xFB, 0xE8, 0x16, 0xFA, 0x03, 0xFB, 0xE3, 0xFE,
  0xEA, 0xED, 0x16, 0xFE, 0x05, 0xF7, 0xD8, 0xFF, 0xF4, 0xF1, 0xF6, 0xF5,
  0x07, 0xEE, 0xDB, 0x14, 0xF4, 0x0C, 0x17, 0xF5, 0xE7, 0x05, 0x00, 0x0E,
  0xEE, 0xF5, 0x08, 0xF1, 0x0C, 0x15, 0xF5, 0xF8, 0x10, 0x04, 0xF8, 0xD9,
  0xF8, 0xF0, 0xFD, 0xE2, 0xF8, 0x05, 0x1D, 0xFE, 0x10, 0x09, 0x00, 0x0D,
  0xD8, 0xFD, 0x0E, 0xFC, 0x02, 0xF3, 0xC9, 0xFF, 0xF7, 0x0D, 0xF2, 0x01,
  0xF0, 0xF9, 0xED, 0x37, 0xEE, 0xFF, 0x09, 0xFA, 0xFE, 0xF6, 0x01, 0xEC,
  0xEB, 0x0E, 0xF8, 0x24, 0x01, 0xE6, 0xD1, 0x23, 0xF0, 0x06, 0xF5, 0xEF,
  0xFB, 0xB8, 0xCB, 0x02, 0xF1, 0x34, 0x07, 0xED, 0x08, 0xB3, 0xE6, 0x0D,
  0xFA, 0xFE, 0x06, 0xE1, 0x19, 0xCB, 0x0C, 0x0B, 0xD5, 0x02, 0xF6, 0xD0,
  0xEE, 0xEE, 0xF2, 0x11, 0xDE, 0x08, 0xD0, 0x03, 0x1A, 0x06, 0xE0, 0x0A,
  0x08, 0x11, 0x06, 0x03, 0x0D, 0xE4, 0xEF, 0x1A, 0x03, 0xF9, 0x02, 0xF5,
  0xF1, 0xEA, 0xF8, 0xF8, 0x0D, 0x00, 0xF8, 0x02, 0x0C, 0x03, 0x13, 0xE3,
  0xFB, 0xD9, 0x1E, 0xFB, 0x09, 0x00, 0x06, 0xDB, 0x0B, 0xFD, 0x06, 0xFA,
  0x1D, 0x06, 0xFD, 0xF3, 0x01, 0x2D, 0x03, 0x00, 0xDF, 0x10, 0xDD, 0xFE,
  0xFE, 0x10, 0x03, 0xFF, 0xDA, 0xF0, 0xDF, 0x04, 0xE7, 0x11, 0x00, 0x04,
  0xE2, 0xF0, 0x07, 0x0A, 0xE6, 0x1E, 0x11, 0xF9, 0xC9, 0x0C, 0xF8, 0xEE,
  0xEF, 0xF1, 0xF6, 0xEC, 0xF5, 0xDE, 0xE9, 0xD9, 0xBD, 0xF1, 0x0F, 0xF5,
  0x08, 0xE5, 0x30, 0x07, 0xFB, 0x11, 0x03, 0xF9, 0xEA, 0x15, 0x12, 0xF4,
  0xF1, 0x1A, 0xFD, 0x03, 0xEF, 0xFC, 0x0E, 0x16, 0xFD, 0xF9, 0x00, 0xF6,
  0xE6, 0xF3, 0x10, 0xC4, 0x03, 0x23, 0xFE, 0x18, 0xEB, 0xE5, 0x20, 0x05,
  0xFE, 0xFF, 0xFE, 0x1D, 0xF3, 0xF2, 0x0A, 0x0D, 0xEA, 0xFD, 0xFD, 0x0E,
  0x1E, 0xED, 0xF8, 0xF3, 0x14, 0xEA, 0xF0, 0xF7, 0x1A, 0xF0, 0x05, 0xF3,
  0x03, 0x09, 0xFF, 0xEC, 0xE4, 0x18, 0x14, 0x0C, 0xFD, 0xEE, 0x02, 0x03,
  0x05, 0x10, 0x1C, 0x0F, 0x17, 0xF0, 0x1C, 0xF8, 0xF5, 0x11, 0xFB, 0x1B,
  0xFF, 0xE6, 0x0E, 0x08, 0xFA, 0x12, 0x07, 0x0D, 0xF3, 0x0A, 0x13, 0xFE,
  0x01, 0xFD, 0xFA, 0xCF, 0xD5, 0x0C, 0xF5, 0x15, 0x05, 0x0B, 0xFC, 0xE9,
  0xFA, 0x08, 0xFD, 0x03, 0x0A, 0x0D, 0x10, 0xEF, 0x0F, 0x00, 0xFE, 0x04,
  0xFE, 0xFF, 0xF5, 0xF6, 0x0E, 0x10, 0xF5, 0xF9, 0xCE, 0xF6, 0x0A, 0x08,
  0x0A, 0xD5, 0x0B, 0xF1, 0xD0, 0x02, 0xCD, 0xF9, 0xF9, 0xF9, 0x03, 0xF4,
  0xF7, 0xDD, 0x08, 0x02, 0xD9, 0xF4, 0x05, 0x12, 0xE2, 0xCA, 0xF9, 0x0E,
  0xE2, 0xF8, 0x02, 0xED, 0x09, 0xE7, 0xF6, 0x0B, 0x11, 0xDB, 0x03, 0xF1,
  0xE5, 0x0C, 0x03, 0xFF, 0xFB, 0x15, 0xFB, 0xEB, 0xED, 0xEC, 0xF6, 0x25,
  0xF1, 0xF7, 0xF0, 0xE9, 0xFC, 0xE5, 0x28, 0xD6, 0xE8, 0x04, 0x03, 0x0C,
  0xF3, 0x14, 0x44, 0xF0, 0xE8, 0x0F, 0x07, 0xF3, 0x02, 0x00, 0x21, 0x19,
  0xD7, 0x1B, 0x10, 0xFF, 0x01, 0xED, 0x0F, 0x12, 0x00, 0xF2, 0xF6, 0xF8,
  0x12, 0xE1, 0xFA, 0xF1, 0xC7, 0x22, 0x02, 0xF7, 0xF8, 0x11, 0x1A, 0x08,
  0x00, 0xF8, 0xCF, 0xEC, 0xF2, 0x10, 0x21, 0xFF, 0xF0, 0x0E, 0x05, 0xED,
  0xEE, 0x1A, 0xEC, 0x24, 0xCE, 0xE9, 0x00, 0xEF, 0x00, 0xFE, 0x03, 0x01,
  0xE1, 0xF9, 0x06, 0xFB, 0x04, 0xFF, 0x06, 0xF3, 0xC9, 0xFA, 0x06, 0x17,
  0xE9, 0xFC, 0xDE, 0xFC, 0x04, 0xFF, 0xE8, 0x03, 0xE2, 0x05, 0xE8, 0x09,
  0x11, 0xF7, 0xED, 0xFE, 0xE5, 0x12, 0x02, 0xFE, 0xFB, 0x0F, 0x09, 0x0E,
  0xCE, 0x0A, 0xEF, 0xF1, 0xF0, 0x22, 0x19, 0xF8, 0xB6, 0xFC, 0xF5, 0xE3,
  0xF9, 0xED, 0x04, 0xEF, 0x08, 0xD7, 0xEC, 0xF4, 0x09, 0xCC, 0x03, 0xDE,
  0x11, 0x03, 0x06, 0xFE, 0xE0, 0x1F, 0x09, 0xF8, 0x01, 0x1B, 0x18, 0xF5,
  0xFD, 0xE0, 0x10, 0xF1, 0xE7, 0x2A, 0xF0, 0x02, 0xD1, 0x2F, 0x04, 0xD2,
  0xDA, 0x07, 0xBB, 0x12, 0x12, 0xDA, 0xFA, 0xD3, 0x05, 0x15, 0xE5, 0xF2,
  0x1F, 0x10, 0xF3, 0x02, 0xFB, 0x0C, 0xF2, 0x02, 0x03, 0x19, 0x0A, 0x00,
  0x10, 0x00, 0xC6, 0xF6, 0xC8, 0xF5, 0xF9, 0xFD, 0x1C, 0x09, 0xED, 0xDF,
  0x09, 0x08, 0xF8, 0x12, 0x20, 0xCC, 0xFE, 0x05, 0xEC, 0xEA, 0xF9, 0x13,
  0xF6, 0x16, 0x04, 0x08, 0xFE, 0xF7, 0x03, 0xF5, 0xFB, 0x1F, 0x12, 0x18,
  0xF5, 0x03, 0x25, 0x0C, 0xEB, 0x0C, 0xFB, 0x0A, 0x02, 0xFE, 0xFB, 0xE8,
  0xEF, 0x06, 0x06, 0x11, 0x20, 0xFC, 0x16, 0xF7, 0xFE, 0xF4, 0x0F, 0xFE,
  0x09, 0xEA, 0x15, 0x08, 0xF6, 0x06, 0x04, 0xFF, 0x0E, 0xFF, 0xF1, 0x0A,
  0xD1, 0x1D, 0x00, 0xF2, 0xE6, 0xEC, 0xFC, 0x07, 0xE8, 0x17, 0xE2, 0x0B,
  0xDE, 0x04, 0xFF, 0x01, 0x02, 0x18, 0x0B, 0x1A, 0xF6, 0xF9, 0x11, 0x14,
  0xEB, 0x0D, 0xE9, 0x09, 0x01, 0xE7, 0x02, 0x11, 0x03, 0xEB, 0xFF, 0x22,
  0x10, 0xEA, 0x11, 0x1F, 0x1B, 0xFE, 0x0C, 0xDA, 0x00, 0x04, 0x01, 0x15,
  0xFF, 0x12, 0xEA, 0xFF, 0xF5, 0xDD, 0x1B, 0x17, 0xF6, 0x0F, 0xE0, 0x14,
  0xFA, 0x0D, 0x09, 0xF2, 0xC5, 0x01, 0xFF, 0xF5, 0xE2, 0xED, 0xF0, 0xFB,
  0xD2, 0xFB, 0xE9, 0xDB, 0x07, 0xEB, 0xF3, 0x17, 0x0D, 0xD5, 0x42, 0xE6,
  0x01, 0xEF, 0xF8, 0x05, 0x0A, 0xEF, 0x2F, 0xD6, 0x0A, 0x19, 0x07, 0x03,
  0x18, 0xD7, 0xFF, 0xE4, 0x1C, 0xFF, 0x00, 0xEE, 0x24, 0xE7, 0xFA, 0xFE,
  0x13, 0x0B, 0x03, 0xF7, 0xF6, 0x1D, 0xFC, 0x01, 0xF1, 0x0C, 0x01, 0xD7,
  0x0E, 0x16, 0xE8, 0xF3, 0xDC, 0x05, 0x14, 0xED, 0xE2, 0x14, 0xF2, 0x0F,
  0xF5, 0x03, 0x13, 0xFD, 0xD9, 0xEE, 0x00, 0x24, 0x00, 0x02, 0x17, 0xFB,
  0xF3, 0x09, 0xE3, 0xF6, 0xFF, 0x01, 0x09, 0xF8, 0x02, 0x07, 0xF3, 0x04,
  0x0D, 0x19, 0x0F, 0xF0, 0xF5, 0x0B, 0xE5, 0xF5, 0xF9, 0xDA, 0x05, 0x1B,
  0xC5, 0x13, 0xDE, 0x06, 0xF7, 0xE3, 0x0B, 0xFF, 0xFF, 0x10, 0xFF, 0xEF,
  0x21, 0x0D, 0x09, 0x03, 0x04, 0x0C, 0xFB, 0x02, 0xFD, 0x04, 0x08, 0x11,
  0xF3, 0x15, 0xCF, 0xEC, 0xD8, 0xE9, 0xFA, 0x0A, 0x08, 0x22, 0x05, 0xFF,
  0xE8, 0xCC, 0x16, 0x0B, 0x07, 0x1B, 0xF1, 0x02, 0x02, 0xEC, 0xFB, 0x0C,
  0x18, 0xF3, 0xF1, 0xE1, 0xCD, 0x15, 0xF1, 0xE6, 0xC9, 0xE8, 0x1E, 0xFE,
  0xF4, 0xF0, 0x1E, 0xF6, 0xD2, 0xD9, 0x1C, 0xE0, 0xEE, 0xE6, 0x08, 0xF0,
  0x05, 0xFA, 0x19, 0xF5, 0x23, 0xEC, 0x0C, 0xFF, 0xEF, 0x06, 0xFD, 0x07,
  0x08, 0xF9, 0xFE, 0x08, 0x19, 0xF6, 0xF6, 0xF3, 0xED, 0xEF, 0x06, 0x1F,
  0x18, 0xFA, 0xFC, 0xFA, 0xEE, 0xFF, 0xF5, 0xE2, 0xF5, 0xF8, 0xF7, 0x17,
  0xE7, 0xF7, 0xF7, 0xF8, 0x07, 0xE3, 0x08, 0x15, 0xEF, 0x01, 0x1C, 0xEB,
  0xF3, 0xEF, 0xEE, 0xD5, 0xED, 0x11, 0x11, 0x07, 0xEA, 0x05, 0xF7, 0x0A,
  0x0A, 0xD9, 0x1F, 0x13, 0xF0, 0x04, 0x0C, 0xF5, 0xF9, 0x01, 0xFD, 0x00,
  0x02, 0x0C, 0x04, 0x08, 0x0E, 0xDD, 0x1D, 0xEF, 0xF2, 0x02, 0xD1, 0xFC,
  0x06, 0xCF, 0x0E, 0x07, 0xFA, 0x1C, 0xF1, 0xED, 0xF8, 0xDB, 0x06, 0x07,
  0x0D, 0x06, 0xFC, 0x10, 0xF1, 0xFD, 0x0C, 0xF6, 0xF8, 0x18, 0xBE, 0xF2,
  0xD2, 0xED, 0x12, 0x12, 0xF3, 0x0C, 0xE0, 0x02, 0xF4, 0xEC, 0x13, 0x0E,
  0xE4, 0x05, 0xEB, 0x16, 0xF2, 0x18, 0xFF, 0x07, 0xE8, 0x0B, 0xF4, 0x15,
  0xF7, 0xE7, 0xFC, 0x1E, 0xEA, 0x13, 0x0C, 0xEF, 0xF0, 0x2A, 0x12, 0x01,
  0xD2, 0xE2, 0x0C, 0xF7, 0x09, 0x25, 0xFC, 0x30, 0xC6, 0x24, 0x17, 0x0A,
  0x21, 0xFD, 0xF7, 0x18, 0xCE, 0xE9, 0xFA, 0xE9, 0xCF, 0xF8, 0x0A, 0xFF,
  0xEF, 0xE4, 0x1E, 0xE4, 0x1B, 0x1B, 0x0C, 0x16, 0x0A, 0xE7, 0xE8, 0xEA,
  0x24, 0x0F, 0xF0, 0x07, 0x0C, 0xDB, 0x13, 0xF5, 0xFC, 0xEA, 0xF8, 0x0C,
  0x01, 0xE2, 0x06, 0x03, 0xF9, 0x03, 0xB0, 0xEB, 0xF3, 0x00, 0xFE, 0x00,
  0xF5, 0x16, 0x19, 0x10, 0xE4, 0x10, 0x19, 0x04, 0xF6, 0xF3, 0xF1, 0x04,
  0xEC, 0x04, 0x02, 0xCB, 0x0C, 0xEF, 0x14, 0x0D, 0x15, 0x01, 0x0D, 0x0E,
  0x1A, 0x16, 0x19, 0x06, 0xF3, 0xFA, 0x13, 0x01, 0xF8, 0xF9, 0x08, 0xEA,
  0xFB, 0x10, 0x07, 0x09, 0xEF, 0x14, 0x04, 0xE8, 0xDC, 0x02, 0xF8, 0x11,
  0xF5, 0x25, 0x08, 0x04, 0xF4, 0x0C, 0x04, 0xEE, 0xFB, 0xFD, 0x05, 0x1B,
  0x07, 0x0F, 0xF0, 0xD5, 0xEC, 0xF1, 0xFB, 0xF4, 0xF1, 0xFE, 0x0B, 0xEC,
  0x0D, 0x03, 0x05, 0x03, 0xEF, 0x11, 0xF6, 0xEE, 0x1D, 0x01, 0xEF, 0x08,
  0xED, 0x16, 0xF3, 0xE3, 0x11, 0x0E, 0xFD, 0xF6, 0x0C, 0xF2, 0x0A, 0xF2,
  0x06, 0x2C, 0xE8, 0xF8, 0xDC, 0xFC, 0x0D, 0x1E, 0x19, 0xFF, 0x08, 0xF9,
  0xD6, 0x01, 0x12, 0x11, 0x25, 0x1D, 0xFB, 0x09, 0x03, 0xED, 0xE5, 0x1B,
  0x06, 0xF4, 0x07, 0x08, 0xFB, 0xD3, 0x17, 0xFE, 0xF0, 0xFD, 0x05, 0xF2,
  0xF9, 0xF1, 0x04, 0x0A, 0x34, 0x19, 0x03, 0x19, 0xE5, 0xD7, 0xE5, 0xF9,
  0x07, 0x0B, 0xFA, 0xEF, 0xF8, 0xED, 0xEA, 0x19, 0x03, 0xEB, 0xC1, 0xDE,
  0x03, 0xEF, 0xD3, 0x06, 0x09, 0xE3, 0xFA, 0xF7, 0xFA, 0xF3, 0x10, 0x2C,
  0xF3, 0xE1, 0x0A, 0x1A, 0xE6, 0x10, 0xE8, 0xFD, 0x0C, 0x08, 0xFA, 0x14,
  0x12, 0xFF, 0xFA, 0x16, 0x13, 0xF7, 0x0C, 0x1D, 0x0A, 0x00, 0xF2, 0x06,
  0x05, 0xE5, 0xF1, 0x0E, 0xF7, 0x08, 0xD3, 0x1B, 0xF6, 0x12, 0x06, 0xFE,
  0xF4, 0x17, 0x14, 0x0B, 0x14, 0xF6, 0x07, 0xED, 0x0A, 0x0A, 0xFC, 0x05,
  0x09, 0x0F, 0x0A, 0x07, 0xED, 0x00, 0x1D, 0x0D, 0xFF, 0x0E, 0x09, 0xFC,
  0x1E, 0xF7, 0x17, 0x04, 0x14, 0xD7, 0xFF, 0xF0, 0x0C, 0x14, 0x28, 0x12,
  0x10, 0xCE, 0x0A, 0xE2, 0x16, 0xFB, 0xD1, 0xDF, 0x09, 0xF2, 0x0D, 0xF0,
  0x0E, 0x10, 0xE2, 0x06, 0xDD, 0x0F, 0x15, 0xF7, 0x03, 0x08, 0x06, 0x0C,
  0xE6, 0x0A, 0x19, 0xD2, 0xF9, 0x04, 0xDE, 0xFE, 0xF9, 0x3A, 0x11, 0xCC,
  0x02, 0x04, 0xCC, 0x13, 0x06, 0x27, 0xFF, 0xD6, 0x0C, 0x00, 0x10, 0x02,
  0x0F, 0xEF, 0x04, 0xF7, 0x02, 0xFD, 0x1A, 0xF5, 0xED, 0x0D, 0x06, 0x36,
  0x00, 0xCB, 0xF6, 0x1F, 0xF7, 0xDC, 0xE9, 0x16, 0xDD, 0x02, 0xEB, 0x06,
  0xFA, 0x1D, 0xEB, 0xDF, 0xCA, 0xF5, 0xCF, 0x1F, 0xF4, 0x0A, 0x08, 0xE5,
  0xFB, 0xF4, 0xF0, 0xE5, 0xEE, 0x18, 0x06, 0x0D, 0xDF, 0x13, 0xEC, 0xDB,
  0x03, 0x18, 0x08, 0x1B, 0xF0, 0x00, 0xFB, 0x0C, 0xEF, 0xDD, 0x02, 0x26,
  0xFA, 0x09, 0x13, 0x12, 0xEB, 0x20, 0x00, 0x31, 0xF0, 0x07, 0x02, 0x09,
  0x0F, 0x26, 0xF8, 0x09, 0xE6, 0x08, 0xD9, 0x0D, 0x03, 0xFA, 0x12, 0xFA,
  0xE5, 0xF0, 0xFD, 0x0D, 0x05, 0xFF, 0xF8, 0x1F, 0xFF, 0xE2, 0xEA, 0xF1,
  0xF8, 0xFA, 0xF0, 0x03, 0x1C, 0x05, 0xF9, 0xE8, 0xEB, 0x11, 0xED, 0x08,
  0x0E, 0x11, 0xF6, 0xDA, 0xF5, 0x09, 0xF7, 0x01, 0x0D, 0x0D, 0xE6, 0xBB,
  0x0D, 0xF0, 0x0B, 0x0C, 0xF5, 0x1F, 0xFC, 0xE9, 0xFE, 0x02, 0xF4, 0x10,
  0x0E, 0x17, 0xEF, 0xDA, 0xD2, 0x18, 0x19, 0xFF, 0xEF, 0x16, 0x1D, 0xCE,
  0xD0, 0x0D, 0x13, 0x15, 0xEE, 0x07, 0x1A, 0xE7, 0x0E, 0xD3, 0x05, 0xF6,
  0x09, 0xF5, 0x01, 0xE9, 0xFF, 0x00, 0xFB, 0x08, 0x19, 0x04, 0xE5, 0xF0,
  0x0E, 0xDD, 0xEE, 0xF8, 0xFE, 0xD9, 0xEB, 0x17, 0xE8, 0x21, 0x02, 0xE0,
  0xDB, 0xF7, 0xC6, 0x03, 0xF7, 0xEF, 0x06, 0xD4, 0xFA, 0xEF, 0x04, 0xFE,
  0xF6, 0xEF, 0xF5, 0xFB, 0xFB, 0xEB, 0x2A, 0xEF, 0xE6, 0xF6, 0x17, 0xFE,
  0x18, 0x01, 0x14, 0xCE, 0x06, 0xF4, 0x03, 0x02, 0x05, 0x02, 0xFB, 0x13,
  0x01, 0x08, 0x03, 0x11, 0x04, 0x13, 0x17, 0x06, 0xE5, 0x19, 0x05, 0x09,
  0x05, 0x09, 0x18, 0x21, 0x0E, 0x22, 0x07, 0x0E, 0xE6, 0xF9, 0xDA, 0x2F,
  0xD0, 0xF3, 0x02, 0x12, 0xC8, 0xEE, 0xE3, 0x0A, 0xDA, 0xC9, 0x0F, 0x1C,
  0xD7, 0xF3, 0xE2, 0x21, 0xDD, 0xFA, 0x0A, 0x06, 0xE8, 0xFF, 0xC7, 0xEB,
  0xE4, 0x0D, 0xFB, 0x03, 0x08, 0xFB, 0xE2, 0xE6, 0xF2, 0x0D, 0xF6, 0xF3,
  0x0C, 0xEB, 0x11, 0xE2, 0xF1, 0xF3, 0xFF, 0xD6, 0xFC, 0xEC, 0xDC, 0xF6,
  0xF4, 0xFB, 0x1B, 0x06, 0x0F, 0xED, 0xFF, 0xF4, 0xCF, 0xE3, 0x01, 0x1B,
  0xD1, 0xF6, 0x24, 0xE8, 0xF5, 0x08, 0x16, 0x18, 0xF3, 0xF4, 0x06, 0xF2,
  0x20, 0xFC, 0xF5, 0x14, 0x00, 0xF3, 0x0A, 0xEE, 0x1F, 0x0D, 0xEE, 0xF1,
  0x0A, 0xDD, 0xF1, 0x14, 0xE8, 0x2D, 0xFB, 0xF9, 0x09, 0xEB, 0xE0, 0xEE,
  0xE8, 0xF1, 0xF9, 0x17, 0xBA, 0x12, 0xEB, 0x13, 0xF2, 0x06, 0xCE, 0xED,
  0xEE, 0xFC, 0x04, 0x1F, 0xED, 0xEF, 0x0C, 0xE1, 0xF9, 0xFD, 0x13, 0xE5,
  0x07, 0xEE, 0x10, 0xF3, 0x13, 0x00, 0xFF, 0xFB, 0x00, 0xF7, 0x0F, 0xF9,
  0x0B, 0x02, 0x02, 0xD6, 0x20, 0xF4, 0xFF, 0x0A, 0x1D, 0x0B, 0x04, 0x14,
  0xF8, 0x13, 0xFE, 0x0C, 0x1F, 0xF7, 0xCD, 0x12, 0x0E, 0x1F, 0x05, 0xF6,
  0x0C, 0xFC, 0x04, 0x05, 0xF3, 0x25, 0x12, 0xE7, 0xE8, 0xFD, 0xE9, 0x02,
  0xED, 0x03, 0x02, 0xF1, 0xF2, 0xEA, 0xF5, 0x22, 0xE0, 0xF8, 0x09, 0xDC,
  0x0F, 0xEF, 0xE5, 0xF9, 0x16, 0xDB, 0x0C, 0xFB, 0xF9, 0xEC, 0xD3, 0x21,
  0xDE, 0x0B, 0xFF, 0xD7, 0x10, 0x0C, 0x09, 0xE3, 0xD1, 0xEF, 0xF7, 0xFB,
  0x20, 0xE8, 0xE7, 0x1E, 0xEA, 0xF3, 0x11, 0x1E, 0x0F, 0xDE, 0xDD, 0x12,
  0x01, 0xF4, 0xFF, 0x24, 0xFE, 0xFE, 0x47, 0xDD, 0xF5, 0x06, 0x0C, 0x15,
  0xED, 0x13, 0xED, 0x11, 0xF1, 0xEE, 0xFF, 0x03, 0xF4, 0x05, 0x02, 0x13,
  0xE3, 0xF9, 0x01, 0xF3, 0x0B, 0x0B, 0xF8, 0xEE, 0xE4, 0x12, 0xE6, 0x10,
  0x02, 0xF5, 0x21, 0xD6, 0xFB, 0x0B, 0x02, 0x11, 0xCA, 0x05, 0xF1, 0x08,
  0xF7, 0xFC, 0xD8, 0xE1, 0xF1, 0xF3, 0xF0, 0x0C, 0xF3, 0xD2, 0xF3, 0xDB,
  0xF3, 0xE5, 0x1B, 0xF8, 0x00, 0xF3, 0xF8, 0x02, 0xFB, 0x0B, 0xFF, 0xDC,
  0x1D, 0x0E, 0x07, 0xF8, 0x03, 0xFB, 0xE4, 0x09, 0x01, 0x11, 0x08, 0x05,
  0x1C, 0x06, 0x1B, 0x03, 0x06, 0xDE, 0xF7, 0x07, 0xFD, 0x0F, 0xF2, 0x05,
  0xF4, 0x01, 0x01, 0xFA, 0x10, 0x03, 0xFC, 0x13, 0xF3, 0x28, 0x12, 0xF8,
  0x00, 0xDA, 0x1F, 0x18, 0xE1, 0x00, 0xFC, 0xDA, 0x0D, 0xF0, 0x1A, 0xFD,
  0xF6, 0xD3, 0x15, 0xE1, 0x0A, 0xF8, 0x04, 0x02, 0xF9, 0xEA, 0xF6, 0xD3,
  0xF4, 0x12, 0xCD, 0x04, 0x12, 0xFD, 0xED, 0xD1, 0x03, 0xFF, 0xE7, 0xE8,
  0xE9, 0xCF, 0x08, 0xF9, 0x0A, 0xDE, 0x06, 0xE7, 0xE5, 0x09, 0xF4, 0x28,
  0x0F, 0xD2, 0xDD, 0xBB, 0x02, 0xFA, 0x04, 0x2A, 0xE2, 0xEA, 0x2C, 0xE6,
  0xF1, 0xFC, 0x13, 0xBB, 0xFC, 0xF2, 0x01, 0xE5, 0xD2, 0x0C, 0xE7, 0xEF,
  0xFF, 0x17, 0xF6, 0x03, 0x1A, 0x0D, 0xF2, 0xF2, 0x03, 0x0A, 0x08, 0xE2,
  0xDE, 0x3F, 0xF9, 0xEE, 0x09, 0xFE, 0x02, 0x14, 0x03, 0x08, 0xF2, 0x28,
  0xDA, 0x0D, 0xD5, 0x09, 0xEF, 0x04, 0xDE, 0xB8, 0xF9, 0xD0, 0x08, 0x15,
  0x1B, 0xE0, 0x12, 0xF9, 0x0E, 0xE7, 0x2B, 0xE7, 0xF1, 0xD8, 0x06, 0xF6,
  0xFE, 0x05, 0x02, 0xD2, 0xEA, 0x19, 0x05, 0xFC, 0x07, 0xF8, 0xEA, 0x3C,
  0x09, 0x09, 0x07, 0xF6, 0x1F, 0x0B, 0x13, 0xF8, 0x14, 0xFA, 0xEF, 0xF5,
  0x1D, 0x14, 0xFE, 0x01, 0xFE, 0x14, 0x14, 0xDF, 0x02, 0xF8, 0xF8, 0x0A,
  0xFC, 0xF1, 0xF6, 0xFA, 0xF7, 0x04, 0xCF, 0xF6, 0xF7, 0x02, 0xFC, 0xDD,
  0xF2, 0xD8, 0xF6, 0x05, 0xB2, 0xEE, 0xFC, 0x23, 0x0A, 0x19, 0x2E, 0x12,
  0xBD, 0xFA, 0xFB, 0x0C, 0x08, 0x0C, 0xD3, 0x37, 0x05, 0xFD, 0xFF, 0xE8,
  0xFF, 0x06, 0x07, 0xEF, 0x1C, 0xF4, 0xF9, 0x06, 0x18, 0xFB, 0x4C, 0xD9,
  0xE0, 0xEA, 0x09, 0xDF, 0x26, 0xF7, 0xFB, 0x0F, 0x08, 0xDF, 0xFE, 0xED,
  0xD3, 0xEC, 0x19, 0x02, 0x02, 0x0A, 0xF1, 0x04, 0xF6, 0x1D, 0xF2, 0xE2,
  0xED, 0x09, 0xFF, 0xF6, 0xFB, 0x1B, 0xFC, 0x00, 0x00, 0xF3, 0xF7, 0xF6,
  0x06, 0x12, 0xE4, 0xEE, 0x00, 0x0E, 0xF2, 0x1F, 0x03, 0xED, 0x05, 0xED,
  0xE3, 0xD8, 0xFC, 0x27, 0xFC, 0xED, 0xF2, 0x03, 0xF5, 0xE1, 0xD4, 0x9C,
  0x08, 0xB9, 0x16, 0x0A, 0x1A, 0xDE, 0x23, 0xDB, 0xF5, 0xF6, 0x16, 0xDC,
  0xF7, 0xC9, 0x0E, 0x19, 0xEF, 0xF2, 0xE6, 0xFB, 0x15, 0xE2, 0xF5, 0xFE,
  0x18, 0x0B, 0x00, 0x00, 0x33, 0xF4, 0xF6, 0x07, 0x22, 0x07, 0x00, 0xDA,
  0xF2, 0x12, 0x01, 0x0A, 0x1B, 0x04, 0xF1, 0xFC, 0xFD, 0x0F, 0xFD, 0xFE,
  0x05, 0xEB, 0xFA, 0xFC, 0x17, 0xF6, 0xF8, 0xD7, 0xE4, 0xF0, 0xB2, 0x0D,
  0xDD, 0x02, 0x05, 0xDF, 0xE0, 0x0C, 0xD5, 0x0F, 0xC2, 0xD6, 0xF8, 0x2B,
  0xDB, 0x05, 0xF2, 0xFD, 0xAF, 0xE6, 0xFF, 0xEB, 0xBD, 0xF9, 0xC1, 0xEA,
  0xBE, 0xE9, 0xF5, 0x2B, 0xED, 0xD0, 0xFA, 0xF6, 0xE0, 0xE4, 0x04, 0x3A,
  0x2E, 0xE9, 0x13, 0xE9, 0xF5, 0x03, 0x01, 0x12, 0x2C, 0xCD, 0xEE, 0xE8,
  0x10, 0x04, 0xED, 0xC3, 0xE4, 0xFF, 0x08, 0xE2, 0x1B, 0xF1, 0x05, 0x04,
  0xF3, 0x0B, 0x06, 0xC5, 0xD8, 0x08, 0xF1, 0x06, 0xF2, 0x04, 0xF2, 0x2F,
  0xF2, 0x1F, 0xE8, 0xEF, 0x01, 0xE7, 0x15, 0xE1, 0xEF, 0xF8, 0xE6, 0x0B,
  0x18, 0xDB, 0x03, 0x06, 0xEB, 0xE8, 0x04, 0x07, 0xEB, 0x0F, 0x0A, 0x0A,
  0xFC, 0xF5, 0xB5, 0xFE, 0xF5, 0xD7, 0x21, 0x15, 0x0A, 0xF5, 0x0F, 0x06,
  0xA7, 0xD3, 0x0B, 0x02, 0x0F, 0xFB, 0x06, 0x03, 0xEA, 0xFD, 0xDE, 0x03,
  0x28, 0xE7, 0xFD, 0xEA, 0x0E, 0x08, 0x15, 0x1A, 0x10, 0x02, 0xEE, 0xEB,
  0x11, 0x05, 0xE1, 0xDF, 0x0B, 0x00, 0xF5, 0x1B, 0x1B, 0xFE, 0xD7, 0x20,
  0xFC, 0xFC, 0xFB, 0xFC, 0x0D, 0x01, 0xE9, 0xF4, 0xDF, 0x14, 0xF9, 0x2B,
  0xE2, 0x15, 0x37, 0xE0, 0xFE, 0xE7, 0x10, 0xF8, 0xCF, 0xF1, 0x08, 0x26,
  0x39, 0x0A, 0x05, 0xE4, 0xDA, 0x0B, 0x0A, 0x08, 0xF0, 0xFD, 0xF8, 0x36,
  0xDD, 0xE1, 0xF8, 0x19, 0x16, 0x01, 0xF3, 0x1C, 0xF4, 0xEA, 0x33, 0x24,
  0x2C, 0x25, 0x0A, 0x2E, 0x17, 0xE3, 0x22, 0x07, 0xF1, 0x0F, 0xFA, 0x2E,
  0x2D, 0xE9, 0x00, 0x18, 0x0E, 0x04, 0xF7, 0x2C, 0x0F, 0xDA, 0x06, 0x13,
  0x28, 0x00, 0x15, 0x18, 0x00, 0xFF, 0xF4, 0xEB, 0xF7, 0xE5, 0x0B, 0x1D,
  0x09, 0xD7, 0x01, 0x10, 0xDE, 0xF5, 0xF0, 0xF5, 0x13, 0xC0, 0xFA, 0xFD,
  0x0F, 0x1D, 0xF3, 0x14, 0x08, 0xD7, 0x32, 0x06, 0xDD, 0xE3, 0xF1, 0xF6,
  0x13, 0x0C, 0x1A, 0x05, 0xD7, 0xF3, 0x00, 0xD8, 0xE3, 0xCF, 0x21, 0x08,
  0xDF, 0xCC, 0xF3, 0xD9, 0x04, 0xF8, 0xD8, 0x16, 0x16, 0xE0, 0x01, 0xEC,
  0xF5, 0xC5, 0x16, 0x0F, 0x11, 0x02, 0xF7, 0xEC, 0xEF, 0xFE, 0x04, 0x0A,
  0xE3, 0x01, 0x0E, 0xCB, 0x04, 0xEF, 0xBB, 0x20, 0xFE, 0x05, 0xFF, 0x17,
  0xF3, 0x1A, 0x29, 0x1D, 0x07, 0xFC, 0x01, 0x10, 0xE5, 0x11, 0x16, 0x08,
  0x81, 0xDD, 0xFA, 0x02, 0xC0, 0xF0, 0xDE, 0x09, 0xC3, 0xED, 0xF4, 0x09,
  0xF2, 0xCB, 0xD4, 0xFD, 0xC1, 0x01, 0xF7, 0xB4, 0xE2, 0xCA, 0xF1, 0xF2,
  0xE5, 0x08, 0xF4, 0xEE, 0xEA, 0xD9, 0xD3, 0x05, 0x04, 0x12, 0xF9, 0x12,
  0xD6, 0xD6, 0xE1, 0xFE, 0x1F, 0x02, 0xEF, 0xFE, 0xE7, 0xFE, 0xD8, 0xE9,
  0xF7, 0xE5, 0xFF, 0x13, 0xF9, 0xFB, 0x02, 0xF8, 0xE4, 0x1B, 0x04, 0x46,
  0x0E, 0xF6, 0x2C, 0xE1, 0xCB, 0x1E, 0xED, 0x1F, 0xF9, 0x04, 0xF9, 0xE8,
  0xEE, 0x1D, 0x06, 0x2C, 0x18, 0xCF, 0xED, 0x20, 0xF4, 0x1E, 0xF3, 0xDF,
  0x00, 0xD1, 0x22, 0xC2, 0x0C, 0x3A, 0x02, 0xFA, 0x08, 0xE1, 0x0F, 0x1A,
  0xF8, 0xE8, 0x09, 0x03, 0xF6, 0x24, 0x36, 0xFA, 0xE4, 0x0C, 0xE0, 0xE6,
  0xC4, 0xCA, 0xC4, 0x01, 0xE4, 0xE1, 0x07, 0xCE, 0x00, 0xF5, 0xC2, 0xEA,
  0xFF, 0x11, 0xF7, 0xE6, 0x12, 0x09, 0xF0, 0xE1, 0x0A, 0x19, 0xF7, 0xDE,
  0xE4, 0x09, 0xE5, 0xF8, 0xA8, 0x07, 0xF8, 0xF8, 0xE6, 0x0E, 0xE6, 0xE5,
  0x00, 0x0B, 0x03, 0x03, 0x15, 0xF5, 0xE5, 0xF1, 0xDA, 0xF2, 0xFB, 0x11,
  0xEB, 0x0F, 0x0F, 0x13, 0xED, 0xFA, 0xFA, 0x2D, 0xF4, 0xCF, 0x17, 0x25,
  0xFF, 0x00, 0xFA, 0x1E, 0x12, 0xE0, 0xD9, 0x10, 0xDD, 0xF3, 0x06, 0xF0,
  0x0F, 0x08, 0xF7, 0x4A, 0xF1, 0xF4, 0x0C, 0xF0, 0x05, 0x0C, 0x13, 0x48,
  0xFA, 0x17, 0x04, 0x39, 0x08, 0x02, 0xE1, 0x47, 0xF0, 0xD6, 0x11, 0xFC,
  0xF8, 0xF9, 0xF8, 0xFB, 0x13, 0xCE, 0xEC, 0x31, 0x27, 0xFD, 0xFB, 0x0A,
  0x21, 0xBE, 0x0A, 0x16, 0x17, 0x1E, 0x16, 0xEC, 0xDA, 0xF3, 0xF6, 0x0D,
  0x1D, 0x16, 0x14, 0x08, 0xE3, 0xF0, 0x0D, 0xE3, 0x1B, 0x0D, 0x1C, 0x14,
  0x0F, 0x09, 0xFC, 0x0F, 0x11, 0x12, 0x26, 0xC5, 0xF0, 0x0F, 0x01, 0x01,
  0x0E, 0x2A, 0x32, 0x44, 0xF6, 0xFF, 0xF7, 0xFC, 0xFB, 0x15, 0x06, 0x09,
  0xE0, 0x06, 0x32, 0x0B, 0xC6, 0xE4, 0x0B, 0x08, 0xF3, 0xF0, 0xFB, 0x19,
  0xF3, 0x08, 0x06, 0x12, 0x0E, 0x2C, 0x19, 0xF7, 0x1C, 0x06, 0xE9, 0x1A,
  0x0D, 0xFB, 0x07, 0x06, 0xF4, 0x17, 0x06, 0x0D, 0xEB, 0xF3, 0x0D, 0x04,
  0xF1, 0x0B, 0x11, 0xFD, 0x19, 0xFF, 0x01, 0x16, 0x0F, 0x0F, 0xFD, 0x11,
  0x1A, 0xFC, 0xF9, 0xFC, 0xD8, 0xDC, 0x0F, 0xF8, 0x0B, 0x12, 0xF5, 0x00,
  0xE2, 0xDE, 0x0E, 0x0F, 0x15, 0x1E, 0xDA, 0x06, 0xF8, 0xE7, 0x0E, 0xF9,
  0x3A, 0xFC, 0x04, 0x07, 0x05, 0xF5, 0x04, 0x26, 0x0A, 0xF5, 0xE8, 0x11,
  0xFE, 0xF2, 0x22, 0xCD, 0x25, 0xF9, 0xED, 0xFC, 0x06, 0x00, 0xFE, 0xF8,
  0x10, 0x08, 0x07, 0x05, 0xF6, 0x0D, 0x16, 0xF2, 0xDE, 0xF2, 0x07, 0x04,
  0x26, 0x0C, 0xFB, 0xE4, 0x05, 0x20, 0xFB, 0xFE, 0x0C, 0x07, 0x17, 0xEE,
  0xFA, 0xF9, 0xFB, 0xFE, 0x02, 0x06, 0x16, 0xF9, 0x0E, 0x0F, 0xF7, 0xF9,
  0x22, 0x02, 0x0B, 0xF6, 0xF1, 0x00, 0x00, 0xF6, 0x23, 0x03, 0xF7, 0xF1,
  0x13, 0x1A, 0x06, 0x15, 0x24, 0x25, 0x1F, 0x16, 0x0A, 0x1B, 0xF9, 0xFA,
  0x59, 0xE1, 0x2D, 0xEB, 0xF0, 0x2B, 0xF0, 0xF9, 0x12, 0xE2, 0x29, 0xDD,
  0xF3, 0x2D, 0xF0, 0x12, 0xE6, 0x00, 0x0D, 0x30, 0x4B, 0x2A, 0x00, 0x0B,
  0x11, 0x07, 0x37, 0x04, 0x15, 0x46, 0x00, 0x0B, 0x3C, 0xFD, 0x1B, 0x27,
  0x0C, 0x3E, 0xF7, 0x12, 0x32, 0x0B, 0x10, 0x0D, 0x3E, 0x27, 0xF0, 0x04,
  0x15, 0xF5, 0xFC, 0x1E, 0x34, 0x42, 0x07, 0x13, 0x31, 0x02, 0xF5, 0x11,
  0x35, 0x15, 0x03, 0x07, 0x2A, 0x07, 0xD8, 0xE8, 0x45, 0xD0, 0xF4, 0x0F,
  0x03, 0xF6, 0x0E, 0xDD, 0x1B, 0x1A, 0xF3, 0x09, 0xDD, 0x08, 0xE2, 0x09,
  0x1B, 0xDF, 0xFD, 0x0C, 0x01, 0x1A, 0xC5, 0xDB, 0xF8, 0xD7, 0xF1, 0xF4,
  0xF6, 0x04, 0xD2, 0x15, 0xFC, 0x04, 0x0E, 0xF2, 0x59, 0x0A, 0xE7, 0xB3,
  0x1E, 0xE9, 0x0C, 0xE8, 0x02, 0x0F, 0xCD, 0xE4, 0x13, 0x1B, 0x02, 0x0B,
  0xEC, 0x0B, 0x1D, 0xEA, 0xEC, 0x0E, 0xF3, 0xF6, 0xB2, 0x22, 0xF0, 0xCD,
  0xFE, 0x1B, 0xED, 0xE9, 0xE8, 0xF5, 0x35, 0xBB, 0x0C, 0xE6, 0xF5, 0xC0,
  0xD9, 0xF1, 0xDC, 0x06, 0x14, 0x0A, 0x0D, 0xCA, 0xB9, 0x03, 0xCB, 0xE4,
  0x05, 0x15, 0xFB, 0x81, 0x13, 0xD8, 0x1D, 0xF4, 0xE7, 0xF4, 0xF3, 0x06,
  0x4B, 0xEA, 0xC8, 0x1D, 0x18, 0xEF, 0xF1, 0xC2, 0xF8, 0xFA, 0x00, 0x6B,
  0xF7, 0x04, 0xF4, 0xED, 0xE2, 0x08, 0x1A, 0x2B, 0xC1, 0xF4, 0xF7, 0x03,
  0x06, 0x0C, 0x32, 0xF1, 0xB5, 0xE6, 0x00, 0xF4, 0x0F, 0x2E, 0x08, 0x08,
  0xE3, 0xE5, 0xF8, 0xEC, 0x06, 0x0C, 0xFE, 0xF5, 0xEA, 0x09, 0x06, 0x00,
  0x27, 0xFC, 0xF1, 0xDC, 0x24, 0xCF, 0x08, 0xE9, 0xF9, 0x0A, 0xCC, 0x53,
  0x2E, 0xD4, 0x00, 0xF3, 0xFC, 0x19, 0xA9, 0x6A, 0x28, 0xE0, 0x02, 0xEC,
  0x03, 0x04, 0xEC, 0x79, 0xE9, 0xBA, 0xF3, 0xE1, 0x13, 0x14, 0x06, 0x10,
  0xEC, 0xEF, 0x0C, 0xE2, 0x07, 0x1F, 0x02, 0xF5, 0xF9, 0xCE, 0x0A, 0xF4,
  0x0E, 0x08, 0xFA, 0x0C, 0x11, 0x07, 0xFF, 0xED, 0xF8, 0xF7, 0x1A, 0x3D,
  0x15, 0x0B, 0x13, 0x04, 0x10, 0x0E, 0x01, 0xF4, 0xFB, 0x05, 0xF8, 0xF5,
  0xE6, 0xF4, 0x07, 0x18, 0x3D, 0x25, 0xEA, 0xF8, 0xB3, 0xE8, 0xE4, 0x3A,
  0xF4, 0xC3, 0xEC, 0xF8, 0xD8, 0x05, 0x16, 0x63, 0x0C, 0x0B, 0xEB, 0xDF,
  0xB5, 0x3B, 0xE5, 0xD7, 0xE6, 0xEF, 0xFC, 0xA4, 0x0D, 0xB5, 0xFD, 0xFD,
  0x31, 0x00, 0x0D, 0xF3, 0x38, 0x4D, 0xD1, 0xF6, 0x22, 0x12, 0xFA, 0xF2,
  0xFE, 0xDA, 0x11, 0x08, 0xF9, 0x2E, 0xE8, 0xE7, 0xFC, 0xEE, 0x29, 0x0C,
  0xCB, 0x28, 0x05, 0xF1, 0x30, 0xF0, 0xF7, 0xF2, 0x9C, 0x17, 0xFD, 0xF7,
  0x12, 0x09, 0xF0, 0xFF, 0xDD, 0xF4, 0xF6, 0xDC, 0x0A, 0xF4, 0xF2, 0xFD,
  0xBF, 0x16, 0x0C, 0xDE, 0x15, 0x11, 0xF5, 0x0E, 0x1B, 0xF0, 0xFF, 0xE6,
  0x03, 0x31, 0x0F, 0x14, 0x3C, 0xFC, 0xF9, 0xCE, 0xFE, 0x75, 0xF6, 0xCA,
  0x19, 0xF1, 0x1A, 0xED, 0x04, 0xFD, 0xBF, 0xDB, 0x1D, 0xBF, 0x03, 0xF6,
  0xFA, 0xEF, 0x01, 0xE9, 0xB2, 0xFB, 0x08, 0xF2, 0xE7, 0xF6, 0xE6, 0xFC,
  0xD3, 0xE1, 0x1E, 0xED, 0xFC, 0x32, 0xF8, 0xC1, 0xE3, 0x16, 0x07, 0xF4,
  0xF3, 0x43, 0x21, 0xAA, 0x0E, 0xCA, 0xFD, 0xF1, 0x1F, 0xE6, 0x3B, 0xED,
  0x01, 0xFE, 0xF4, 0xE1, 0x0E, 0x06, 0xFE, 0x41, 0x07, 0xFD, 0x13, 0x13,
  0xF6, 0x61, 0x23, 0xCD, 0x17, 0x0A, 0x06, 0x35, 0xD4, 0x48, 0x44, 0xF1,
  0xFA, 0xEF, 0x04, 0x10, 0xEE, 0x28, 0xDF, 0x16, 0x05, 0xF8, 0x0C, 0xEE,
  0xF6, 0xE6, 0xF8, 0x07, 0x31, 0x0C, 0xDF, 0xDF, 0x26, 0x2A, 0xEF, 0xE3,
  0x26, 0x0B, 0xF4, 0xFE, 0xFE, 0xFB, 0xF7, 0x0D, 0xEC, 0x23, 0x03, 0xF7,
  0x1E, 0xDF, 0x2B, 0x09, 0xBC, 0x13, 0xEE, 0xFF, 0x1A, 0x1E, 0xEC, 0xFA,
  0xD0, 0x21, 0x03, 0x14, 0x20, 0x11, 0x16, 0x0A, 0xFF, 0x01, 0xFC, 0x13,
  0xFD, 0x31, 0xFC, 0x0D, 0xF4, 0x0A, 0xFF, 0x0A, 0xD4, 0x25, 0xFC, 0x1D,
  0xE5, 0x0C, 0xFC, 0xFA, 0xEA, 0x18, 0xD9, 0x46, 0xF9, 0x0E, 0xE9, 0x08,
  0xC4, 0x5F, 0xEB, 0xFC, 0x18, 0xF7, 0x19, 0xFB, 0xE2, 0x1A, 0xE0, 0x10,
  0x00, 0xE4, 0x0D, 0xFA, 0xF5, 0xAA, 0x14, 0xD9, 0xE9, 0xFC, 0x18, 0xFB,
  0xE6, 0xC0, 0xE9, 0xD5, 0xEB, 0xF7, 0x19, 0x00, 0xD4, 0xCA, 0xF6, 0xEA,
  0xF8, 0x26, 0x07, 0xFF, 0xF9, 0xB6, 0x04, 0xE9, 0x05, 0x27, 0xFC, 0x0F,
  0x03, 0xF1, 0x26, 0xE1, 0xFE, 0xE3, 0xEE, 0x08, 0xD4, 0xFB, 0x20, 0x12,
  0x14, 0xED, 0xFC, 0x18, 0xE1, 0xFE, 0x0D, 0xED, 0x0C, 0x0C, 0x03, 0x0B,
  0xD3, 0x13, 0xF3, 0x1A, 0xF7, 0xE3, 0xED, 0x0F, 0xD5, 0x29, 0xD2, 0xDD,
  0x21, 0x12, 0xE3, 0x1B, 0x10, 0x0D, 0x11, 0xF9, 0x27, 0xF6, 0xEE, 0xEB,
  0xEF, 0x04, 0x0A, 0x0C, 0x40, 0xE7, 0xFA, 0xFB, 0x1B, 0xFE, 0x10, 0x08,
  0x0F, 0xF0, 0x12, 0xFC, 0x24, 0xE1, 0xDE, 0x24, 0xC2, 0x18, 0xEF, 0x06,
  0x2B, 0x16, 0x24, 0xE3, 0xE3, 0x1C, 0x0C, 0xFA, 0xF0, 0x26, 0xF2, 0xF9,
  0x00, 0x1F, 0xFF, 0x0B, 0xF2, 0x3D, 0xC3, 0xCD, 0x06, 0xF8, 0xFB, 0x18,
  0xF3, 0x14, 0x08, 0x25, 0x1A, 0xD8, 0x00, 0xFF, 0x03, 0x48, 0xF9, 0x1D,
  0x05, 0xEA, 0xF4, 0x09, 0xF4, 0x04, 0xE0, 0x08, 0xFF, 0xE4, 0x11, 0x05,
  0x12, 0xF0, 0xEF, 0x05, 0x08, 0xFA, 0x1B, 0xE5, 0xEB, 0xDE, 0xEB, 0xEA,
  0x01, 0xF8, 0x17, 0xF9, 0x0A, 0xD9, 0x15, 0xEA, 0xEB, 0x1D, 0x1B, 0xF8,
  0xF8, 0xDC, 0x0C, 0xDC, 0xED, 0xF8, 0x2D, 0xEF, 0xFA, 0xF2, 0x05, 0x06,
  0xDF, 0xCD, 0x12, 0xF8, 0xF9, 0xF0, 0x09, 0x0B, 0xF2, 0xED, 0x12, 0x17,
  0xDA, 0x03, 0xF7, 0xFA, 0x15, 0xEB, 0x1C, 0xFB, 0xF0, 0x09, 0x08, 0xF1,
  0xF8, 0xEF, 0x25, 0xDC, 0xE2, 0x10, 0x2C, 0x02, 0x00, 0xEB, 0x0F, 0xEB,
  0xDF, 0x0B, 0x0B, 0xF5, 0x05, 0x12, 0x03, 0xFA, 0x1F, 0x30, 0xE5, 0xF7,
  0x33, 0xF7, 0x0F, 0xF4, 0x2E, 0x03, 0xD5, 0xEB, 0x26, 0x13, 0xFC, 0xF9,
  0x13, 0x2B, 0xE3, 0xF3, 0xE9, 0x0E, 0xFA, 0x0A, 0xFE, 0x13, 0x04, 0x0E,
  0xD9, 0x07, 0x04, 0x09, 0x03, 0x0B, 0x0A, 0xEA, 0xD8, 0x16, 0x19, 0x06,
  0x04, 0xFE, 0xE4, 0xEB, 0xFB, 0x04, 0x01, 0x01, 0x15, 0x10, 0xE6, 0xFA,
  0x0B, 0xD9, 0x0E, 0x06, 0x15, 0x33, 0x04, 0x11, 0x12, 0xEC, 0x05, 0xF0,
  0x0A, 0x1B, 0xD3, 0x2C, 0xF8, 0xEB, 0x00, 0xE7, 0xF9, 0x25, 0xBC, 0x2D,
  0x08, 0xFF, 0x15, 0xF4, 0x2E, 0x15, 0xE4, 0xF1, 0xFD, 0xC8, 0x10, 0x06,
  0xFD, 0xEF, 0xF3, 0xED, 0xDB, 0x15, 0x1C, 0xE8, 0x0E, 0xFC, 0x09, 0xD0,
  0x11, 0xF1, 0x13, 0xFC, 0xF7, 0xF6, 0xFC, 0x12, 0xEF, 0x0F, 0x24, 0xF9,
  0x11, 0x04, 0x1A, 0xFE, 0x02, 0xE3, 0x2B, 0x03, 0x1B, 0x1E, 0x1D, 0xE9,
  0x0B, 0x03, 0x2D, 0xE3, 0xF2, 0x02, 0x14, 0xD5, 0x3B, 0xE5, 0x23, 0x0D,
  0x02, 0x11, 0x16, 0xFC, 0x17, 0xF6, 0x03, 0xE8, 0xE8, 0x16, 0x3B, 0xE1,
  0x23, 0xF0, 0x0B, 0xC2, 0xCD, 0x41, 0xDE, 0xB5, 0x04, 0x4A, 0x04, 0xFB,
  0x0A, 0xFE, 0xF0, 0x01, 0x12, 0x05, 0x00, 0x08, 0x1C, 0x0D, 0xF3, 0x0A,
  0x1F, 0x05, 0x0D, 0xFF, 0xF5, 0x25, 0xF6, 0x22, 0xE2, 0x31, 0x12, 0x17,
  0x04, 0xEB, 0x1B, 0x07, 0xCA, 0x0F, 0x04, 0xFA, 0x0A, 0xE9, 0x0B, 0xF5,
  0xD6, 0x16, 0xFB, 0x10, 0x11, 0xF2, 0x13, 0x08, 0xE5, 0x1F, 0xF9, 0xF6,
  0x21, 0xFC, 0xEC, 0x10, 0x16, 0xF7, 0x08, 0xFB, 0x1A, 0xFE, 0x0E, 0x20,
  0x10, 0xFB, 0x06, 0xF7, 0x0B, 0x39, 0xF4, 0xF7, 0xF6, 0xE4, 0xE9, 0x07,
  0x06, 0x00, 0xED, 0x12, 0xFE, 0xF9, 0x09, 0x0A, 0x08, 0xF3, 0xF1, 0x16,
  0xF2, 0xD3, 0x2F, 0x08, 0x07, 0xF8, 0xDC, 0xE6, 0xEE, 0xCC, 0xFD, 0xF6,
  0xED, 0xFB, 0x0D, 0xCA, 0x0E, 0xFC, 0x0A, 0xEE, 0xF0, 0x14, 0x09, 0x03,
  0xF8, 0x0D, 0x16, 0xEE, 0xFA, 0xFA, 0xEE, 0x03, 0x09, 0xEC, 0x0F, 0xFA,
  0x0E, 0x06, 0xF0, 0xE6, 0x1C, 0xFE, 0x16, 0xF6, 0xFF, 0x0B, 0x40, 0x0C,
  0x0D, 0x0B, 0x07, 0x06, 0xD7, 0x26, 0x0A, 0xE0, 0x19, 0xCE, 0xF8, 0x29,
  0xE1, 0x17, 0x27, 0x09, 0x0D, 0xF3, 0xE8, 0x0F, 0xD1, 0x1E, 0xFE, 0xDE,
  0x1C, 0x14, 0xF6, 0x48, 0x02, 0x1A, 0xFA, 0xF1, 0x1A, 0xF4, 0x03, 0xE8,
  0x05, 0x08, 0x13, 0xFE, 0x06, 0xF9, 0xE8, 0xFB, 0xF5, 0x27, 0xEF, 0xDC,
  0xEF, 0x0B, 0xF6, 0x01, 0x05, 0xFF, 0xF3, 0x26, 0xCB, 0xEE, 0x14, 0xEB,
  0x0A, 0x04, 0xDB, 0xE4, 0xCE, 0x12, 0x08, 0xFB, 0x00, 0x05, 0x05, 0xFB,
  0xF6, 0xFA, 0xF3, 0x0E, 0x0F, 0x0C, 0xF0, 0x05, 0xF6, 0xE0, 0x05, 0x01,
  0x11, 0x08, 0xFF, 0x1C, 0x16, 0xDB, 0x0C, 0xF5, 0x15, 0x18, 0x22, 0x17,
  0x01, 0xE7, 0x0D, 0xFC, 0x14, 0x1A, 0xEC, 0x0C, 0xEF, 0xEA, 0xED, 0x04,
  0x14, 0xF4, 0x0F, 0x15, 0xEE, 0xF8, 0x1B, 0x08, 0x0D, 0xF5, 0xF8, 0xDE,
  0xF9, 0xEF, 0x13, 0x12, 0x04, 0xED, 0xF1, 0xEB, 0x13, 0xEE, 0x24, 0xF5,
  0x01, 0xF8, 0x02, 0x01, 0x2F, 0x10, 0x03, 0xFD, 0x0E, 0xF5, 0x0B, 0xF1,
  0x0A, 0xEB, 0x24, 0x00, 0x01, 0x10, 0xEB, 0xFE, 0x0E, 0xFC, 0x16, 0x0B,
  0x05, 0x14, 0xF1, 0x04, 0xF4, 0xFF, 0x18, 0xF8, 0xEA, 0xF1, 0x04, 0xE6,
  0xF7, 0x0A, 0x0C, 0x0B, 0xFF, 0xFC, 0x13, 0x1F, 0xE6, 0x14, 0x11, 0x04,
  0xC8, 0x18, 0xF6, 0xF0, 0x2C, 0x00, 0xFB, 0x08, 0x09, 0xDE, 0xFD, 0x07,
  0x2B, 0xF9, 0x15, 0xF7, 0x19, 0x0C, 0xF4, 0x0C, 0xF0, 0x11, 0xDE, 0xED,
  0x0A, 0x0E, 0x06, 0xE5, 0xF0, 0x24, 0x1D, 0xFB, 0xFD, 0x02, 0xEC, 0xE9,
  0xDE, 0xFD, 0x05, 0xF7, 0xFD, 0x05, 0x02, 0x09, 0xE9, 0xF5, 0x18, 0xF8,
  0xF7, 0x01, 0xF9, 0x01, 0xF0, 0xF1, 0x0F, 0xF9, 0x03, 0x0C, 0xEB, 0x16,
  0xF8, 0xF2, 0xF4, 0xFE, 0x1A, 0x19, 0xFF, 0x1B, 0x06, 0xFB, 0x0A, 0x0C,
  0x20, 0xFC, 0xCF, 0xF6, 0xEB, 0xE3, 0x00, 0xFB, 0x1B, 0x12, 0xE3, 0x1B,
  0xF8, 0xFF, 0x0B, 0x08, 0x22, 0x1E, 0x0B, 0x01, 0xFF, 0xFF, 0xFE, 0xFB,
  0x0F, 0xF5, 0xE8, 0xED, 0xFB, 0xE4, 0x13, 0x06, 0x03, 0xFA, 0x12, 0xFA,
  0xE3, 0xFC, 0x09, 0xE5, 0x08, 0xFE, 0x01, 0xFA, 0x01, 0x17, 0x12, 0x00,
  0xFE, 0xF6, 0x09, 0x03, 0x02, 0x0B, 0x1A, 0x0D, 0xF4, 0x02, 0xE8, 0x03,
  0x00, 0x16, 0xFF, 0xF3, 0x06, 0xEC, 0xC9, 0x0E, 0x25, 0xEA, 0x02, 0x10,
  0xE4, 0xF5, 0xE1, 0xC2, 0x00, 0x0B, 0xFD, 0x1C, 0xF2, 0xFF, 0x0B, 0xD4,
  0xE8, 0xFB, 0x09, 0x14, 0xE6, 0x36, 0xF1, 0x03, 0x3C, 0xE4, 0x13, 0x10,
  0x17, 0xFB, 0xF4, 0x01, 0x24, 0xF2, 0x09, 0x02, 0x16, 0x0D, 0xF4, 0x0E,
  0x0F, 0xF3, 0x06, 0xF5, 0x06, 0x13, 0x18, 0xEA, 0x01, 0x14, 0xFB, 0x09,
  0x1A, 0x0B, 0x07, 0xEB, 0xD3, 0x06, 0x1A, 0x13, 0xEF, 0x03, 0xFD, 0xEE,
  0x00, 0x11, 0x0D, 0xF3, 0x1F, 0x18, 0x11, 0xFD, 0xF3, 0xE8, 0x12, 0x10,
  0x20, 0x09, 0xFC, 0xF8, 0xF6, 0x1A, 0x01, 0x08, 0x0E, 0x0C, 0xF6, 0x20,
  0x10, 0xD5, 0xEC, 0x14, 0x1F, 0x1F, 0xF6, 0x22, 0xF9, 0xD3, 0xFD, 0x0E,
  0x32, 0x0E, 0xCF, 0x25, 0xF9, 0xF2, 0x09, 0xEF, 0x0D, 0x15, 0x08, 0x02,
  0xDA, 0x22, 0x12, 0x1E, 0xED, 0xEC, 0xD4, 0xE0, 0x07, 0xC3, 0x07, 0x0B,
  0x0E, 0xF5, 0xF9, 0x14, 0xF9, 0x0D, 0x11, 0x0C, 0xFB, 0xFC, 0xE2, 0x0E,
  0x11, 0xF7, 0x0F, 0x0F, 0x03, 0x0F, 0x2D, 0x08, 0xD5, 0x2D, 0x1A, 0x1F,
  0xEE, 0x0C, 0x04, 0xFD, 0xF0, 0x17, 0x20, 0xF3, 0x05, 0xE0, 0x23, 0x01,
  0x13, 0xFA, 0xF8, 0x07, 0xF8, 0xEE, 0x58, 0xFD, 0x21, 0x1C, 0x08, 0x01,
  0xE5, 0xEE, 0x3D, 0x0B, 0xF1, 0xF7, 0x0D, 0xF2, 0xDC, 0x2D, 0xEE, 0x10,
  0x12, 0x39, 0x19, 0xEE, 0xFB, 0x01, 0xFD, 0x0A, 0x29, 0x16, 0x12, 0x0E,
  0x19, 0x1A, 0xE7, 0xE9, 0x06, 0x18, 0xED, 0x07, 0x06, 0x10, 0xF6, 0x0A,
  0xEF, 0xEE, 0x3A, 0x0A, 0xF6, 0x17, 0xFC, 0xDF, 0xA4, 0xF9, 0xFE, 0x02,
  0x09, 0x09, 0x00, 0xF4, 0xE8, 0xFD, 0x17, 0xFE, 0x0D, 0xFF, 0x21, 0x0F,
  0x1F, 0x04, 0xF7, 0x14, 0x15, 0x02, 0x03, 0x08, 0x1B, 0x38, 0xF2, 0x08,
  0x14, 0x06, 0xF1, 0x1D, 0x2B, 0xF4, 0xE3, 0x0A, 0x0E, 0x06, 0xFB, 0xF8,
  0xE7, 0xE8, 0xF2, 0xF2, 0x14, 0xEC, 0xF1, 0xF6, 0xDB, 0x10, 0x22, 0x02,
  0x24, 0x0D, 0xF0, 0xD9, 0xD6, 0xFE, 0xFE, 0xF4, 0xF4, 0xFA, 0xE3, 0xFE,
  0xD2, 0xE3, 0x04, 0x01, 0x10, 0x02, 0x0D, 0x0A, 0x02, 0x32, 0xEB, 0xE8,
  0xF3, 0xFC, 0xDB, 0xF1, 0x1A, 0x0A, 0x23, 0x09, 0x1E, 0x02, 0x03, 0x09,
  0x22, 0x06, 0x30, 0x01, 0xEC, 0xFB, 0x19, 0xF4, 0x09, 0x45, 0x0C, 0xD1,
  0xEA, 0x26, 0xD3, 0x22, 0xFA, 0x13, 0xF5, 0x05, 0xF3, 0x1A, 0xF7, 0x12,
  0xF2, 0xE5, 0xF8, 0x00, 0xF2, 0x28, 0x04, 0x06, 0xF5, 0x09, 0x1A, 0x02,
  0xE6, 0x3A, 0xF5, 0x0D, 0xFB, 0x24, 0xF0, 0x2D, 0x0C, 0xF6, 0xF1, 0xFC,
  0x32, 0xF8, 0xD5, 0x20, 0x0A, 0x17, 0x11, 0x0C, 0x16, 0x15, 0xF8, 0x15,
  0x03, 0x11, 0xFD, 0xEE, 0xE7, 0x05, 0x0B, 0x1E, 0x18, 0x1A, 0xEE, 0xCD,
  0xDD, 0xF1, 0x08, 0x19, 0x00, 0x11, 0x20, 0xEF, 0x0E, 0x07, 0x04, 0x0F,
  0xF4, 0x09, 0x13, 0x0B, 0xF5, 0x03, 0xEE, 0x1F, 0xFB, 0x1F, 0x18, 0x1B,
  0x1C, 0x28, 0xF1, 0xDF, 0x29, 0x0C, 0x07, 0x10, 0x1F, 0x15, 0xFC, 0x07,
  0x1A, 0x1E, 0xE0, 0x15, 0xDC, 0xEF, 0xFB, 0x0B, 0x17, 0x06, 0x07, 0x15,
  0xE4, 0xEF, 0xF1, 0xFE, 0x0D, 0xF2, 0x15, 0x33, 0x00, 0x01, 0xFF, 0xF0,
  0x03, 0xE5, 0xDA, 0xF4, 0xF9, 0x1A, 0x01, 0xFA, 0xE4, 0xF2, 0x1F, 0x0A,
  0xF6, 0x21, 0x16, 0xFA, 0xE5, 0x11, 0xE2, 0x2E, 0x45, 0xF0, 0x28, 0x2B,
  0x0E, 0xF3, 0xDD, 0x17, 0x11, 0xFF, 0xF1, 0xFC, 0xEF, 0x27, 0xD4, 0xF4,
  0x0E, 0x24, 0x00, 0x1B, 0xED, 0x0C, 0xCA, 0x2B, 0xF8, 0x26, 0xFF, 0x20,
  0x09, 0xD9, 0xEF, 0xE5, 0x13, 0x01, 0x16, 0x15, 0xED, 0x08, 0x12, 0x05,
  0x25, 0xE0, 0x10, 0xF8, 0xF0, 0x17, 0xFE, 0x20, 0x28, 0x2A, 0x05, 0x1E,
  0x0B, 0x0B, 0x01, 0xFC, 0x28, 0x04, 0x00, 0x21, 0x0A, 0x30, 0xE8, 0x09,
  0xFD, 0x0E, 0xD8, 0x14, 0x02, 0x1B, 0x09, 0x1E, 0x12, 0xFA, 0xF9, 0x0B,
  0x0C, 0x17, 0x04, 0xD7, 0xF0, 0x1B, 0x05, 0x0D, 0x0C, 0x13, 0x03, 0xF9,
  0x05, 0x09, 0x08, 0xFD, 0xFB, 0x05, 0xEF, 0x03, 0x0A, 0x28, 0xCE, 0x02,
  0x18, 0x0E, 0x20, 0x15, 0x0D, 0x37, 0xD8, 0xFE, 0x1C, 0xFE, 0xF0, 0x15,
  0xFC, 0x12, 0xFA, 0x1B, 0x04, 0xFE, 0xEC, 0x07, 0xF5, 0xFB, 0xFB, 0x10,
  0x00, 0xF2, 0x19, 0x23, 0xFD, 0xF9, 0xDE, 0xE5, 0x11, 0xEB, 0x0E, 0xF6,
  0xFB, 0x1F, 0xE6, 0xFA, 0x00, 0x10, 0xF7, 0xFC, 0xF3, 0xE7, 0x07, 0x11,
  0x10, 0xED, 0xF6, 0xF2, 0xFC, 0x05, 0x23, 0xCB, 0xF9, 0xEA, 0xDF, 0x32,
  0x2B, 0xFF, 0xFD, 0x19, 0x0C, 0x1E, 0xE8, 0x0F, 0xEC, 0xD6, 0x1C, 0xEE,
  0xFA, 0xF6, 0xED, 0xDA, 0xDD, 0x0D, 0x07, 0x11, 0xEC, 0x23, 0x20, 0x12,
  0x40, 0x19, 0xFF, 0x0C, 0x32, 0x0D, 0xEA, 0x16, 0x06, 0xE9, 0xFE, 0x11,
  0x00, 0x2B, 0x16, 0x09, 0xFB, 0x03, 0x04, 0xF4, 0x00, 0x31, 0xE2, 0x17,
  0xFA, 0x28, 0x12, 0x14, 0xDF, 0x25, 0xED, 0x0E, 0x1F, 0x2E, 0x32, 0x1E,
  0xF9, 0x14, 0xFA, 0xFC, 0xF2, 0xF7, 0xE0, 0xFD, 0xED, 0x1E, 0x02, 0xF5,
  0xF5, 0xFF, 0x00, 0x17, 0x0E, 0xFD, 0x16, 0xFD, 0xEE, 0x0A, 0xE2, 0x12,
  0xF0, 0x21, 0x09, 0xD4, 0xE6, 0xF4, 0xE8, 0xFD, 0xFC, 0x09, 0xF1, 0xFE,
  0x26, 0xE4, 0xF7, 0x0D, 0x15, 0x11, 0xFE, 0xE8, 0x1B, 0xD7, 0xE8, 0xF7,
  0x22, 0x21, 0xF8, 0xEF, 0xF4, 0xF8, 0xF7, 0x0D, 0x08, 0x12, 0xF0, 0x0F,
  0x08, 0xE2, 0x07, 0xF9, 0x07, 0x01, 0xE4, 0x2A, 0xFD, 0x17, 0xF4, 0x04,
  0x0F, 0xFF, 0xFA, 0x1B, 0xE9, 0xF2, 0xFF, 0x12, 0x04, 0xE9, 0xEF, 0x2B,
  0xE2, 0xD4, 0x22, 0xFF, 0x1F, 0xF0, 0x07, 0x27, 0xEF, 0xF2, 0xFC, 0xF9,
  0xF3, 0xFE, 0xE7, 0xFE, 0xE3, 0xE4, 0x1D, 0xE7, 0xF3, 0x16, 0xE3, 0xF8,
  0xF9, 0xF2, 0x20, 0x32, 0x1A, 0xE7, 0xF0, 0xDC, 0xE4, 0xEF, 0x11, 0x0D,
  0xFE, 0x20, 0x47, 0xDE, 0x2A, 0x0A, 0xE1, 0xF7, 0x0C, 0x35, 0xFB, 0x17,
  0x0F, 0xFD, 0xE2, 0x17, 0xFF, 0x21, 0x10, 0xFA, 0xE6, 0xD4, 0x00, 0xF3,
  0x11, 0x52, 0xF9, 0x0E, 0x32, 0x14, 0x09, 0x17, 0xE9, 0x14, 0xF0, 0x04,
  0x12, 0x16, 0x24, 0x39, 0xF8, 0xF5, 0xFC, 0xF8, 0x04, 0x12, 0xFE, 0x1C,
  0x00, 0x0B, 0x0D, 0xD3, 0x12, 0x0B, 0xE4, 0x23, 0x08, 0xFA, 0x20, 0xF4,
  0xF5, 0xD9, 0x00, 0x04, 0xF7, 0x11, 0x0D, 0xFE, 0xF7, 0x21, 0xE5, 0x03,
  0xED, 0x18, 0x06, 0xFD, 0x15, 0x1B, 0xF5, 0x04, 0xFF, 0xF9, 0x24, 0x03,
  0x0D, 0x0B, 0xE7, 0x0B, 0x1B, 0x05, 0xD7, 0x0B, 0x06, 0x17, 0xEB, 0x22,
  0xE3, 0x06, 0xF5, 0x02, 0xF7, 0xDB, 0xFF, 0x08, 0x11, 0x09, 0xD5, 0x03,
  0xF1, 0xD8, 0xF8, 0x1A, 0xF9, 0xEC, 0xDB, 0xFC, 0xE8, 0x0C, 0x20, 0x11,
  0xFA, 0x03, 0xD4, 0xF6, 0xF7, 0x25, 0xFC, 0x1E, 0x0E, 0x0D, 0x0A, 0x34,
  0x03, 0xF4, 0xFC, 0x14, 0x05, 0x08, 0x0D, 0x1E, 0x03, 0xEF, 0xFF, 0x0F,
  0xF9, 0xF8, 0xEA, 0xEE, 0xFE, 0x00, 0x12, 0x36, 0xFE, 0x01, 0x00, 0x01,
  0x33, 0xCA, 0xED, 0x4B, 0x19, 0x11, 0x45, 0xE5, 0x31, 0xF2, 0xF3, 0x27,
  0x0D, 0x10, 0xD7, 0x08, 0xF6, 0x3B, 0xF0, 0x18, 0x05, 0x29, 0xED, 0x21,
  0x0F, 0xF1, 0x04, 0xAE, 0xFF, 0x3F, 0xFE, 0xDD, 0x0F, 0x41, 0x10, 0xE0,
  0xFB, 0xE6, 0x00, 0x00, 0x12, 0xFD, 0xFC, 0x23, 0x03, 0x0A, 0x12, 0xE3,
  0xFD, 0xF6, 0x03, 0x35, 0x06, 0x08, 0x1D, 0x06, 0x01, 0xDB, 0x08, 0x17,
  0x11, 0x01, 0x0B, 0xFF, 0x09, 0xDB, 0xE9, 0x01, 0x11, 0x1E, 0x0B, 0xF7,
  0x09, 0x22, 0x01, 0xF9, 0x0E, 0x0A, 0xFF, 0xF9, 0x31, 0xF5, 0x04, 0xE1,
  0x16, 0x00, 0x19, 0x05, 0x03, 0xEA, 0xFE, 0xF0, 0x07, 0x07, 0x12, 0x0C,
  0xED, 0xF6, 0xFE, 0x0C, 0x12, 0x22, 0xFC, 0x1D, 0xEC, 0xE7, 0x0D, 0x04,
  0xF6, 0x15, 0xEA, 0x12, 0xD8, 0xEC, 0x1A, 0xED, 0xD9, 0xED, 0xE6, 0x08,
  0xF1, 0xDD, 0x1C, 0x0D, 0xE6, 0xFE, 0x07, 0x0C, 0xEC, 0xFF, 0x00, 0xFA,
  0xEE, 0x02, 0x06, 0x21, 0xEF, 0x0E, 0x0D, 0xFF, 0x10, 0xDF, 0xEB, 0x29,
  0xF4, 0x1E, 0x06, 0x06, 0xEB, 0x08, 0x25, 0x2A, 0x10, 0x02, 0xE9, 0x06,
  0xFA, 0xFD, 0xF1, 0xFB, 0x33, 0xF9, 0xEC, 0xF0, 0x1C, 0xFF, 0xDD, 0xFB,
  0xFE, 0x47, 0x03, 0x32, 0x0B, 0x0E, 0x10, 0xED, 0x09, 0x38, 0x04, 0x1B,
  0xF0, 0x0B, 0x1B, 0xFA, 0xE1, 0x1F, 0xFB, 0x14, 0xEA, 0x3D, 0xED, 0xFB,
  0x46, 0xF8, 0x0D, 0x28, 0x00, 0xF8, 0x05, 0x02, 0x0D, 0x2F, 0x04, 0x18,
  0xF6, 0x05, 0xE5, 0xFA, 0x0B, 0xFD, 0x1C, 0x32, 0xF4, 0xF6, 0xED, 0x12,
  0x14, 0xE3, 0x00, 0x37, 0xFC, 0x02, 0x0D, 0x13, 0x00, 0xF8, 0x07, 0x07,
  0x15, 0x1D, 0x38, 0xE6, 0x2C, 0xDC, 0x13, 0x02, 0x1F, 0xF5, 0xFF, 0x02,
  0x46, 0xF8, 0x04, 0xF1, 0x12, 0x0B, 0xE6, 0xFA, 0xFA, 0x10, 0xEF, 0xF6,
  0x28, 0x1C, 0x05, 0xFA, 0x18, 0xFB, 0xEC, 0xE7, 0x33, 0x10, 0x11, 0x18,
  0x13, 0x01, 0xFB, 0x0F, 0x2F, 0x20, 0xE5, 0xEA, 0xF7, 0xF8, 0xFB, 0xFF,
  0x05, 0x0A, 0x07, 0x34, 0xFF, 0xCE, 0x0A, 0xFB, 0x00, 0x13, 0x00, 0x06,
  0x02, 0xF5, 0x0E, 0x05, 0xF1, 0x1D, 0xEC, 0x06, 0x01, 0x10, 0x07, 0x14,
  0xFD, 0x16, 0xF2, 0x09, 0xEA, 0x0A, 0xE9, 0xFC, 0xFE, 0x18, 0x03, 0xEB,
  0x08, 0x15, 0x1F, 0x0B, 0x20, 0x12, 0xE5, 0x0E, 0x20, 0xF8, 0xF4, 0xE7,
  0xF9, 0x15, 0x17, 0x02, 0x12, 0x06, 0x0A, 0x07, 0x17, 0x19, 0x11, 0x0E,
  0xDD, 0xFB, 0x04, 0x2F, 0x05, 0x35, 0x39, 0xF0, 0xF2, 0xE0, 0x05, 0x09,
  0xE5, 0x15, 0xF0, 0x0E, 0x2A, 0x20, 0x1A, 0xEF, 0x07, 0xD6, 0xFC, 0x0B,
  0x04, 0x10, 0x3B, 0x05, 0xFD, 0xE2, 0xDD, 0xE9, 0x15, 0xF7, 0xFF, 0x26,
  0xEF, 0xF6, 0x05, 0xF6, 0x06, 0x03, 0xF6, 0x2A, 0xF7, 0x28, 0x1A, 0xD1,
  0x0E, 0x13, 0x01, 0x2E, 0x08, 0x0C, 0x04, 0x21, 0x12, 0xFA, 0x15, 0x0D,
  0xFC, 0xFA, 0xFF, 0x0C, 0x27, 0xE8, 0xFB, 0xFA, 0x0D, 0x10, 0x2B, 0xFB,
  0x1A, 0xDC, 0xF8, 0xFA, 0x15, 0x0C, 0xF5, 0x21, 0xF8, 0xFF, 0xF6, 0x2F,
  0x26, 0x13, 0x22, 0xE3, 0x08, 0xF6, 0xF5, 0x1C, 0x16, 0x14, 0xE7, 0xF9,
  0xFB, 0x09, 0x0F, 0xFE, 0x09, 0x23, 0xC5, 0x0B, 0xDE, 0x22, 0x0A, 0x04,
  0x07, 0x11, 0x00, 0xED, 0x1E, 0xED, 0x0F, 0x0F, 0xEA, 0xEB, 0xD0, 0x10,
  0xF5, 0x1F, 0x16, 0x0B, 0xF8, 0x08, 0xD6, 0xE8, 0x11, 0x11, 0xF5, 0xEE,
  0xFD, 0x15, 0xD1, 0xCF, 0x0B, 0x1D, 0xFF, 0xF4, 0x1A, 0x02, 0xD9, 0x19,
  0x17, 0xEB, 0xED, 0xEE, 0x13, 0xE2, 0x39, 0xC2, 0x1A, 0x05, 0xFD, 0xFF,
  0x13, 0x15, 0xFC, 0xFB, 0x22, 0x08, 0x12, 0x2D, 0xEE, 0x03, 0x03, 0x0E,
  0x0B, 0x07, 0x11, 0x14, 0xE5, 0x1A, 0xAA, 0x3E, 0x1A, 0xFA, 0xF3, 0x13,
  0xFE, 0xC5, 0x01, 0x12, 0x00, 0x08, 0x05, 0x09, 0xE2, 0xE0, 0xF1, 0x0D,
  0xF6, 0x13, 0x24, 0x12, 0xFD, 0x04, 0xED, 0xF1, 0xFE, 0xF3, 0x1D, 0x1A,
  0x00, 0xF2, 0x06, 0xF6, 0x01, 0xF6, 0x04, 0x40, 0x08, 0x10, 0x0F, 0xD5,
  0x02, 0xE5, 0x08, 0x02, 0x1E, 0x16, 0xE7, 0xFA, 0x22, 0x1F, 0x0B, 0xF0,
  0x0F, 0x05, 0xEB, 0x14, 0x1C, 0x03, 0xE8, 0xF6, 0x1A, 0xF2, 0xE0, 0xF4,
  0xFE, 0xDA, 0xF9, 0xEF, 0x24, 0xFF, 0xD0, 0xE6, 0x0C, 0x03, 0x0E, 0x24,
  0x14, 0xFF, 0xF1, 0xFD, 0xBE, 0x13, 0xF1, 0x25, 0x1B, 0xFA, 0xE4, 0xF0,
  0xEF, 0xF9, 0x02, 0x24, 0x03, 0xE5, 0x22, 0xF0, 0xF0, 0xFF, 0x22, 0x25,
  0x16, 0xF5, 0xE1, 0x09, 0x15, 0x25, 0x0D, 0x11, 0xFD, 0x0A, 0xD2, 0x07,
  0xFE, 0xE7, 0xF8, 0xED, 0xF7, 0x08, 0xFD, 0x11, 0x04, 0x0E, 0x0E, 0x06,
  0x24, 0x01, 0xEB, 0x17, 0x19, 0x1A, 0xD9, 0x4D, 0x0F, 0x0B, 0x23, 0x21,
  0x3D, 0x11, 0x04, 0x20, 0x01, 0xFB, 0x13, 0xFD, 0xFA, 0xEE, 0x11, 0x2C,
  0x03, 0xEE, 0x05, 0x01, 0x0D, 0xBA, 0xFA, 0x0A, 0x02, 0x08, 0xF1, 0xE9,
  0x1D, 0x23, 0xF1, 0xFA, 0x11, 0xE0, 0x06, 0x10, 0x0A, 0x1F, 0xFF, 0x18,
  0xEF, 0x02, 0xF2, 0x09, 0xEB, 0xF4, 0xF2, 0xED, 0xDA, 0xF0, 0xF1, 0x0A,
  0x16, 0xF2, 0xF6, 0x06, 0x15, 0xF3, 0x0E, 0x1F, 0x16, 0xE0, 0x07, 0x23,
  0x22, 0xF6, 0x12, 0xBD, 0x11, 0xD9, 0x05, 0xF8, 0xFA, 0x01, 0x11, 0x1B,
  0xE8, 0xFC, 0x1A, 0xDE, 0x1A, 0xFD, 0xDD, 0x10, 0x0C, 0xFB, 0xFD, 0x16,
  0x1B, 0x01, 0xF7, 0xF1, 0xDE, 0xF1, 0xFF, 0x08, 0x2A, 0xF4, 0xFE, 0xF4,
  0xC8, 0xF1, 0xEF, 0x2F, 0x25, 0x09, 0xF8, 0x11, 0xEC, 0xF9, 0x15, 0xD0,
  0x05, 0xD1, 0xBE, 0x0D, 0xF8, 0x0C, 0x13, 0x06, 0x0B, 0xD5, 0xFC, 0xDE,
  0xFD, 0xF6, 0x06, 0x00, 0x0B, 0xD9, 0xE3, 0xF7, 0xBE, 0xF6, 0xF2, 0xF7,
  0xFD, 0xEF, 0xD2, 0x28, 0x1F, 0x14, 0xF5, 0x24, 0xF7, 0xF0, 0xED, 0xE5,
  0xE8, 0x07, 0xF8, 0x1D, 0x2F, 0x0E, 0x25, 0xF1, 0x18, 0xE2, 0x22, 0x24,
  0x13, 0xEC, 0x20, 0x0C, 0x26, 0x29, 0xFF, 0x28, 0x0D, 0xE2, 0x19, 0x10,
  0xFE, 0x0B, 0x0A, 0x2A, 0xFA, 0xF2, 0x45, 0x2A, 0x41, 0xE6, 0x0A, 0xF7,
  0xEE, 0x14, 0xE1, 0x08, 0x5C, 0x38, 0xDD, 0xD5, 0x05, 0xF0, 0xD0, 0x03,
  0xFE, 0x22, 0x1B, 0x32, 0xFD, 0x04, 0xEC, 0xFD, 0xDC, 0xDF, 0xDE, 0xE5,
  0xE7, 0xFF, 0xF2, 0x08, 0x32, 0x01, 0xF0, 0xDD, 0x0C, 0x10, 0x19, 0xF3,
  0x09, 0xF7, 0x0B, 0x0B, 0x19, 0x01, 0x08, 0xE4, 0xFD, 0xF9, 0x09, 0xF3,
  0x14, 0x01, 0xEE, 0x38, 0x17, 0x01, 0x0F, 0xD1, 0x0F, 0x06, 0xEB, 0x0E,
  0xED, 0xF8, 0xFC, 0xF7, 0x13, 0xFE, 0xF7, 0xF5, 0xBD, 0x15, 0xFA, 0x0B,
  0x0B, 0x04, 0x11, 0xDB, 0x06, 0xE9, 0xF7, 0x2F, 0x23, 0xEE, 0x11, 0x07,
  0xEC, 0x11, 0x09, 0xB1, 0x0D, 0xDB, 0xD2, 0x0C, 0x0A, 0x10, 0x18, 0xFF,
  0x05, 0xD2, 0x06, 0x15, 0x3D, 0x08, 0x04, 0xDA, 0x0F, 0xF3, 0xF4, 0x03,
  0x0C, 0xFB, 0x00, 0xB2, 0xCF, 0xE9, 0xC7, 0x04, 0x14, 0x0F, 0xF4, 0xD3,
  0xF0, 0xE8, 0xDC, 0x2B, 0x14, 0xD6, 0x09, 0x3E, 0x18, 0xFD, 0xF7, 0x0C,
  0xDE, 0x02, 0x09, 0x11, 0x2C, 0xE6, 0x0C, 0x3D, 0x2E, 0x11, 0x06, 0x0E,
  0x0F, 0x06, 0x18, 0xD6, 0x0A, 0xFB, 0x00, 0x3F, 0xEF, 0x15, 0x0C, 0x20,
  0x32, 0xED, 0xFF, 0x17, 0xFA, 0x11, 0xF8, 0x0B, 0x47, 0x0F, 0xFC, 0xF4,
  0xDC, 0xDF, 0xE2, 0xF7, 0xEF, 0x39, 0x2B, 0x07, 0xF7, 0xEE, 0xD5, 0xFF,
  0xFC, 0xEC, 0xEE, 0xF9, 0x05, 0x04, 0xF6, 0xF7, 0x24, 0xD9, 0x08, 0xF1,
  0x05, 0x1C, 0x20, 0xF0, 0x08, 0xEE, 0xEE, 0x1B, 0x22, 0xFF, 0xEA, 0xE1,
  0x0B, 0xEE, 0xFF, 0xF4, 0x04, 0x04, 0x12, 0x19, 0x02, 0x05, 0x0A, 0xF4,
  0x04, 0x17, 0x0A, 0xFF, 0xD6, 0x27, 0xF6, 0xFA, 0xF7, 0x00, 0x0B, 0x1A,
  0xF2, 0x0E, 0x03, 0xDB, 0x02, 0xE1, 0xAB, 0x00, 0xE4, 0x20, 0x0A, 0x2D,
  0x05, 0xFA, 0x0E, 0xEB, 0xB6, 0xFC, 0x06, 0x08, 0xE5, 0xF4, 0x3D, 0xF8,
  0xE9, 0x1E, 0x08, 0xE9, 0xDE, 0xF9, 0x11, 0xF4, 0xB5, 0x12, 0x1F, 0xF9,
  0x0C, 0xEB, 0xE1, 0xC8, 0xE2, 0xD8, 0x10, 0xC2, 0xD8, 0xEB, 0xC8, 0xF9,
  0x33, 0xD3, 0xED, 0xBD, 0xEF, 0xF7, 0x01, 0xF8, 0xF8, 0xEA, 0x0F, 0xC6,
  0x04, 0x01, 0x00, 0xD6, 0xE7, 0xEA, 0xEA, 0xC9, 0xEA, 0x04, 0x21, 0x18,
  0x11, 0x43, 0xDF, 0x08, 0x12, 0x24, 0x12, 0xDF, 0x2C, 0x37, 0xFD, 0x4F,
  0xFB, 0x39, 0x2C, 0x11, 0x10, 0x1D, 0xF6, 0xE1, 0xF4, 0x26, 0xB0, 0x19,
  0x65, 0x23, 0xFA, 0x08, 0xD5, 0xD2, 0xFB, 0x04, 0x0E, 0x43, 0xF1, 0x3D,
  0x09, 0x01, 0xFC, 0xFF, 0x28, 0x05, 0x04, 0x04, 0xFA, 0xF5, 0x11, 0xE2,
  0x10, 0xF6, 0x01, 0xF7, 0xED, 0x0A, 0xD7, 0xE8, 0x1E, 0xD5, 0xEB, 0xFC,
  0x25, 0x1A, 0xFF, 0xFB, 0x20, 0xE9, 0xF2, 0x21, 0x0A, 0x3A, 0x27, 0xE4,
  0x03, 0x15, 0xFC, 0xC0, 0x17, 0xF8, 0xCC, 0xEA, 0xFF, 0x16, 0x0A, 0xD3,
  0x1B, 0xDC, 0x1F, 0x03, 0x4B, 0x2B, 0x00, 0xC6, 0x06, 0xFA, 0xD9, 0xF0,
  0x12, 0x24, 0x05, 0xCE, 0x1B, 0xF1, 0xE6, 0x1D, 0xF4, 0x1B, 0x07, 0x7B,
  0xEF, 0xE3, 0xF4, 0x20, 0xDC, 0x2D, 0xF3, 0x10, 0x05, 0x00, 0xEC, 0x13,
  0xF7, 0xE7, 0xF2, 0xEA, 0xF7, 0xFC, 0x06, 0x26, 0x03, 0xF3, 0x0F, 0x29,
  0x00, 0xD4, 0x13, 0x2E, 0x44, 0x0C, 0x0C, 0xD8, 0x02, 0xFE, 0x0B, 0x26,
  0x11, 0xE5, 0x0A, 0xC7, 0xEC, 0xF2, 0xD1, 0x1B, 0x22, 0xEC, 0x00, 0x06,
  0x00, 0x1A, 0x05, 0x1D, 0x1F, 0xFB, 0x09, 0xED, 0xDF, 0x1D, 0x3D, 0xC0,
  0x25, 0x0C, 0x0A, 0x3F, 0x1D, 0x38, 0x02, 0x35, 0xF1, 0xA8, 0xFA, 0x24,
  0xF8, 0x29, 0x06, 0x10, 0x41, 0x23, 0xE6, 0xEF, 0x0D, 0xDA, 0xEA, 0xFC,
  0x11, 0x1C, 0xF0, 0x48, 0x0D, 0x03, 0x28, 0x02, 0xF8, 0x19, 0xD9, 0x28,
  0xE1, 0x15, 0x12, 0x3F, 0xF9, 0xDD, 0xF5, 0x20, 0xDB, 0xF4, 0x0F, 0x23,
  0xE2, 0xDE, 0xF9, 0x29, 0x18, 0x05, 0x0C, 0xED, 0x4E, 0xFD, 0x06, 0xF4,
  0x09, 0x00, 0x1F, 0xFE, 0x20, 0xE8, 0x0F, 0xEC, 0x1A, 0x17, 0x10, 0xEA,
  0x25, 0x09, 0x01, 0xF9, 0x3E, 0xF5, 0x0C, 0xC6, 0xDC, 0xEC, 0x05, 0xB4,
  0x0F, 0x37, 0x06, 0xE2, 0xE3, 0x06, 0xEE, 0xE2, 0x26, 0x36, 0x09, 0x26,
  0xCE, 0xFF, 0xED, 0xFA, 0x16, 0x16, 0xF8, 0xBB, 0xE9, 0x06, 0xF2, 0x14,
  0xED, 0xF1, 0xF1, 0xCC, 0x18, 0xD2, 0xE9, 0xBF, 0xF7, 0x0E, 0x16, 0x9F,
  0x1C, 0xE3, 0xE9, 0x16, 0xF2, 0x20, 0x05, 0x1C, 0xE4, 0x43, 0x11, 0xD6,
  0xDF, 0x02, 0xC8, 0x0D, 0xBF, 0x23, 0xEE, 0xE5, 0xF4, 0xAC, 0xDC, 0x20,
  0x33, 0x00, 0x17, 0xEF, 0xDF, 0xE5, 0xFE, 0xF8, 0x35, 0x14, 0xE8, 0x4A,
  0xCE, 0xF5, 0xC1, 0xF1, 0x00, 0xFA, 0x05, 0x04, 0xEB, 0xFC, 0xDF, 0x56,
  0x28, 0x1D, 0xEA, 0xFF, 0xEF, 0xD3, 0xDE, 0xC1, 0x0D, 0x43, 0xDF, 0x05,
  0x3F, 0xF5, 0xFA, 0xF3, 0x06, 0x01, 0xA6, 0x01, 0x3B, 0x31, 0xEE, 0xEB,
  0xEA, 0x23, 0xFC, 0xEF, 0xFD, 0xFC, 0xFD, 0x10, 0xF9, 0x02, 0xEC, 0x08,
  0xCB, 0xDA, 0x0E, 0xFC, 0x22, 0x0F, 0xE8, 0x15, 0xFC, 0xF6, 0xF4, 0xFB,
  0x29, 0x27, 0xDB, 0x0B, 0xFB, 0xFE, 0xE4, 0xF7, 0xFD, 0x08, 0x0B, 0x02,
  0x08, 0xE5, 0xFE, 0x06, 0xF4, 0xEA, 0x00, 0x0E, 0x64, 0x35, 0x09, 0x0A,
  0xEB, 0xDB, 0xF8, 0xFD, 0x14, 0x52, 0x24, 0xE1, 0xD3, 0x14, 0x2C, 0xFC,
  0xF1, 0x22, 0x04, 0x06, 0xBE, 0x26, 0x11, 0xEC, 0xE4, 0x03, 0x0D, 0xDD,
  0xED, 0xF7, 0x20, 0xFC, 0xE9, 0x0E, 0xDB, 0x39, 0xE6, 0xD8, 0x11, 0x08,
  0x05, 0x08, 0x13, 0x1E, 0xFB, 0xF0, 0xFC, 0xEB, 0x04, 0x25, 0xFD, 0x06,
  0x38, 0x19, 0xEE, 0x01, 0xC8, 0xEF, 0xF3, 0x30, 0x01, 0xD1, 0xF1, 0x11,
  0xDC, 0xCF, 0xFE, 0x04, 0x02, 0x0E, 0x04, 0x00, 0xEE, 0x0F, 0xD8, 0x06,
  0x0D, 0xF5, 0x06, 0xF6, 0xD7, 0x12, 0xE5, 0x08, 0x40, 0xFB, 0xFC, 0x06,
  0xEC, 0x04, 0x0F, 0x14, 0xFB, 0xF2, 0xEA, 0xEA, 0x02, 0xF9, 0xC2, 0xED,
  0xEB, 0xFA, 0xEE, 0x08, 0xC0, 0x14, 0xEB, 0xE1, 0x05, 0xDD, 0x39, 0xF0,
  0xEA, 0x05, 0xE0, 0x07, 0x8F, 0xCA, 0x28, 0xF0, 0xF6, 0x0F, 0xD3, 0xAF,
  0xA5, 0xE9, 0x20, 0xEF, 0x0F, 0x04, 0xD1, 0xE0, 0xD5, 0xC5, 0x0F, 0xFC,
  0xFC, 0x01, 0xF6, 0xF4, 0x21, 0xE7, 0x17, 0xFD, 0x00, 0xFD, 0xF8, 0xEE,
  0x0C, 0xE3, 0x11, 0x10, 0xE9, 0xFD, 0x15, 0x1D, 0xD8, 0xC4, 0x0A, 0xF1,
  0xF4, 0xEF, 0xF6, 0xFF, 0xD1, 0xE1, 0x05, 0x0B, 0xE5, 0x02, 0x06, 0xFE,
  0x09, 0x2A, 0x11, 0xF5, 0xD8, 0xFD, 0x02, 0x0C, 0xBE, 0x04, 0xEC, 0xFA,
  0xF4, 0xDD, 0x33, 0xDF, 0xD4, 0xF8, 0xF8, 0x09, 0xF7, 0xEB, 0x15, 0x18,
  0xF9, 0x06, 0x0F, 0x06, 0xD2, 0xEE, 0xEA, 0xEE, 0x01, 0xC2, 0x02, 0x06,
  0xD6, 0xEF, 0xDE, 0x21, 0xE0, 0xC1, 0x05, 0x0F, 0xF8, 0xE6, 0xFE, 0xF1,
  0xEE, 0x81, 0xF5, 0xF1, 0xE9, 0xDC, 0x01, 0x1C, 0x33, 0xC5, 0x08, 0xFC,
  0x00, 0xEA, 0xDE, 0xEB, 0x05, 0xBC, 0x01, 0xE2, 0x08, 0xFF, 0xF1, 0x06,
  0x05, 0xCE, 0x13, 0xE3, 0xFA, 0xF8, 0xE4, 0x0C, 0x0D, 0xD0, 0x12, 0xD6,
  0xEA, 0xF8, 0xC1, 0x05, 0xDD, 0xE9, 0x10, 0xDD, 0xEC, 0x01, 0xFD, 0xFB,
  0xFB, 0x2C, 0x45, 0x04, 0xCA, 0xFE, 0x21, 0xF9, 0xEE, 0x0F, 0x1C, 0x09,
  0xE1, 0x01, 0x04, 0xBC, 0x14, 0xFF, 0x23, 0x0E, 0xFF, 0xFC, 0xFE, 0xEE,
  0x59, 0xE2, 0x23, 0x0B, 0x1B, 0xF2, 0x03, 0x17, 0x5E, 0xFF, 0x03, 0xFC,
  0x14, 0xEF, 0xF4, 0x18, 0x32, 0x2F, 0x0D, 0xF2, 0xFE, 0x03, 0x28, 0x09,
  0x1F, 0xEE, 0xF6, 0xF6, 0xF7, 0x09, 0xDE, 0xFD, 0x19, 0x37, 0x04, 0x18,
  0x0E, 0xEF, 0x08, 0x08, 0x2E, 0x0E, 0xFE, 0x1D, 0xE8, 0xEA, 0x3A, 0xBA,
  0xDF, 0x1F, 0x00, 0x2A, 0x1B, 0xE1, 0x3E, 0xD3, 0xFD, 0x34, 0xF8, 0x18,
  0x05, 0xF7, 0x15, 0x12, 0x1D, 0x24, 0xFA, 0x1E, 0xF6, 0xDA, 0xEE, 0x08,
  0xFE, 0x53, 0x00, 0x34, 0xFF, 0xCF, 0x23, 0xE3, 0x1C, 0x1A, 0x02, 0x2A,
  0xF6, 0xD8, 0xFC, 0xDC, 0x0C, 0x02, 0x04, 0x0C, 0xD8, 0xF1, 0x3B, 0x2A,
  0x2C, 0xE8, 0xFF, 0x29, 0xD3, 0x0F, 0xBA, 0xF6, 0x0E, 0xA9, 0xEF, 0x22,
  0x02, 0x10, 0xEE, 0xFB, 0x1B, 0xDB, 0x08, 0x04, 0xE9, 0xF8, 0xEF, 0xEE,
  0x26, 0xAD, 0xFC, 0xF4, 0xE8, 0xB0, 0xF1, 0xF2, 0xF5, 0x05, 0x13, 0xF2,
  0xF4, 0xAB, 0xE4, 0x15, 0xF4, 0x0B, 0x13, 0x20, 0xEE, 0x91, 0x0F, 0x00,
  0xBB, 0xFE, 0xFC, 0x20, 0xF1, 0xFA, 0xFF, 0xF0, 0x01, 0xF1, 0x1A, 0x22,
  0xE8, 0xE5, 0xDA, 0x05, 0x40, 0xC8, 0xFD, 0x1E, 0xDE, 0xF1, 0xDC, 0x24,
  0x38, 0xC4, 0x05, 0x0B, 0xF3, 0xEA, 0xEB, 0xF5, 0x3D, 0xF3, 0x11, 0x0D,
  0xF5, 0xE7, 0xEF, 0x08, 0x0A, 0xD7, 0xFA, 0x1F, 0xE8, 0x07, 0xE3, 0x0F,
  0xE1, 0x0D, 0x1A, 0x18, 0x05, 0xD3, 0xFE, 0xDE, 0x15, 0xFC, 0x0D, 0x07,
  0x12, 0xA3, 0x11, 0xE1, 0x04, 0x0B, 0xF0, 0x0E, 0x02, 0xE5, 0x12, 0xED,
  0x0B, 0x20, 0xF0, 0x1E, 0x05, 0x07, 0xF6, 0xF6, 0x1B, 0x27, 0xF0, 0x14,
  0x16, 0xF8, 0xE0, 0x1D, 0x1D, 0x25, 0xF4, 0x24, 0x00, 0xC1, 0x0E, 0x11,
  0x1D, 0xE6, 0xF7, 0x0D, 0x0A, 0xDC, 0xEE, 0x03, 0x2A, 0x0B, 0xE3, 0x1E,
  0xF8, 0xFC, 0x18, 0x28, 0x23, 0xE5, 0x02, 0x08, 0xEE, 0xF3, 0x08, 0xE3,
  0xF9, 0xF6, 0xF8, 0x04, 0xE5, 0xC9, 0xDF, 0x20, 0x27, 0xE3, 0xF6, 0xE4,
  0xE3, 0xBF, 0xB8, 0x1C, 0x06, 0xC4, 0xFB, 0xF9, 0xDA, 0xF2, 0xD0, 0xE3,
  0x12, 0xEB, 0xF8, 0xFB, 0xF6, 0xC9, 0xEC, 0x13, 0x05, 0x19, 0x15, 0x19,
  0xF0, 0xED, 0x16, 0xEC, 0x00, 0x00, 0x1C, 0x1C, 0xFE, 0xF9, 0xE8, 0xCA,
  0xF8, 0xE0, 0x00, 0xFB, 0x02, 0x31, 0xF7, 0x0D, 0x35, 0xCD, 0x01, 0x06,
  0xF9, 0x0C, 0xF1, 0x16, 0x5F, 0xE1, 0xF4, 0x0D, 0x09, 0xDD, 0xF0, 0x1A,
  0x2E, 0xE1, 0xFF, 0xF6, 0xF6, 0xDC, 0x0B, 0x0F, 0x0A, 0xD6, 0x14, 0x03,
  0xFD, 0xDD, 0x37, 0xE2, 0xF6, 0x0A, 0x03, 0x09, 0x22, 0xEA, 0x4B, 0xC6,
  0x13, 0xEC, 0x23, 0x03, 0x2D, 0xE0, 0x32, 0xD8, 0xDF, 0xFA, 0xF4, 0xF1,
  0x1E, 0x04, 0x02, 0xEF, 0xF2, 0xE7, 0xF2, 0xFC, 0xFE, 0x25, 0x18, 0x29,
  0x25, 0x13, 0xE8, 0x08, 0x21, 0x1C, 0xEE, 0xF6, 0x26, 0xF4, 0xED, 0x12,
  0x1F, 0x1D, 0xFE, 0x02, 0x06, 0xE1, 0xEE, 0x08, 0x1A, 0x2E, 0xFC, 0x02,
  0xF1, 0xFD, 0xEB, 0xF5, 0x04, 0x17, 0xF4, 0x10, 0xED, 0x1C, 0xDB, 0xFC,
  0x20, 0x0B, 0xFC, 0xF8, 0xE7, 0x25, 0xF5, 0xF6, 0x13, 0x13, 0x21, 0x13,
  0x01, 0xE0, 0x06, 0x15, 0xF0, 0x2F, 0xE5, 0x0A, 0xFC, 0xDF, 0xF0, 0xFA,
  0x08, 0xD4, 0xD5, 0x2F, 0x06, 0xDC, 0xFF, 0x08, 0x0A, 0xCC, 0xF8, 0x00,
  0x00, 0x03, 0x22, 0x0A, 0x0F, 0xF2, 0x05, 0xF2, 0x1E, 0xE1, 0x0A, 0x14,
  0x03, 0x07, 0x31, 0xD9, 0x00, 0xD2, 0xFF, 0x0B, 0x07, 0x23, 0x21, 0xFC,
  0x3B, 0xCB, 0xE9, 0xF8, 0x01, 0x00, 0xED, 0x0E, 0x47, 0xF7, 0xF4, 0xED,
  0xFB, 0xE9, 0x09, 0x02, 0x27, 0xE5, 0xEE, 0xE7, 0xFC, 0xC2, 0x09, 0x18,
  0xFC, 0xE4, 0x08, 0xF3, 0xFF, 0xD6, 0x05, 0xEF, 0xEF, 0x10, 0x13, 0x06,
  0x09, 0xCB, 0x1D, 0xE0, 0x18, 0x1E, 0x0D, 0x02, 0xEE, 0x0E, 0x34, 0xC6,
  0xFD, 0x2B, 0xF3, 0xEE, 0xDD, 0x0C, 0x0B, 0xE9, 0x07, 0x06, 0xDF, 0x06,
  0x03, 0x08, 0x03, 0xFF, 0x29, 0x01, 0xC6, 0xFA, 0x08, 0x22, 0xDF, 0xE9,
  0x06, 0x06, 0xD3, 0xF7, 0x0E, 0x31, 0xCF, 0x0A, 0xE9, 0xE8, 0xF2, 0x07,
  0x0F, 0x21, 0xED, 0xE7, 0xDC, 0x29, 0xE7, 0xFB, 0x00, 0x33, 0x00, 0x14,
  0x04, 0x01, 0xF1, 0x00, 0x08, 0x1C, 0x0A, 0xEB, 0x0A, 0x17, 0xDD, 0x0D,
  0x16, 0x38, 0x19, 0x07, 0x15, 0x06, 0xF8, 0xF9, 0xF7, 0x16, 0xCC, 0x1A,
  0xF6, 0x0C, 0xFE, 0x11, 0xF6, 0xFE, 0xE8, 0xE3, 0xF0, 0xE8, 0x0A, 0xF1,
  0xE6, 0xC6, 0x0D, 0x13, 0xF7, 0x05, 0x0D, 0xEF, 0xEE, 0xD9, 0xF4, 0xD9,
  0xF7, 0x02, 0x0E, 0x1C, 0x07, 0xF5, 0x1C, 0xD9, 0x1F, 0xF1, 0xE5, 0x0E,
  0x14, 0x05, 0x07, 0xFD, 0x49, 0xE7, 0xE2, 0xF1, 0xEA, 0x03, 0xF4, 0x22,
  0x48, 0xFC, 0xEB, 0xF7, 0x09, 0xEE, 0x1B, 0x19, 0x17, 0x01, 0xF2, 0xF7,
  0x04, 0xEA, 0x27, 0x07, 0xE5, 0xF4, 0xFD, 0xF6, 0xF1, 0xBF, 0x10, 0xE2,
  0x12, 0x14, 0x0F, 0x01, 0xE6, 0xD9, 0x01, 0xFE, 0x19, 0x17, 0x0B, 0x1B,
  0xF7, 0xD7, 0x40, 0xE3, 0xFB, 0x1E, 0xE1, 0x13, 0xE9, 0xF8, 0xFE, 0x0A,
  0xFB, 0x28, 0xE0, 0x01, 0xFD, 0x02, 0x21, 0x0F, 0x0D, 0x06, 0xC4, 0x19,
  0xEA, 0x13, 0xF0, 0xED, 0x11, 0xDF, 0xDF, 0x16, 0xF8, 0x0D, 0x21, 0xEF,
  0xF7, 0xEB, 0xEE, 0x18, 0x00, 0x1F, 0x05, 0xE3, 0xEA, 0x0C, 0xE5, 0x04,
  0xFD, 0xD0, 0xF6, 0x26, 0xFB, 0xEF, 0xE3, 0x06, 0x12, 0xF0, 0xD1, 0xFC,
  0xED, 0x12, 0xF4, 0x0A, 0xFB, 0x16, 0xDB, 0x1B, 0xF8, 0x0A, 0xE7, 0x0B,
  0x01, 0x09, 0xB6, 0xFF, 0xFF, 0xF4, 0x08, 0x21, 0xFF, 0xEE, 0x00, 0x31,
  0x15, 0xD1, 0xFD, 0x2D, 0x04, 0xE8, 0x03, 0xF0, 0xEC, 0x0F, 0x21, 0x08,
  0xF3, 0xDF, 0x14, 0xEE, 0x01, 0xE6, 0xFF, 0xFC, 0x02, 0xED, 0x0A, 0xB7,
  0x16, 0xF3, 0xE9, 0x1C, 0x0E, 0x22, 0x11, 0x02, 0x20, 0xEA, 0xE0, 0xEE,
  0x07, 0x09, 0xFC, 0x2D, 0x31, 0x14, 0xDE, 0x09, 0x09, 0xFD, 0x02, 0x0B,
  0x11, 0x16, 0xF5, 0xF3, 0x05, 0xEF, 0x36, 0xDB, 0xE8, 0x06, 0xF7, 0xFB,
  0xE5, 0x09, 0x2E, 0xDF, 0xF3, 0x04, 0x12, 0x02, 0xF3, 0xE2, 0x2F, 0xD8,
  0x13, 0xF2, 0xF0, 0xFC, 0x05, 0xE6, 0x25, 0xCD, 0x16, 0x14, 0xEF, 0x12,
  0xEC, 0xF3, 0x07, 0xFE, 0xFC, 0x0A, 0xCB, 0x03, 0xF9, 0xF7, 0x11, 0x34,
  0x24, 0x1C, 0xCF, 0x15, 0xF5, 0x07, 0xF3, 0x26, 0x1D, 0x02, 0xE7, 0x0E,
  0xF9, 0xF6, 0x0C, 0x0C, 0x0B, 0xE7, 0x04, 0xF4, 0xF4, 0x06, 0x33, 0xDB,
  0xFC, 0x0E, 0xE8, 0x10, 0x01, 0xFF, 0x18, 0x23, 0x01, 0x01, 0xEE, 0xE2,
  0x04, 0x0D, 0x02, 0xE2, 0xE8, 0xEB, 0xFA, 0x0F, 0x13, 0x1B, 0x2A, 0x2C,
  0xDA, 0xE1, 0xF8, 0xFF, 0xFD, 0x15, 0xFC, 0xEC, 0xEE, 0xFC, 0x06, 0x1E,
  0xF4, 0x01, 0x03, 0x13, 0xFF, 0xC1, 0x06, 0xF8, 0x0B, 0xEE, 0x04, 0xDF,
  0xF4, 0xED, 0x38, 0xF6, 0xDF, 0xD4, 0x0E, 0xD1, 0x02, 0xFE, 0x12, 0x02,
  0x0A, 0xEB, 0xFF, 0xCD, 0x03, 0xED, 0xF8, 0x03, 0xF8, 0x00, 0x09, 0xDC,
  0x27, 0xED, 0xEF, 0xEB, 0xFC, 0x0F, 0xF0, 0x25, 0x32, 0x15, 0xC6, 0xDE,
  0x0A, 0x06, 0xF8, 0x25, 0xFB, 0x09, 0x07, 0x01, 0xF9, 0xF2, 0x16, 0xEF,
  0xE0, 0x09, 0x09, 0xFD, 0xE8, 0xE1, 0x27, 0xC7, 0xF5, 0x0F, 0xFF, 0xFE,
  0xFE, 0x01, 0x16, 0xCB, 0x1C, 0x0F, 0xF0, 0xFF, 0xEF, 0x02, 0x14, 0xDE,
  0x1D, 0xF9, 0xED, 0xF3, 0xFC, 0xF9, 0xFB, 0x0A, 0x1D, 0x05, 0xE1, 0xF9,
  0x08, 0x0D, 0x21, 0x44, 0x47, 0x1D, 0xCD, 0x01, 0x02, 0x0B, 0xC9, 0x00,
  0xF1, 0xF4, 0xC5, 0x15, 0x0A, 0xFD, 0xCE, 0x17, 0xC9, 0xC6, 0xFD, 0x07,
  0x06, 0x09, 0xDC, 0xE8, 0xFA, 0x02, 0xDE, 0x17, 0x08, 0xF9, 0xE5, 0x3A,
  0xF4, 0xD1, 0xE8, 0x02, 0x0C, 0x1D, 0xDB, 0xF9, 0xF7, 0x03, 0x05, 0xEF,
  0x07, 0x1C, 0xD5, 0x14, 0xFF, 0xFE, 0xF4, 0xF5, 0x05, 0x0F, 0xFB, 0xEE,
  0x01, 0x07, 0xF3, 0x00, 0xFC, 0xFF, 0xFC, 0x0F, 0xDB, 0xE7, 0x19, 0xFB,
  0x02, 0xF6, 0xEC, 0xCB, 0xBA, 0x0B, 0x10, 0x08, 0xDA, 0xD4, 0xF0, 0xC9,
  0xF1, 0xF7, 0x03, 0x16, 0xF2, 0xDD, 0x0D, 0xE7, 0x08, 0x05, 0xDE, 0x00,
  0x0C, 0x02, 0x15, 0x07, 0x35, 0x09, 0xB5, 0xFC, 0xF8, 0x01, 0x12, 0x27,
  0x48, 0xFC, 0xE2, 0xF3, 0xFD, 0x00, 0x10, 0xF9, 0x17, 0x00, 0xFD, 0xFA,
  0xF6, 0xF0, 0x0A, 0xF7, 0x02, 0x10, 0x07, 0x06, 0xF5, 0xFC, 0x07, 0xE3,
  0xFC, 0xFC, 0x06, 0xFB, 0xFC, 0xE7, 0x0F, 0xD9, 0x08, 0x43, 0xFB, 0x09,
  0xFC, 0xF8, 0x24, 0xCE, 0x10, 0x17, 0xF9, 0x0F, 0xEF, 0xFB, 0x01, 0xEE,
  0x20, 0x01, 0xC1, 0x03, 0x05, 0x14, 0x29, 0x00, 0x28, 0x25, 0xB1, 0x17,
  0xF3, 0x08, 0xE8, 0xF6, 0xFA, 0x0D, 0xD6, 0x0A, 0x11, 0x05, 0x08, 0x13,
  0xF2, 0xDB, 0xF8, 0xFB, 0x08, 0x0B, 0xEE, 0xCF, 0x07, 0xE4, 0xE2, 0x05,
  0x06, 0xFA, 0xE3, 0x31, 0x0F, 0xC6, 0xDF, 0x18, 0x08, 0xFB, 0xDD, 0xFC,
  0x08, 0x02, 0xEE, 0x09, 0x0D, 0x1E, 0xFC, 0x3C, 0x18, 0xCE, 0xFA, 0xF0,
  0xFF, 0x0F, 0xF4, 0x15, 0x1B, 0x1C, 0x04, 0xE5, 0x07, 0x05, 0x18, 0x07,
  0xF4, 0xF0, 0xF7, 0xD6, 0x09, 0xE3, 0x0E, 0xF0, 0xC8, 0xF4, 0x2E, 0x12,
  0xF5, 0xB2, 0xF1, 0x05, 0xE7, 0xF6, 0xF6, 0x10, 0x02, 0xCB, 0x04, 0xF3,
  0x26, 0x0D, 0xD9, 0x04, 0x06, 0xD9, 0xFB, 0xF9, 0x3E, 0xFE, 0xD8, 0xF3,
  0x11, 0xF1, 0x06, 0x19, 0x35, 0xFB, 0xD3, 0xF9, 0x03, 0xED, 0x09, 0x08,
  0xF9, 0x02, 0x05, 0xF4, 0xFA, 0x05, 0x1B, 0xF9, 0xEB, 0xF3, 0x16, 0xEF,
  0xFF, 0xDE, 0x1A, 0xCF, 0xE9, 0x14, 0x27, 0xF6, 0xFE, 0xD4, 0x09, 0xD6,
  0x1B, 0x2D, 0x0D, 0xFC, 0xFC, 0xEE, 0x1F, 0xF9, 0x14, 0x0D, 0xED, 0x1E,
  0xE1, 0x0A, 0x11, 0x20, 0xFD, 0x0D, 0xD2, 0x04, 0x03, 0x07, 0x1F, 0x1B,
  0x09, 0x02, 0xBB, 0xF6, 0xF5, 0xF6, 0xF3, 0xE4, 0x14, 0x0C, 0xCB, 0x0A,
  0x05, 0xE5, 0x25, 0xF4, 0x15, 0xE4, 0xDD, 0x14, 0x19, 0xEC, 0xFF, 0xDC,
  0xF7, 0xF0, 0xEC, 0x13, 0x0F, 0xE1, 0x25, 0x14, 0xEC, 0xDA, 0xF5, 0x0D,
  0xFF, 0xFB, 0xEC, 0xFE, 0xE5, 0xF2, 0x0A, 0x01, 0x01, 0xF8, 0xFB, 0x10,
  0x07, 0xFC, 0xF8, 0xF0, 0x00, 0xF9, 0xE5, 0x13, 0xF6, 0xF1, 0x0D, 0xFD,
  0xFF, 0x0E, 0xF2, 0xDE, 0xEE, 0xF1, 0xFD, 0xDE, 0x07, 0xD6, 0xFD, 0xA6,
  0xC8, 0xEF, 0xE0, 0x06, 0xF7, 0xAD, 0x01, 0xBE, 0xF2, 0xFD, 0xE6, 0xF6,
  0x08, 0xAD, 0x08, 0x07, 0xF3, 0x27, 0xBE, 0xFD, 0xF8, 0xDA, 0xEF, 0xF5,
  0x18, 0x0C, 0xCF, 0xF0, 0x06, 0xDF, 0xF2, 0x17, 0x15, 0x13, 0xE1, 0xE7,
  0xF7, 0xF0, 0x05, 0xF0, 0xCF, 0xFB, 0x0C, 0xF1, 0x00, 0xCC, 0x11, 0x04,
  0xE5, 0xF4, 0x20, 0xE7, 0xE9, 0xC9, 0x37, 0xBA, 0x05, 0x12, 0x1C, 0xE2,
  0xE2, 0xDC, 0x12, 0xBA, 0x24, 0x10, 0xFD, 0xF2, 0xE6, 0xF4, 0x1C, 0xE5,
  0x1F, 0x10, 0xDF, 0xEF, 0xF1, 0xEE, 0x13, 0x0B, 0x02, 0x12, 0xEF, 0xE5,
  0xFE, 0x01, 0x22, 0x2E, 0x23, 0x0E, 0xF2, 0xED, 0x03, 0xED, 0x04, 0x01,
  0x05, 0x12, 0xEF, 0xF3, 0x06, 0xEF, 0x36, 0x00, 0xE8, 0xF0, 0xE3, 0xF8,
  0x03, 0xFF, 0xFF, 0xF9, 0x08, 0x06, 0xD6, 0x09, 0x21, 0x06, 0x09, 0x2F,
  0xFA, 0xE2, 0xEC, 0xFA, 0xFC, 0x06, 0xCF, 0xF4, 0xFF, 0xF6, 0xFC, 0x01,
  0x0B, 0x04, 0xBD, 0x36, 0x01, 0xEA, 0x07, 0x10, 0xFB, 0xF4, 0x06, 0x2C,
  0xF6, 0xFB, 0x02, 0x18, 0xDC, 0xDA, 0x1E, 0x13, 0xE8, 0xD5, 0x0B, 0xF6,
  0x13, 0xDA, 0x16, 0xB1, 0xCC, 0xFB, 0x0D, 0x0C, 0xF7, 0xC6, 0x05, 0xF4,
  0x12, 0xED, 0x12, 0x00, 0x08, 0xD9, 0x0D, 0x01, 0x0F, 0xF5, 0xD5, 0xD4,
  0x16, 0xFC, 0xF5, 0x0A, 0xFE, 0x27, 0xB4, 0x09, 0x09, 0xEB, 0x08, 0x37,
  0xFB, 0x0E, 0xCF, 0xF3, 0xFE, 0xEB, 0xFD, 0x06, 0xC7, 0xEC, 0x09, 0xEA,
  0xFF, 0xF6, 0x13, 0x10, 0xEB, 0xF3, 0x2C, 0xEA, 0xFD, 0xC9, 0x2C, 0xF9,
  0xE4, 0x16, 0x0D, 0xF5, 0xF2, 0xF2, 0x23, 0xF2, 0xFF, 0x11, 0xE6, 0xF8,
  0xE5, 0xEE, 0x04, 0xF7, 0x1E, 0xF9, 0xE9, 0xF9, 0xFB, 0xF9, 0x1B, 0xD3,
  0x21, 0x04, 0xE0, 0x09, 0xFF, 0xEC, 0x1F, 0x0B, 0x1C, 0x23, 0xDD, 0xF8,
  0x10, 0xEC, 0xE3, 0x00, 0xFF, 0xFD, 0xE9, 0x00, 0x07, 0x01, 0x1A, 0xD7,
  0xFD, 0xDB, 0xD7, 0xEE, 0x08, 0x1D, 0x05, 0xD3, 0x10, 0x28, 0xD9, 0xFA,
  0x12, 0xF3, 0x16, 0x21, 0xF8, 0xD6, 0xD3, 0xE3, 0x10, 0x02, 0x21, 0xE7,
  0xDA, 0x0A, 0xF6, 0xC8, 0xFA, 0x43, 0x12, 0x1B, 0xEA, 0xFD, 0x0C, 0xF9,
  0xF4, 0x0C, 0x10, 0x00, 0xEB, 0x2C, 0x09, 0xDE, 0xF6, 0xE6, 0x05, 0xCF,
  0x0B, 0xD9, 0x01, 0x21, 0x11, 0xE7, 0x1A, 0xCC, 0xD6, 0xD1, 0xFD, 0xEC,
  0x05, 0xDB, 0xFD, 0xE9, 0x18, 0x02, 0xF0, 0xE5, 0x08, 0xD6, 0x1C, 0x1F,
  0x18, 0x05, 0x05, 0xDC, 0x0A, 0xED, 0xE6, 0x09, 0xFC, 0x26, 0xCA, 0xDD,
  0x06, 0xE9, 0xE2, 0x03, 0x07, 0x04, 0xEF, 0x01, 0x0F, 0xE9, 0x07, 0xE9,
  0xDD, 0x08, 0xFD, 0x0D, 0xEF, 0xF0, 0x11, 0xD0, 0xF3, 0x16, 0x12, 0xEB,
  0xE9, 0xE2, 0x2B, 0xC9, 0x0E, 0x10, 0xF8, 0xF2, 0xE9, 0xF5, 0x10, 0xE3,
  0xFB, 0xFD, 0xF3, 0xEF, 0x0A, 0xFD, 0x34, 0x02, 0x37, 0x15, 0xF9, 0xFF,
  0x0E, 0xF8, 0x28, 0x00, 0x14, 0xFB, 0xFD, 0xF8, 0x03, 0xF7, 0x2C, 0xF3,
  0x10, 0x0A, 0xFA, 0xF8, 0xFB, 0xEB, 0x0D, 0xD2, 0xFD, 0x18, 0xEC, 0xF7,
  0xF9, 0xF0, 0x18, 0xE5, 0xFC, 0xC8, 0xE9, 0xE5, 0x0C, 0xFF, 0x0D, 0x01,
  0x0E, 0xFB, 0xF0, 0xD5, 0x08, 0xE3, 0x02, 0x2B, 0x10, 0xF9, 0xE2, 0xB7,
  0x21, 0xEF, 0xF3, 0x0D, 0xF1, 0xEB, 0x08, 0xE8, 0xFF, 0x12, 0xE8, 0x12,
  0xC3, 0x0C, 0x07, 0xF7, 0xFF, 0xE4, 0xEF, 0x09, 0xBC, 0x0F, 0x0F, 0x1E,
  0xFF, 0xDF, 0x19, 0x06, 0x12, 0xE2, 0x0B, 0xF8, 0x17, 0xDD, 0x0F, 0xDE,
  0xE9, 0xDA, 0x20, 0xE1, 0x14, 0xD9, 0xFA, 0x23, 0xFA, 0xFD, 0x0F, 0xF5,
  0x12, 0xDD, 0xE9, 0x15, 0xF2, 0x09, 0xFF, 0xCB, 0x04, 0xE8, 0xD8, 0x4C,
  0xFD, 0x19, 0xF8, 0xD0, 0xFD, 0xE6, 0xE2, 0x02, 0xF2, 0xEE, 0xDF, 0x03,
  0x12, 0xEA, 0xEC, 0xE4, 0xDD, 0x15, 0x12, 0x1C, 0x00, 0xE5, 0xFE, 0x08,
  0xFF, 0x0E, 0x0A, 0x07, 0xEE, 0xE2, 0xF7, 0x11, 0x00, 0x00, 0x0D, 0xE2,
  0xE3, 0xEB, 0x23, 0xFD, 0x24, 0x21, 0x0D, 0xEB, 0x05, 0xED, 0x2A, 0x04,
  0x28, 0xF3, 0xF9, 0x07, 0x00, 0xFB, 0x03, 0xEC, 0xFB, 0xFF, 0xF1, 0x0C,
  0x00, 0x06, 0x13, 0x03, 0x01, 0x22, 0xC4, 0xFE, 0xE9, 0x0A, 0x08, 0xE9,
  0x00, 0xF8, 0x0D, 0x1E, 0x00, 0xE8, 0x0C, 0x02, 0x0C, 0xED, 0xEC, 0x04,
  0x15, 0xFC, 0x1F, 0xEA, 0xF3, 0x09, 0xE9, 0xEA, 0x11, 0xFD, 0xF8, 0x0E,
  0xDA, 0x1B, 0xEB, 0xCE, 0x11, 0xF7, 0xBB, 0x0F, 0xD4, 0xE8, 0x0A, 0xE6,
  0x0B, 0x08, 0xD3, 0xEB, 0xE6, 0x10, 0x0C, 0xF5, 0x10, 0xDB, 0x02, 0xE6,
  0xE5, 0x12, 0xEE, 0xF8, 0x0B, 0xDA, 0x21, 0xE6, 0xB8, 0xC5, 0x07, 0xD1,
  0x0C, 0x07, 0x1A, 0xD1, 0xE9, 0x08, 0x1C, 0x01, 0x16, 0xF9, 0x11, 0x0A,
  0xF4, 0x10, 0xFC, 0xEB, 0x18, 0xF5, 0xFD, 0x00, 0x17, 0x1B, 0xDF, 0xB9,
  0x00, 0xF6, 0x00, 0x11, 0x0D, 0x13, 0xF9, 0xE2, 0xFE, 0xF4, 0xE4, 0xE5,
  0x0B, 0xDF, 0x01, 0xEA, 0x06, 0x05, 0x0D, 0xD4, 0xF5, 0x04, 0xFC, 0xF1,
  0xF7, 0xEA, 0xFB, 0xE3, 0xF1, 0xE2, 0x16, 0xE6, 0xF6, 0xE6, 0x1F, 0xD8,
  0xED, 0xF6, 0x0D, 0xEC, 0x05, 0xEB, 0x28, 0xEB, 0xF3, 0xFF, 0xDB, 0xF1,
  0x00, 0xFE, 0x1A, 0xD9, 0x0C, 0x0B, 0xF9, 0xEC, 0xF1, 0x01, 0xF4, 0x11,
  0xF8, 0x1C, 0xE7, 0x04, 0xE6, 0xF5, 0x18, 0x19, 0xE9, 0x22, 0xF3, 0xEE,
  0xEE, 0x02, 0x13, 0xEA, 0xEA, 0x26, 0xD9, 0xF2, 0x02, 0xFA, 0x0D, 0xF6,
  0x16, 0x18, 0xF2, 0xEA, 0x0C, 0xF2, 0x0F, 0x0B, 0x1B, 0x13, 0xC5, 0xF1,
  0x03, 0xFE, 0x35, 0x11, 0xEE, 0xF3, 0xE3, 0xE5, 0x05, 0x0F, 0xE7, 0x05,
  0xC0, 0xF8, 0xFF, 0xFE, 0xF8, 0xF0, 0x33, 0xF7, 0x05, 0xE8, 0xFB, 0xF8,
  0x0E, 0xE9, 0xFE, 0xEA, 0x19, 0x08, 0xE4, 0x00, 0xFE, 0xEC, 0x15, 0xF7,
  0xFA, 0xFD, 0xFA, 0xF9, 0x14, 0x2F, 0x0B, 0xEB, 0xFA, 0xDD, 0x0D, 0x14,
  0x0E, 0x00, 0x12, 0xF8, 0x03, 0xF3, 0xF9, 0xF3, 0x13, 0xFA, 0xF6, 0x1D,
  0x15, 0x13, 0x00, 0xCD, 0x0F, 0xDE, 0xF6, 0x2C, 0xF4, 0x0F, 0xEB, 0xE7,
  0xFC, 0xEE, 0xF4, 0x0F, 0x04, 0x16, 0xF5, 0xF2, 0x13, 0xF4, 0xE3, 0x08,
  0xF5, 0xE8, 0x04, 0xF9, 0xF8, 0xF3, 0xE6, 0xE5, 0xE7, 0xEF, 0xF9, 0xF2,
  0xEF, 0xFC, 0x25, 0xDF, 0xFD, 0xFD, 0x16, 0xF8, 0xEB, 0xE8, 0x0F, 0xE1,
  0x00, 0x1E, 0x00, 0xFE, 0x13, 0x1E, 0x29, 0x05, 0x20, 0x0B, 0x01, 0xFE,
  0xFD, 0x04, 0x17, 0x38, 0x24, 0x0D, 0x02, 0xF3, 0x16, 0xDF, 0x17, 0x29,
  0x38, 0x01, 0x00, 0x07, 0xFF, 0xE5, 0x17, 0x39, 0x06, 0x18, 0xF0, 0xF6,
  0xFB, 0xF1, 0x19, 0xFC, 0x33, 0xD4, 0x05, 0xF2, 0xFB, 0xF2, 0xED, 0x0C,
  0x1B, 0xE2, 0xFF, 0x08, 0x12, 0xD7, 0x00, 0x49, 0xF5, 0xFC, 0xE8, 0xF4,
  0xF8, 0xFA, 0x1E, 0x04, 0xF3, 0x06, 0xF6, 0xDC, 0xE1, 0xFA, 0xFA, 0x26,
  0x1B, 0xB3, 0xFA, 0xEA, 0x0C, 0xEE, 0xFE, 0x16, 0x02, 0x1E, 0xFC, 0x09,
  0x05, 0xFF, 0x27, 0xF8, 0xC5, 0xDD, 0xFA, 0x07, 0x18, 0x1A, 0x11, 0xD3,
  0x16, 0xC9, 0xFC, 0xF5, 0x12, 0x09, 0x05, 0x0F, 0x0A, 0xF5, 0xEF, 0xE5,
  0x0C, 0x0B, 0xFB, 0xF9, 0x0C, 0x0B, 0xEE, 0xD6, 0x05, 0xEB, 0xDF, 0x19,
  0xEE, 0x0A, 0xEA, 0xEB, 0xF5, 0xE9, 0xCC, 0xEA, 0xDB, 0x1E, 0xEF, 0xF5,
  0xED, 0xF1, 0xF4, 0xE6, 0xE4, 0x06, 0xF5, 0x07, 0xD3, 0xEE, 0x07, 0xD6,
  0xEE, 0xC6, 0xFC, 0x0B, 0xE7, 0xF7, 0x30, 0xD4, 0x33, 0x2A, 0xF5, 0xEE,
  0xF5, 0xF8, 0x13, 0xD5, 0x1A, 0x26, 0xD8, 0xE0, 0x01, 0x0D, 0x30, 0x05,
  0x12, 0x1F, 0xDF, 0x04, 0x0A, 0xFC, 0x16, 0x05, 0x0F, 0x22, 0xFF, 0x03,
  0x18, 0xFD, 0x0B, 0x06, 0x25, 0x0D, 0xEC, 0x02, 0x06, 0xDF, 0x0A, 0x1D,
  0x21, 0x09, 0xEB, 0xF6, 0x06, 0x03, 0x11, 0xE6, 0x24, 0xFF, 0x0A, 0xEF,
  0xEE, 0x05, 0x0F, 0x19, 0x14, 0xFD, 0xE7, 0xE7, 0x0A, 0x06, 0xEF, 0x0E,
  0xE7, 0xF5, 0xF6, 0xF0, 0xFD, 0x0E, 0xFD, 0x0F, 0xC1, 0x11, 0x0B, 0xE3,
  0xD0, 0xEF, 0xE5, 0x00, 0xEF, 0xE1, 0xFF, 0xE8, 0x08, 0xF1, 0xE1, 0xF6,
  0x27, 0xCD, 0x00, 0xE7, 0x19, 0xEB, 0x20, 0xFE, 0xD5, 0xFB, 0xEC, 0xE5,
  0x17, 0x1D, 0x07, 0xD7, 0x05, 0xE8, 0x14, 0x15, 0x17, 0x20, 0x26, 0xFC,
  0x07, 0x04, 0xE2, 0xDC, 0x1B, 0x16, 0xEE, 0x27, 0xF4, 0x02, 0xF6, 0xAD,
  0x00, 0xFC, 0xF4, 0x27, 0xF5, 0xF5, 0x08, 0xB6, 0xF4, 0xE3, 0xDB, 0xF7,
  0xD6, 0x19, 0xE3, 0x02, 0xCF, 0xE5, 0x0A, 0xD6, 0xC5, 0xFD, 0x05, 0xFF,
  0xD4, 0xE7, 0x14, 0xEE, 0xE2, 0x00, 0x15, 0xFB, 0xD9, 0xE7, 0x0C, 0xD0,
  0x12, 0xE1, 0xF8, 0xE1, 0xE3, 0x03, 0xEC, 0x05, 0x2B, 0x07, 0xED, 0xE0,
  0xEB, 0x0C, 0x22, 0x03, 0x19, 0x1B, 0xD8, 0xFB, 0xE6, 0x02, 0x4B, 0xEE,
  0x16, 0x0B, 0xE7, 0x0F, 0xF3, 0x0B, 0x23, 0xF1, 0x15, 0x0C, 0xD9, 0x05,
  0x03, 0x05, 0x3C, 0x16, 0x17, 0xE4, 0xF0, 0xEF, 0xFA, 0x13, 0x28, 0xE5,
  0x07, 0xFD, 0xD7, 0xEE, 0xF1, 0x11, 0x41, 0x12, 0x00, 0x09, 0xF8, 0xD9,
  0xDD, 0xF7, 0xF5, 0xF2, 0x04, 0xFF, 0x05, 0xED, 0xF3, 0x0A, 0xDC, 0x08,
  0xD3, 0xFD, 0x05, 0x10, 0xDE, 0x03, 0x15, 0x00, 0xF9, 0xF7, 0x0A, 0xDC,
  0xF3, 0xF0, 0xED, 0x03, 0x0F, 0xE0, 0x12, 0xEB, 0x26, 0xEF, 0x27, 0xF8,
  0xEC, 0x00, 0xF8, 0xD4, 0x23, 0x27, 0x13, 0xEC, 0x07, 0xEF, 0x30, 0x02,
  0x12, 0x20, 0x26, 0xEF, 0x13, 0x12, 0xF7, 0x01, 0xF6, 0x1C, 0xF4, 0x14,
  0xD7, 0x22, 0x01, 0xEB, 0xF7, 0xF3, 0xF2, 0x30, 0xED, 0xEF, 0x08, 0xDF,
  0xEC, 0xEF, 0xFB, 0x12, 0xF0, 0x23, 0x04, 0xEE, 0xDA, 0xFE, 0xF3, 0xF9,
  0xCB, 0x0F, 0xEC, 0xF9, 0xF8, 0xF5, 0x45, 0xF5, 0xE9, 0xF8, 0xFA, 0x1E,
  0xE6, 0x05, 0x1B, 0xDF, 0x17, 0xFE, 0x08, 0x06, 0xD5, 0x22, 0x11, 0xF3,
  0x0F, 0xED, 0x00, 0xD8, 0xE0, 0xF8, 0x0A, 0xFD, 0x29, 0xF7, 0xF4, 0xFE,
  0xE7, 0x21, 0x32, 0x16, 0x21, 0x1D, 0xF0, 0xF2, 0x0B, 0x08, 0x0A, 0x0D,
  0x0A, 0x0D, 0xE6, 0xF3, 0xF2, 0xFE, 0x2C, 0x20, 0x14, 0xF0, 0x0C, 0xEE,
  0xEA, 0x14, 0x0C, 0x05, 0x1C, 0x09, 0x04, 0xFA, 0xF7, 0x16, 0x23, 0x22,
  0xEC, 0xF1, 0x06, 0xB2, 0xEF, 0x16, 0xD6, 0xFE, 0xF7, 0xF8, 0xFC, 0x02,
  0xFB, 0x04, 0xED, 0x13, 0xFA, 0xEF, 0x07, 0xE8, 0xEA, 0xF8, 0x01, 0xF1,
  0x07, 0xFD, 0x05, 0xC9, 0xF0, 0x0B, 0xF6, 0xFC, 0xFB, 0xEF, 0x21, 0xF7,
  0x0B, 0xEE, 0x0A, 0x1C, 0xFD, 0xD5, 0x08, 0xB1, 0x0C, 0x30, 0x14, 0xE9,
  0x1B, 0xD9, 0x0E, 0x0A, 0x1D, 0x24, 0x02, 0xEB, 0xFF, 0x22, 0x11, 0x16,
  0x01, 0x17, 0xDE, 0x04, 0xEB, 0x29, 0x0B, 0xE3, 0xF3, 0x0C, 0x0C, 0x1D,
  0xDB, 0x0D, 0x09, 0xD8, 0xDB, 0x00, 0x02, 0x03, 0xF6, 0x29, 0x04, 0x0F,
  0xE1, 0xF9, 0xDA, 0xE8, 0xFB, 0x0B, 0xFB, 0x0C, 0xE0, 0xEE, 0x0E, 0xDD,
  0x04, 0xFA, 0xFE, 0x06, 0xE5, 0x0F, 0x0E, 0xED, 0x1B, 0x12, 0xFA, 0x11,
  0xE6, 0x12, 0x32, 0x10, 0x2C, 0xEE, 0x03, 0xD9, 0xF0, 0x0E, 0x1E, 0xFC,
  0x3C, 0x15, 0x02, 0x15, 0xFA, 0x10, 0x1D, 0xEF, 0x3C, 0xFC, 0xF0, 0xF6,
  0xEC, 0x13, 0x20, 0xF3, 0xF8, 0x19, 0xED, 0x16, 0x00, 0x09, 0x00, 0x0B,
  0x37, 0x08, 0xF4, 0x0A, 0xF3, 0x16, 0x0E, 0xF8, 0x20, 0x0D, 0xF9, 0xF6,
  0xFE, 0x21, 0x0E, 0x00, 0x08, 0x07, 0xF3, 0xF0, 0xF6, 0x06, 0xCE, 0x0E,
  0x04, 0x07, 0x12, 0xC0, 0x12, 0xFD, 0xE8, 0x15, 0xE0, 0xCB, 0x0F, 0xD2,
  0xED, 0xFB, 0x01, 0xFD, 0x12, 0xEC, 0x04, 0xE5, 0xED, 0x06, 0xDD, 0xE5,
  0xD8, 0xF8, 0x0E, 0xB1, 0x13, 0xF8, 0xF5, 0x2D, 0xCA, 0xF6, 0x0A, 0xEB,
  0x05, 0x2A, 0x28, 0xE4, 0x06, 0xEC, 0x28, 0xFD, 0x09, 0x3E, 0x23, 0xF3,
  0xF4, 0x2C, 0xFE, 0x24, 0xFB, 0x0C, 0xDA, 0x13, 0xF8, 0x22, 0x06, 0x0A,
  0xFB, 0x06, 0x11, 0x1A, 0xE0, 0x24, 0x1B, 0xE7, 0xE1, 0x00, 0xF2, 0x09,
  0xD8, 0x1F, 0x0D, 0x03, 0xDB, 0xFA, 0x08, 0xF6, 0xF5, 0xE7, 0xFB, 0x1D,
  0xDB, 0x01, 0x11, 0xF1, 0x02, 0xE6, 0x08, 0x16, 0xE2, 0x09, 0x06, 0xF9,
  0x24, 0x08, 0xF5, 0x1C, 0xF4, 0x11, 0x2B, 0x07, 0x25, 0x0C, 0xF4, 0xE1,
  0xF3, 0x02, 0x28, 0xE6, 0x30, 0x2A, 0x0B, 0x14, 0xF2, 0x0B, 0x2A, 0xFF,
  0x2D, 0xEE, 0xFA, 0x27, 0x02, 0x1A, 0x30, 0x02, 0xFB, 0xED, 0x02, 0x0A,
  0x04, 0x1E, 0x23, 0x01, 0x05, 0x28, 0xF2, 0x16, 0x14, 0x28, 0x2F, 0x09,
  0xFB, 0xFD, 0x15, 0x23, 0x04, 0x18, 0x20, 0xEE, 0xFB, 0x2A, 0x04, 0x14,
  0xEC, 0x19, 0xEA, 0x09, 0x0B, 0xFF, 0x02, 0xE2, 0xCF, 0x0E, 0xEA, 0x00,
  0x0E, 0xCC, 0xF8, 0xDC, 0xE3, 0xF8, 0xD3, 0x03, 0x12, 0xE7, 0xF9, 0xC3,
  0xFF, 0x02, 0xE3, 0xF1, 0xE7, 0x06, 0x0F, 0xD5, 0xFC, 0x01, 0xF7, 0x0B,
  0xA4, 0x12, 0x13, 0x05, 0x30, 0x20, 0x1F, 0xF9, 0x00, 0xCF, 0x19, 0x0D,
  0x14, 0x25, 0x2A, 0xE4, 0xF7, 0x1A, 0x15, 0x13, 0x16, 0x0F, 0xF8, 0xFD,
  0xC5, 0x34, 0xF2, 0x17, 0x09, 0x05, 0x09, 0x00, 0xDB, 0x3C, 0x13, 0xF4,
  0xCC, 0x00, 0xF3, 0x19, 0xDF, 0x2D, 0x19, 0x16, 0xD7, 0xFA, 0x0A, 0x0E,
  0xF5, 0xF0, 0x19, 0x08, 0xF1, 0xFB, 0x1F, 0xC9, 0x32, 0xDC, 0x04, 0x18,
  0x09, 0x04, 0xF3, 0xF7, 0x31, 0xF0, 0x02, 0x08, 0x08, 0x14, 0x0E, 0x1F,
  0x28, 0x13, 0x0A, 0xD2, 0x07, 0x17, 0xE2, 0xFA, 0x33, 0xEE, 0x00, 0x17,
  0x17, 0x06, 0xC7, 0x2A, 0x2A, 0xCA, 0x15, 0xF4, 0x1C, 0x1C, 0xF8, 0x03,
  0x22, 0xF0, 0x00, 0xD1, 0x03, 0x07, 0xEA, 0xF6, 0xF8, 0x17, 0xFF, 0x07,
  0x11, 0x1F, 0x25, 0x26, 0xCF, 0x23, 0x01, 0x18, 0x0C, 0x1C, 0x25, 0xFC,
  0xF5, 0x25, 0xF9, 0x09, 0xFB, 0xFF, 0xE3, 0x20, 0xF8, 0x17, 0xFC, 0x0E,
  0x03, 0xEB, 0xDF, 0x15, 0xEA, 0xE1, 0x10, 0xC1, 0xF3, 0xFF, 0xDD, 0xF8,
  0x01, 0xCC, 0x05, 0xBE, 0xF5, 0x07, 0xC1, 0x08, 0xF0, 0xAC, 0x05, 0xF7,
  0xE8, 0x03, 0xEA, 0xDC, 0xB0, 0xED, 0x04, 0xF3, 0x21, 0x1D, 0xFD, 0xF4,
  0x06, 0xC2, 0x1E, 0xEF, 0x09, 0x1F, 0xF8, 0xDE, 0xF6, 0x2B, 0x18, 0x10,
  0x14, 0x16, 0x18, 0xE7, 0xCA, 0x1B, 0x14, 0xF8, 0x11, 0x1D, 0x0E, 0xEE,
  0xCA, 0x37, 0x12, 0x21, 0xDD, 0xF7, 0x0C, 0xFD, 0xDC, 0x11, 0x12, 0x15,
  0xE4, 0xDD, 0x02, 0x12, 0x07, 0xE7, 0x1A, 0x32, 0xEB, 0xDC, 0x02, 0x07,
  0x04, 0xD9, 0x04, 0x20, 0x02, 0x10, 0xE9, 0xF6, 0x38, 0xEE, 0xF7, 0x31,
  0x0B, 0x02, 0x16, 0xEB, 0x19, 0xED, 0x06, 0x1D, 0x05, 0x3D, 0x26, 0xE8,
  0x31, 0xE6, 0x17, 0xC2, 0x10, 0x2C, 0x14, 0xCC, 0x29, 0xCE, 0xFB, 0xEB,
  0xFB, 0x09, 0x19, 0xE4, 0x0C, 0xEA, 0xFF, 0xE6, 0x18, 0x20, 0x00, 0xFA,
  0xBE, 0x07, 0x03, 0xAE, 0x0E, 0x18, 0x04, 0x0A, 0xCA, 0xF8, 0xF3, 0x14,
  0xF6, 0x06, 0xE5, 0xD8, 0x0C, 0xEF, 0xF4, 0xB5, 0x0E, 0x02, 0xFF, 0x14,
  0x04, 0xCA, 0x00, 0xAC, 0x12, 0x02, 0xFF, 0x19, 0x00, 0xE9, 0x05, 0xD1,
  0xFC, 0xF5, 0x9A, 0x26, 0xD1, 0xB6, 0x15, 0xCB, 0xE7, 0x0D, 0xA5, 0x10,
  0xF3, 0xDF, 0x11, 0xE8, 0xEB, 0xE8, 0xCC, 0xC6, 0xC1, 0xF4, 0x0B, 0x27,
  0x00, 0xF7, 0x02, 0xEB, 0xF8, 0xF1, 0x35, 0xD5, 0x0B, 0xF3, 0xFE, 0x12,
  0x08, 0xFD, 0x2E, 0x01, 0x20, 0xF8, 0x19, 0xF0, 0x0F, 0x02, 0x17, 0xEC,
  0x0C, 0x13, 0x13, 0xD0, 0x00, 0x21, 0x12, 0xF1, 0xEB, 0x02, 0x00, 0x18,
  0xF1, 0xF9, 0x07, 0x13, 0xE9, 0xDF, 0xFD, 0x07, 0xE0, 0x1C, 0xFA, 0x2D,
  0xE7, 0xF1, 0x12, 0x1A, 0xE9, 0x1E, 0x18, 0x08, 0xD5, 0xF8, 0xD5, 0x42,
  0x2F, 0x0D, 0xF9, 0x2B, 0xFC, 0xDA, 0x09, 0x1A, 0x30, 0xFD, 0xFB, 0x03,
  0xE4, 0xE1, 0xF0, 0xB9, 0x2C, 0x1D, 0x11, 0x14, 0xEC, 0x00, 0x1B, 0xF6,
  0x1E, 0xE9, 0x1E, 0xFF, 0x0A, 0x02, 0x07, 0xFA, 0xD8, 0x1A, 0x0F, 0x0A,
  0xFA, 0x01, 0x10, 0x18, 0xF4, 0x33, 0x13, 0xF8, 0x16, 0xED, 0xF7, 0xF9,
  0xDC, 0xFC, 0x05, 0xDB, 0x02, 0xEB, 0x25, 0xD8, 0x0A, 0x03, 0x14, 0xF7,
  0xF6, 0x2A, 0x1E, 0xEF, 0xD8, 0x1F, 0xEA, 0xE9, 0xF8, 0x16, 0xF5, 0x10,
  0xDC, 0xFC, 0x07, 0xCB, 0xEF, 0x01, 0x04, 0x12, 0xA7, 0xF0, 0x0F, 0xF6,
  0xE0, 0xF0, 0xD0, 0xCB, 0xEC, 0xCD, 0x0D, 0xF7, 0xC5, 0xDF, 0xB0, 0xC7,
  0xF5, 0xA8, 0x16, 0xFE, 0xD0, 0xF7, 0x0A, 0xEE, 0x0B, 0xFD, 0x37, 0xEE,
  0xE1, 0xF4, 0xFA, 0xE5, 0x34, 0xE2, 0x21, 0x01, 0x1A, 0x0C, 0x0D, 0xCD,
  0xFF, 0xC8, 0x22, 0xF1, 0x1D, 0x1B, 0xE3, 0xDD, 0xDB, 0xE0, 0x21, 0xF4,
  0x21, 0x00, 0xF4, 0xE6, 0xF7, 0xD6, 0x26, 0xF6, 0x02, 0xFF, 0x17, 0x03,
  0xE9, 0x05, 0x0D, 0xE1, 0xE6, 0xED, 0x11, 0xF0, 0xC5, 0x30, 0x06, 0xE1,
  0xBA, 0xDF, 0xE7, 0x1F, 0x0F, 0xF5, 0x19, 0xF1, 0xEA, 0xD9, 0xE2, 0x03,
  0x09, 0xD8, 0x08, 0xFA, 0x03, 0xE4, 0xE9, 0xF7, 0x04, 0xF1, 0xF8, 0xEB,
  0x29, 0x14, 0xD4, 0x03, 0xF8, 0x0B, 0x0A, 0xFC, 0x1E, 0xF1, 0xE9, 0x0F,
  0xA0, 0x2C, 0x09, 0x05, 0xFD, 0xEF, 0xF1, 0xFF, 0xF4, 0xFD, 0x13, 0xEE,
  0x0B, 0xE6, 0xEF, 0x0B, 0x01, 0xFE, 0x19, 0xF3, 0x1A, 0xEA, 0x07, 0xE8,
  0x24, 0x09, 0x1A, 0xF8, 0xFC, 0x1C, 0xE4, 0xF7, 0x11, 0xFE, 0xFC, 0xFA,
  0xF5, 0xEE, 0x10, 0x0C, 0xD3, 0x13, 0xF5, 0xFF, 0xDF, 0xF7, 0x0C, 0x21,
  0x9E, 0xF7, 0x16, 0x0A, 0xBE, 0xF0, 0x06, 0x0A, 0xF8, 0xD2, 0x12, 0xF9,
  0xD0, 0xD3, 0x01, 0xE0, 0x12, 0xE6, 0x1F, 0xE9, 0x82, 0xFE, 0xFF, 0xFF,
  0x04, 0x00, 0x00, 0x00, 0x0C, 0x00, 0x00, 0x00, 0xAC, 0x01, 0x00, 0x00,
  0xBF, 0x00, 0x00, 0x00, 0x00, 0xFC, 0xFF, 0xFF, 0x9A, 0xFE, 0xFF, 0xFF,
  0x04, 0x00, 0x00, 0x00, 0x04, 0x00, 0x00, 0x00, 0xA0, 0x0F, 0x00, 0x00,
  0xAA, 0xFE, 0xFF, 0xFF, 0x04, 0x00, 0x00, 0x00, 0x04, 0x00, 0x00, 0x00,
  0x01, 0x00, 0x00, 0x00, 0xBA, 0xFE, 0xFF, 0xFF, 0x04, 0x00, 0x00, 0x00,
  0x04, 0x00, 0x00, 0x00, 0x00, 0x00, 0x00, 0x00, 0x58, 0xF6, 0xFF, 0xFF,
  0x5C, 0xF6, 0xFF, 0xFF, 0x0F, 0x00, 0x00, 0x00, 0x4D, 0x4C, 0x49, 0x52,
  0x20, 0x43, 0x6F, 0x6E, 0x76, 0x65, 0x72, 0x74, 0x65, 0x64, 0x2E, 0x00,
  0x01, 0x00, 0x00, 0x00, 0x14, 0x00, 0x00, 0x00, 0x00, 0x00, 0x0E, 0x00,
  0x18, 0x00, 0x14, 0x00, 0x10, 0x00, 0x0C, 0x00, 0x08, 0x00, 0x04, 0x00,
  0x0E, 0x00, 0x00, 0x00, 0x14, 0x00, 0x00, 0x00, 0x1C, 0x00, 0x00, 0x00,
  0x04, 0x02, 0x00, 0x00, 0x08, 0x02, 0x00, 0x00, 0x0C, 0x02, 0x00, 0x00,
  0x04, 0x00, 0x00, 0x00, 0x6D, 0x61, 0x69, 0x6E, 0x00, 0x00, 0x00, 0x00,
  0x07, 0x00, 0x00, 0x00, 0xA0, 0x01, 0x00, 0x00, 0x54, 0x01, 0x00, 0x00,
  0xF4, 0x00, 0x00, 0x00, 0xB4, 0x00, 0x00, 0x00, 0x8C, 0x00, 0x00, 0x00,
  0x48, 0x00, 0x00, 0x00, 0x04, 0x00, 0x00, 0x00, 0xCE, 0xFF, 0xFF, 0xFF,
  0x14, 0x00, 0x00, 0x00, 0x00, 0x00, 0x00, 0x09, 0x14, 0x00, 0x00, 0x00,
  0x18, 0x00, 0x00, 0x00, 0x06, 0x00, 0x00, 0x00, 0x5A, 0xFF, 0xFF, 0xFF,
  0x00, 0x00, 0x80, 0x3F, 0x01, 0x00, 0x00, 0x00, 0x0E, 0x00, 0x00, 0x00,
  0x01, 0x00, 0x00, 0x00, 0x0D, 0x00, 0x00, 0x00, 0x00, 0x00, 0x0E, 0x00,
  0x18, 0x00, 0x14, 0x00, 0x10, 0x00, 0x0C, 0x00, 0x0B, 0x00, 0x04, 0x00,
  0x0E, 0x00, 0x00, 0x00, 0x14, 0x00, 0x00, 0x00, 0x00, 0x00, 0x00, 0x08,
  0x10, 0x00, 0x00, 0x00, 0x14, 0x00, 0x00, 0x00, 0x05, 0x00, 0x00, 0x00,
  0x28, 0xF7, 0xFF, 0xFF, 0x01, 0x00, 0x00, 0x00, 0x0D, 0x00, 0x00, 0x00,
  0x03, 0x00, 0x00, 0x00, 0x0C, 0x00, 0x00, 0x00, 0x05, 0x00, 0x00, 0x00,
  0x04, 0x00, 0x00, 0x00, 0x00, 0x00, 0x0A, 0x00, 0x10, 0x00, 0x0C, 0x00,
  0x08, 0x00, 0x04, 0x00, 0x0A, 0x00, 0x00, 0x00, 0x0C, 0x00, 0x00, 0x00,
  0x10, 0x00, 0x00, 0x00, 0x04, 0x00, 0x00, 0x00, 0x01, 0x00, 0x00, 0x00,
  0x0C, 0x00, 0x00, 0x00, 0x02, 0x00, 0x00, 0x00, 0x08, 0x00, 0x00, 0x00,
  0x0B, 0x00, 0x00, 0x00, 0x76, 0xFF, 0xFF, 0xFF, 0x1C, 0x00, 0x00, 0x00,
  0x00, 0x00, 0x00, 0x3B, 0x1C, 0x00, 0x00, 0x00, 0x20, 0x00, 0x00, 0x00,
  0x03, 0x00, 0x00, 0x00, 0x00, 0x00, 0x06, 0x00, 0x08, 0x00, 0x04, 0x00,
  0x06, 0x00, 0x00, 0x00, 0x02, 0x00, 0x00, 0x00, 0x01, 0x00, 0x00, 0x00,
  0x0B, 0x00, 0x00, 0x00, 0x02, 0x00, 0x00, 0x00, 0x0A, 0x00, 0x00, 0x00,
  0x03, 0x00, 0x00, 0x00, 0xB2, 0xFF, 0xFF, 0xFF, 0x24, 0x00, 0x00, 0x00,
  0x00, 0x00, 0x00, 0x20, 0x24, 0x00, 0x00, 0x00, 0x28, 0x00, 0x00, 0x00,
  0x02, 0x00, 0x00, 0x00, 0x00, 0x00, 0x0E, 0x00, 0x08, 0x00, 0x00, 0x00,
  0x00, 0x00, 0x00, 0x00, 0x00, 0x00, 0x04, 0x00, 0x0E, 0x00, 0x00, 0x00,
  0x01, 0x00, 0x00, 0x00, 0x01, 0x00, 0x00, 0x00, 0x0A, 0x00, 0x00, 0x00,
  0x04, 0x00, 0x00, 0x00, 0x09, 0x00, 0x00, 0x00, 0x01, 0x00, 0x00, 0x00,
  0x02, 0x00, 0x00, 0x00, 0x02, 0x00, 0x00, 0x00, 0x00, 0x00, 0x0E, 0x00,
  0x1A, 0x00, 0x14, 0x00, 0x10, 0x00, 0x0C, 0x00, 0x0B, 0x00, 0x04, 0x00,
  0x0E, 0x00, 0x00, 0x00, 0x1C, 0x00, 0x00, 0x00, 0x00, 0x00, 0x00, 0x37,
  0x1C, 0x00, 0x00, 0x00, 0x20, 0x00, 0x00, 0x00, 0x01, 0x00, 0x00, 0x00,
  0x00, 0x00, 0x06, 0x00, 0x08, 0x00, 0x07, 0x00, 0x06, 0x00, 0x00, 0x00,
  0x00, 0x00, 0x00, 0x02, 0x01, 0x00, 0x00, 0x00, 0x09, 0x00, 0x00, 0x00,
  0x01, 0x00, 0x00, 0x00, 0x08, 0x00, 0x00, 0x00, 0x00, 0x00, 0x0E, 0x00,
  0x14, 0x00, 0x00, 0x00, 0x10, 0x00, 0x0C, 0x00, 0x0B, 0x00, 0x04, 0x00,
  0x0E, 0x00, 0x00, 0x00, 0x1C, 0x00, 0x00, 0x00, 0x00, 0x00, 0x00, 0x01,
  0x24, 0x00, 0x00, 0x00, 0x28, 0x00, 0x00, 0x00, 0x0C, 0x00, 0x10, 0x00,
  0x00, 0x00, 0x0C, 0x00, 0x08, 0x00, 0x07, 0x00, 0x0C, 0x00, 0x00, 0x00,
  0x00, 0x00, 0x00, 0x01, 0x02, 0x00, 0x00, 0x00, 0x02, 0x00, 0x00, 0x00,
  0x01, 0x00, 0x00, 0x00, 0x08, 0x00, 0x00, 0x00, 0x03, 0x00, 0x00, 0x00,
  0x00, 0x00, 0x00, 0x00, 0x07, 0x00, 0x00, 0x00, 0x06, 0x00, 0x00, 0x00,
  0x01, 0x00, 0x00, 0x00, 0x0E, 0x00, 0x00, 0x00, 0x01, 0x00, 0x00, 0x00,
  0x00, 0x00, 0x00, 0x00, 0x0F, 0x00, 0x00, 0x00, 0xA8, 0x07, 0x00, 0x00,
  0x30, 0x07, 0x00, 0x00, 0xD8, 0x06, 0x00, 0x00, 0x84, 0x06, 0x00, 0x00,
  0xFC, 0x05, 0x00, 0x00, 0x78, 0x05, 0x00, 0x00, 0x5C, 0x04, 0x00, 0x00,
  0x88, 0x03, 0x00, 0x00, 0x9C, 0x02, 0x00, 0x00, 0x4C, 0x02, 0x00, 0x00,
  0xF8, 0x01, 0x00, 0x00, 0xA0, 0x01, 0x00, 0x00, 0x1C, 0x01, 0x00, 0x00,
  0x80, 0x00, 0x00, 0x00, 0x04, 0x00, 0x00, 0x00, 0xAA, 0xF8, 0xFF, 0xFF,
  0x00, 0x00, 0x00, 0x01, 0x18, 0x00, 0x00, 0x00, 0x20, 0x00, 0x00, 0x00,
  0x3C, 0x00, 0x00, 0x00, 0x0F, 0x00, 0x00, 0x00, 0x00, 0x00, 0x00, 0x09,
  0x50, 0x00, 0x00, 0x00, 0x02, 0x00, 0x00, 0x00, 0xFF, 0xFF, 0xFF, 0xFF,
  0x03, 0x00, 0x00, 0x00, 0x8C, 0xF8, 0xFF, 0xFF, 0x08, 0x00, 0x00, 0x00,
  0x10, 0x00, 0x00, 0x00, 0x01, 0x00, 0x00, 0x00, 0x80, 0xFF, 0xFF, 0xFF,
  0xFF, 0xFF, 0xFF, 0xFF, 0x01, 0x00, 0x00, 0x00, 0x00, 0x00, 0x80, 0x3B,
  0x1B, 0x00, 0x00, 0x00, 0x53, 0x74, 0x61, 0x74, 0x65, 0x66, 0x75, 0x6C,
  0x50, 0x61, 0x72, 0x74, 0x69, 0x74, 0x69, 0x6F, 0x6E, 0x65, 0x64, 0x43,
  0x61, 0x6C, 0x6C, 0x5F, 0x31, 0x3A, 0x30, 0x00, 0x02, 0x00, 0x00, 0x00,
  0x01, 0x00, 0x00, 0x00, 0x03, 0x00, 0x00, 0x00, 0x22, 0xF9, 0xFF, 0xFF,
  0x00, 0x00, 0x00, 0x01, 0x18, 0x00, 0x00, 0x00, 0x20, 0x00, 0x00, 0x00,
  0x3C, 0x00, 0x00, 0x00, 0x0E, 0x00, 0x00, 0x00, 0x00, 0x00, 0x00, 0x09,
  0x70, 0x00, 0x00, 0x00, 0x02, 0x00, 0x00, 0x00, 0xFF, 0xFF, 0xFF, 0xFF,
  0x03, 0x00, 0x00, 0x00, 0x04, 0xF9, 0xFF, 0xFF, 0x08, 0x00, 0x00, 0x00,
  0x10, 0x00, 0x00, 0x00, 0x01, 0x00, 0x00, 0x00, 0x22, 0x00, 0x00, 0x00,
  0x00, 0x00, 0x00, 0x00, 0x01, 0x00, 0x00, 0x00, 0xB9, 0xE0, 0xC2, 0x3E,
  0x38, 0x00, 0x00, 0x00, 0x73, 0x65, 0x71, 0x75, 0x65, 0x6E, 0x74, 0x69,
  0x61, 0x6C, 0x5F, 0x31, 0x2F, 0x64, 0x65, 0x6E, 0x73, 0x65, 0x5F, 0x31,
  0x2F, 0x4D, 0x61, 0x74, 0x4D, 0x75, 0x6C, 0x3B, 0x73, 0x65, 0x71, 0x75,
  0x65, 0x6E, 0x74, 0x69, 0x61, 0x6C, 0x5F, 0x31, 0x2F, 0x64, 0x65, 0x6E,
  0x73, 0x65, 0x5F, 0x31, 0x2F, 0x42, 0x69, 0x61, 0x73, 0x41, 0x64, 0x64,
  0x00, 0x00, 0x00, 0x00, 0x02, 0x00, 0x00, 0x00, 0x01, 0x00, 0x00, 0x00,
  0x03, 0x00, 0x00, 0x00, 0xBA, 0xF9, 0xFF, 0xFF, 0x00, 0x00, 0x00, 0x01,
  0x18, 0x00, 0x00, 0x00, 0x20, 0x00, 0x00, 0x00, 0x40, 0x00, 0x00, 0x00,
  0x0D, 0x00, 0x00, 0x00, 0x00, 0x00, 0x00, 0x09, 0x58, 0x00, 0x00, 0x00,
  0x02, 0x00, 0x00, 0x00, 0xFF, 0xFF, 0xFF, 0xFF, 0xA0, 0x0F, 0x00, 0x00,
  0x9C, 0xF9, 0xFF, 0xFF, 0x08, 0x00, 0x00, 0x00, 0x14, 0x00, 0x00, 0x00,
  0x01, 0x00, 0x00, 0x00, 0x80, 0xFF, 0xFF, 0xFF, 0xFF, 0xFF, 0xFF, 0xFF,
  0x00, 0x00, 0x00, 0x00, 0x01, 0x00, 0x00, 0x00, 0xB7, 0xA2, 0x00, 0x3D,
  0x1E, 0x00, 0x00, 0x00, 0x73, 0x65, 0x71, 0x75, 0x65, 0x6E, 0x74, 0x69,
  0x61, 0x6C, 0x5F, 0x31, 0x2F, 0x66, 0x6C, 0x61, 0x74, 0x74, 0x65, 0x6E,
  0x5F, 0x31, 0x2F, 0x52, 0x65, 0x73, 0x68, 0x61, 0x70, 0x65, 0x00, 0x00,
  0x02, 0x00, 0x00, 0x00, 0x01, 0x00, 0x00, 0x00, 0xA0, 0x0F, 0x00, 0x00,
  0xAE, 0xFA, 0xFF, 0xFF, 0x00, 0x00, 0x00, 0x01, 0x14, 0x00, 0x00, 0x00,
  0x14, 0x00, 0x00, 0x00, 0x0C, 0x00, 0x00, 0x00, 0x00, 0x00, 0x00, 0x02,
  0x34, 0x00, 0x00, 0x00, 0x98, 0xFA, 0xFF, 0xFF, 0x24, 0x00, 0x00, 0x00,
  0x73, 0x65, 0x71, 0x75, 0x65, 0x6E, 0x74, 0x69, 0x61, 0x6C, 0x5F, 0x31,
  0x2F, 0x66, 0x6C, 0x61, 0x74, 0x74, 0x65, 0x6E, 0x5F, 0x31, 0x2F, 0x52,
  0x65, 0x73, 0x68, 0x61, 0x70, 0x65, 0x2F, 0x73, 0x68, 0x61, 0x70, 0x65,
  0x00, 0x00, 0x00, 0x00, 0x01, 0x00, 0x00, 0x00, 0x02, 0x00, 0x00, 0x00,
  0x02, 0xFB, 0xFF, 0xFF, 0x00, 0x00, 0x00, 0x01, 0x14, 0x00, 0x00, 0x00,
  0x14, 0x00, 0x00, 0x00, 0x0B, 0x00, 0x00, 0x00, 0x00, 0x00, 0x00, 0x02,
  0x34, 0x00, 0x00, 0x00, 0xEC, 0xFA, 0xFF, 0xFF, 0x24, 0x00, 0x00, 0x00,
  0x73, 0x65, 0x71, 0x75, 0x65, 0x6E, 0x74, 0x69, 0x61, 0x6C, 0x5F, 0x31,
  0x2F, 0x66, 0x6C, 0x61, 0x74, 0x74, 0x65, 0x6E, 0x5F, 0x31, 0x2F, 0x73,
  0x74, 0x72, 0x69, 0x64, 0x65, 0x64, 0x5F, 0x73, 0x6C, 0x69, 0x63, 0x65,
  0x00, 0x00, 0x00, 0x00, 0x00, 0x00, 0x00, 0x00, 0x52, 0xFB, 0xFF, 0xFF,
  0x00, 0x00, 0x00, 0x01, 0x14, 0x00, 0x00, 0x00, 0x14, 0x00, 0x00, 0x00,
  0x0A, 0x00, 0x00, 0x00, 0x00, 0x00, 0x00, 0x02, 0x2C, 0x00, 0x00, 0x00,
  0x3C, 0xFB, 0xFF, 0xFF, 0x1C, 0x00, 0x00, 0x00, 0x73, 0x65, 0x71, 0x75,
  0x65, 0x6E, 0x74, 0x69, 0x61, 0x6C, 0x5F, 0x31, 0x2F, 0x66, 0x6C, 0x61,
  0x74, 0x74, 0x65, 0x6E, 0x5F, 0x31, 0x2F, 0x53, 0x68, 0x61, 0x70, 0x65,
  0x00, 0x00, 0x00, 0x00, 0x01, 0x00, 0x00, 0x00, 0x04, 0x00, 0x00, 0x00,
  0x2A, 0xFB, 0xFF, 0xFF, 0x00, 0x00, 0x00, 0x01, 0x18, 0x00, 0x00, 0x00,
  0x28, 0x00, 0x00, 0x00, 0x44, 0x00, 0x00, 0x00, 0x09, 0x00, 0x00, 0x00,
  0x00, 0x00, 0x00, 0x09, 0xB8, 0x00, 0x00, 0x00, 0x04, 0x00, 0x00, 0x00,
  0xFF, 0xFF, 0xFF, 0xFF, 0x19, 0x00, 0x00, 0x00, 0x14, 0x00, 0x00, 0x00,
  0x08, 0x00, 0x00, 0x00, 0x14, 0xFB, 0xFF, 0xFF, 0x08, 0x00, 0x00, 0x00,
  0x10, 0x00, 0x00, 0x00, 0x01, 0x00, 0x00, 0x00, 0x80, 0xFF, 0xFF, 0xFF,
  0xFF, 0xFF, 0xFF, 0xFF, 0x01, 0x00, 0x00, 0x00, 0xB7, 0xA2, 0x00, 0x3D,
  0x79, 0x00, 0x00, 0x00, 0x73, 0x65, 0x71, 0x75, 0x65, 0x6E, 0x74, 0x69,
  0x61, 0x6C, 0x5F, 0x31, 0x2F, 0x63, 0x6F, 0x6E, 0x76, 0x32, 0x64, 0x5F,
  0x31, 0x2F, 0x52, 0x65, 0x6C, 0x75, 0x3B, 0x73, 0x65, 0x71, 0x75, 0x65,
  0x6E, 0x74, 0x69, 0x61, 0x6C, 0x5F, 0x31, 0x2F, 0x63, 0x6F, 0x6E, 0x76,
  0x32, 0x64, 0x5F, 0x31, 0x2F, 0x42, 0x69, 0x61, 0x73, 0x41, 0x64, 0x64,
  0x3B, 0x73, 0x65, 0x71, 0x75, 0x65, 0x6E, 0x74, 0x69, 0x61, 0x6C, 0x5F,
  0x31, 0x2F, 0x63, 0x6F, 0x6E, 0x76, 0x32, 0x64, 0x5F, 0x31, 0x2F, 0x63,
  0x6F, 0x6E, 0x76, 0x6F, 0x6C, 0x75, 0x74, 0x69, 0x6F, 0x6E, 0x3B, 0x73,
  0x65, 0x71, 0x75, 0x65, 0x6E, 0x74, 0x69, 0x61, 0x6C, 0x5F, 0x31, 0x2F,
  0x63, 0x6F, 0x6E, 0x76, 0x32, 0x64, 0x5F, 0x31, 0x2F, 0x53, 0x71, 0x75,
  0x65, 0x65, 0x7A, 0x65, 0x31, 0x00, 0x00, 0x00, 0x04, 0x00, 0x00, 0x00,
  0x01, 0x00, 0x00, 0x00, 0x19, 0x00, 0x00, 0x00, 0x14, 0x00, 0x00, 0x00,
  0x08, 0x00, 0x00, 0x00, 0x86, 0xFC, 0xFF, 0xFF, 0x00, 0x00, 0x00, 0x01,
  0x14, 0x00, 0x00, 0x00, 0x88, 0x00, 0x00, 0x00, 0x08, 0x00, 0x00, 0x00,
  0x00, 0x00, 0x00, 0x09, 0xA4, 0x00, 0x00, 0x00, 0xE4, 0xFB, 0xFF, 0xFF,
  0x08, 0x00, 0x00, 0x00, 0x4C, 0x00, 0x00, 0x00, 0x08, 0x00, 0x00, 0x00,
  0x00, 0x00, 0x00, 0x00, 0x00, 0x00, 0x00, 0x00, 0x00, 0x00, 0x00, 0x00,
  0x00, 0x00, 0x00, 0x00, 0x00, 0x00, 0x00, 0x00, 0x00, 0x00, 0x00, 0x00,
  0x00, 0x00, 0x00, 0x00, 0x00, 0x00, 0x00, 0x00, 0x00, 0x00, 0x00, 0x00,
  0x00, 0x00, 0x00, 0x00, 0x00, 0x00, 0x00, 0x00, 0x00, 0x00, 0x00, 0x00,
  0x00, 0x00, 0x00, 0x00, 0x00, 0x00, 0x00, 0x00, 0x00, 0x00, 0x00, 0x00,
  0x00, 0x00, 0x00, 0x00, 0x00, 0x00, 0x00, 0x00, 0x08, 0x00, 0x00, 0x00,
  0x1E, 0xBF, 0xDE, 0x3A, 0xDE, 0x46, 0x9D, 0x3A, 0xC4, 0x0E, 0xF6, 0x3A,
  0x8A, 0x40, 0xEC, 0x3A, 0xF4, 0x57, 0xDE, 0x3A, 0x7B, 0x07, 0xD7, 0x3A,
  0x65, 0x99, 0xA9, 0x3A, 0x67, 0xF7, 0xA7, 0x3A, 0x21, 0x00, 0x00, 0x00,
  0x73, 0x65, 0x71, 0x75, 0x65, 0x6E, 0x74, 0x69, 0x61, 0x6C, 0x5F, 0x31,
  0x2F, 0x63, 0x6F, 0x6E, 0x76, 0x32, 0x64, 0x5F, 0x31, 0x2F, 0x63, 0x6F,
  0x6E, 0x76, 0x6F, 0x6C, 0x75, 0x74, 0x69, 0x6F, 0x6E, 0x00, 0x00, 0x00,
  0x04, 0x00, 0x00, 0x00, 0x08, 0x00, 0x00, 0x00, 0x0A, 0x00, 0x00, 0x00,
  0x08, 0x00, 0x00, 0x00, 0x01, 0x00, 0x00, 0x00, 0x56, 0xFD, 0xFF, 0xFF,
  0x00, 0x00, 0x00, 0x01, 0x14, 0x00, 0x00, 0x00, 0x84, 0x00, 0x00, 0x00,
  0x07, 0x00, 0x00, 0x00, 0x00, 0x00, 0x00, 0x02, 0xF8, 0x00, 0x00, 0x00,
  0xB4, 0xFC, 0xFF, 0xFF, 0x08, 0x00, 0x00, 0x00, 0x48, 0x00, 0x00, 0x00,
  0x08, 0x00, 0x00, 0x00, 0x00, 0x00, 0x00, 0x00, 0x00, 0x00, 0x00, 0x00,
  0x00, 0x00, 0x00, 0x00, 0x00, 0x00, 0x00, 0x00, 0x00, 0x00, 0x00, 0x00,
  0x00, 0x00, 0x00, 0x00, 0x00, 0x00, 0x00, 0x00, 0x00, 0x00, 0x00, 0x00,
  0x00, 0x00, 0x00, 0x00, 0x00, 0x00, 0x00, 0x00, 0x00, 0x00, 0x00, 0x00,
  0x00, 0x00, 0x00, 0x00, 0x00, 0x00, 0x00, 0x00, 0x00, 0x00, 0x00, 0x00,
  0x00, 0x00, 0x00, 0x00, 0x00, 0x00, 0x00, 0x00, 0x08, 0x00, 0x00, 0x00,
  0x10, 0x74, 0xA1, 0x38, 0x77, 0xFF, 0x63, 0x38, 0x98, 0x59, 0xB2, 0x38,
  0x1C, 0x3E, 0xAB, 0x38, 0x4A, 0x29, 0xA1, 0x38, 0x10, 0xDC, 0x9B, 0x38,
  0x75, 0xDC, 0x75, 0x38, 0x83, 0x7E, 0x73, 0x38, 0x78, 0x00, 0x00, 0x00,
  0x73, 0x65, 0x71, 0x75, 0x65, 0x6E, 0x74, 0x69, 0x61, 0x6C, 0x5F, 0x31,
  0x2F, 0x63, 0x6F, 0x6E, 0x76, 0x32, 0x64, 0x5F, 0x31, 0x2F, 0x52, 0x65,
  0x6C, 0x75, 0x3B, 0x73, 0x65, 0x71, 0x75, 0x65, 0x6E, 0x74, 0x69, 0x61,
  0x6C, 0x5F, 0x31, 0x2F, 0x63, 0x6F, 0x6E, 0x76, 0x32, 0x64, 0x5F, 0x31,
  0x2F, 0x42, 0x69, 0x61, 0x73, 0x41, 0x64, 0x64, 0x3B, 0x73, 0x65, 0x71,
  0x75, 0x65, 0x6E, 0x74, 0x69, 0x61, 0x6C, 0x5F, 0x31, 0x2F, 0x63, 0x6F,
  0x6E, 0x76, 0x32, 0x64, 0x5F, 0x31, 0x2F, 0x63, 0x6F, 0x6E, 0x76, 0x6F,
  0x6C, 0x75, 0x74, 0x69, 0x6F, 0x6E, 0x3B, 0x73, 0x65, 0x71, 0x75, 0x65,
  0x6E, 0x74, 0x69, 0x61, 0x6C, 0x5F, 0x31, 0x2F, 0x63, 0x6F, 0x6E, 0x76,
  0x32, 0x64, 0x5F, 0x31, 0x2F, 0x53, 0x71, 0x75, 0x65, 0x65, 0x7A, 0x65,
  0x00, 0x00, 0x00, 0x00, 0x01, 0x00, 0x00, 0x00, 0x08, 0x00, 0x00, 0x00,
  0x6E, 0xFE, 0xFF, 0xFF, 0x00, 0x00, 0x00, 0x01, 0x14, 0x00, 0x00, 0x00,
  0x48, 0x00, 0x00, 0x00, 0x06, 0x00, 0x00, 0x00, 0x00, 0x00, 0x00, 0x09,
  0x5C, 0x00, 0x00, 0x00, 0xCC, 0xFD, 0xFF, 0xFF, 0x08, 0x00, 0x00, 0x00,
  0x20, 0x00, 0x00, 0x00, 0x03, 0x00, 0x00, 0x00, 0x00, 0x00, 0x00, 0x00,
  0x00, 0x00, 0x00, 0x00, 0x00, 0x00, 0x00, 0x00, 0x00, 0x00, 0x00, 0x00,
  0x00, 0x00, 0x00, 0x00, 0x00, 0x00, 0x00, 0x00, 0x03, 0x00, 0x00, 0x00,
  0x83, 0x9F, 0x4F, 0x3B, 0x09, 0xDC, 0x17, 0x3B, 0x66, 0xCE, 0x29, 0x3B,
  0x1B, 0x00, 0x00, 0x00, 0x73, 0x65, 0x71, 0x75, 0x65, 0x6E, 0x74, 0x69,
  0x61, 0x6C, 0x5F, 0x31, 0x2F, 0x64, 0x65, 0x6E, 0x73, 0x65, 0x5F, 0x31,
  0x2F, 0x4D, 0x61, 0x74, 0x4D, 0x75, 0x6C, 0x00, 0x02, 0x00, 0x00, 0x00,
  0x03, 0x00, 0x00, 0x00, 0xA0, 0x0F, 0x00, 0x00, 0xEE, 0xFE, 0xFF, 0xFF,
  0x00, 0x00, 0x00, 0x01, 0x14, 0x00, 0x00, 0x00, 0x4C, 0x00, 0x00, 0x00,
  0x05, 0x00, 0x00, 0x00, 0x00, 0x00, 0x00, 0x02, 0x64, 0x00, 0x00, 0x00,
  0x4C, 0xFE, 0xFF, 0xFF, 0x08, 0x00, 0x00, 0x00, 0x24, 0x00, 0x00, 0x00,
  0x03, 0x00, 0x00, 0x00, 0x00, 0x00, 0x00, 0x00, 0x00, 0x00, 0x00, 0x00,
  0x00, 0x00, 0x00, 0x00, 0x00, 0x00, 0x00, 0x00, 0x00, 0x00, 0x00, 0x00,
  0x00, 0x00, 0x00, 0x00, 0x00, 0x00, 0x00, 0x00, 0x03, 0x00, 0x00, 0x00,
  0x72, 0xA7, 0xD0, 0x38, 0x15, 0x9D, 0x98, 0x38, 0x42, 0xA6, 0xAA, 0x38,
  0x1C, 0x00, 0x00, 0x00, 0x73, 0x65, 0x71, 0x75, 0x65, 0x6E, 0x74, 0x69,
  0x61, 0x6C, 0x5F, 0x31, 0x2F, 0x64, 0x65, 0x6E, 0x73, 0x65, 0x5F, 0x31,
  0x2F, 0x42, 0x69, 0x61, 0x73, 0x41, 0x64, 0x64, 0x00, 0x00, 0x00, 0x00,
  0x01, 0x00, 0x00, 0x00, 0x03, 0x00, 0x00, 0x00, 0x72, 0xFF, 0xFF, 0xFF,
  0x00, 0x00, 0x00, 0x01, 0x14, 0x00, 0x00, 0x00, 0x14, 0x00, 0x00, 0x00,
  0x04, 0x00, 0x00, 0x00, 0x00, 0x00, 0x00, 0x02, 0x34, 0x00, 0x00, 0x00,
  0x5C, 0xFF, 0xFF, 0xFF, 0x26, 0x00, 0x00, 0x00, 0x73, 0x65, 0x71, 0x75,
  0x65, 0x6E, 0x74, 0x69, 0x61, 0x6C, 0x5F, 0x31, 0x2F, 0x66, 0x6C, 0x61,
  0x74, 0x74, 0x65, 0x6E, 0x5F, 0x31, 0x2F, 0x52, 0x65, 0x73, 0x68, 0x61,
  0x70, 0x65, 0x2F, 0x73, 0x68, 0x61, 0x70, 0x65, 0x2F, 0x31, 0x00, 0x00,
  0x00, 0x00, 0x00, 0x00, 0xC2, 0xFF, 0xFF, 0xFF, 0x00, 0x00, 0x00, 0x01,
  0x14, 0x00, 0x00, 0x00, 0x14, 0x00, 0x00, 0x00, 0x03, 0x00, 0x00, 0x00,
  0x00, 0x00, 0x00, 0x02, 0x1C, 0x00, 0x00, 0x00, 0xAC, 0xFF, 0xFF, 0xFF,
  0x0E, 0x00, 0x00, 0x00, 0x61, 0x72, 0x69, 0x74, 0x68, 0x2E, 0x63, 0x6F,
  0x6E, 0x73, 0x74, 0x61, 0x6E, 0x74, 0x00, 0x00, 0x01, 0x00, 0x00, 0x00,
  0x01, 0x00, 0x00, 0x00, 0x00, 0x00, 0x16, 0x00, 0x1C, 0x00, 0x18, 0x00,
  0x17, 0x00, 0x10, 0x00, 0x0C, 0x00, 0x08, 0x00, 0x00, 0x00, 0x00, 0x00,
  0x00, 0x00, 0x07, 0x00, 0x16, 0x00, 0x00, 0x00, 0x00, 0x00, 0x00, 0x01,
  0x18, 0x00, 0x00, 0x00, 0x18, 0x00, 0x00, 0x00, 0x02, 0x00, 0x00, 0x00,
  0x00, 0x00, 0x00, 0x02, 0x3C, 0x00, 0x00, 0x00, 0x04, 0x00, 0x04, 0x00,
  0x04, 0x00, 0x00, 0x00, 0x2A, 0x00, 0x00, 0x00, 0x73, 0x65, 0x71, 0x75,
  0x65, 0x6E, 0x74, 0x69, 0x61, 0x6C, 0x5F, 0x31, 0x2F, 0x66, 0x6C, 0x61,
  0x74, 0x74, 0x65, 0x6E, 0x5F, 0x31, 0x2F, 0x73, 0x74, 0x72, 0x69, 0x64,
  0x65, 0x64, 0x5F, 0x73, 0x6C, 0x69, 0x63, 0x65, 0x2F, 0x73, 0x74, 0x61,
  0x63, 0x6B, 0x00, 0x00, 0x01, 0x00, 0x00, 0x00, 0x01, 0x00, 0x00, 0x00,
  0x00, 0x00, 0x16, 0x00, 0x20, 0x00, 0x1C, 0x00, 0x1B, 0x00, 0x14, 0x00,
  0x10, 0x00, 0x0C, 0x00, 0x00, 0x00, 0x00, 0x00, 0x08, 0x00, 0x07, 0x00,
  0x16, 0x00, 0x00, 0x00, 0x00, 0x00, 0x00, 0x01, 0x18, 0x00, 0x00, 0x00,
  0x34, 0x00, 0x00, 0x00, 0x50, 0x00, 0x00, 0x00, 0x01, 0x00, 0x00, 0x00,
  0x00, 0x00, 0x00, 0x09, 0x68, 0x00, 0x00, 0x00, 0x04, 0x00, 0x00, 0x00,
  0xFF, 0xFF, 0xFF, 0xFF, 0x31, 0x00, 0x00, 0x00, 0x28, 0x00, 0x00, 0x00,
  0x01, 0x00, 0x00, 0x00, 0x0C, 0x00, 0x0C, 0x00, 0x00, 0x00, 0x00, 0x00,
  0x08, 0x00, 0x04, 0x00, 0x0C, 0x00, 0x00, 0x00, 0x08, 0x00, 0x00, 0x00,
  0x10, 0x00, 0x00, 0x00, 0x01, 0x00, 0x00, 0x00, 0x0A, 0x00, 0x00, 0x00,
  0x00, 0x00, 0x00, 0x00, 0x01, 0x00, 0x00, 0x00, 0x75, 0x8E, 0x39, 0x3D,
  0x1E, 0x00, 0x00, 0x00, 0x73, 0x65, 0x72, 0x76, 0x69, 0x6E, 0x67, 0x5F,
  0x64, 0x65, 0x66, 0x61, 0x75, 0x6C, 0x74, 0x5F, 0x6B, 0x65, 0x72, 0x61,
  0x73, 0x5F, 0x74, 0x65, 0x6E, 0x73, 0x6F, 0x72, 0x3A, 0x30, 0x00, 0x00,
  0x04, 0x00, 0x00, 0x00, 0x01, 0x00, 0x00, 0x00, 0x31, 0x00, 0x00, 0x00,
  0x28, 0x00, 0x00, 0x00, 0x01, 0x00, 0x00, 0x00, 0x07, 0x00, 0x00, 0x00,
  0x84, 0x00, 0x00, 0x00, 0x68, 0x00, 0x00, 0x00, 0x4C, 0x00, 0x00, 0x00,
  0x3C, 0x00, 0x00, 0x00, 0x2C, 0x00, 0x00, 0x00, 0x18, 0x00, 0x00, 0x00,
  0x04, 0x00, 0x00, 0x00, 0xA4, 0xFF, 0xFF, 0xFF, 0x19, 0x00, 0x00, 0x00,
  0x02, 0x00, 0x00, 0x00, 0x00, 0x00, 0x00, 0x19, 0xB4, 0xFF, 0xFF, 0xFF,
  0x09, 0x00, 0x00, 0x00, 0x04, 0x00, 0x00, 0x00, 0x00, 0x00, 0x00, 0x09,
  0xDC, 0xFF, 0xFF, 0xFF, 0x16, 0x00, 0x00, 0x00, 0x00, 0x00, 0x00, 0x16,
  0xE8, 0xFF, 0xFF, 0xFF, 0x53, 0x00, 0x00, 0x00, 0x00, 0x00, 0x00, 0x53,
  0xF4, 0xFF, 0xFF, 0xFF, 0x2D, 0x00, 0x00, 0x00, 0x00, 0x00, 0x00, 0x2D,
  0x0C, 0x00, 0x0C, 0x00, 0x0B, 0x00, 0x00, 0x00, 0x00, 0x00, 0x04, 0x00,
  0x0C, 0x00, 0x00, 0x00, 0x4D, 0x00, 0x00, 0x00, 0x00, 0x00, 0x00, 0x4D,
  0x0C, 0x00, 0x10, 0x00, 0x0F, 0x00, 0x00, 0x00, 0x08, 0x00, 0x04, 0x00,
  0x0C, 0x00, 0x00, 0x00, 0x03, 0x00, 0x00, 0x00, 0x03, 0x00, 0x00, 0x00,
  0x00, 0x00, 0x00, 0x03,
};
const uint32_t model_hey_arduino_size = sizeof(model_hey_arduino);

/* Aliases: a sketch can switch model by changing only its #include. */
#undef KWS_MODEL
#undef KWS_MODEL_SIZE
#define KWS_MODEL       model_hey_arduino
#define KWS_MODEL_SIZE  model_hey_arduino_size
