/* Auto-generated by tools/mmdl_pack.py - do not edit by hand. */

const uint8_t model_stop[] = {
  0x4D, 0x4D, 0x44, 0x4C, 0x01, 0x00, 0x01, 0x00, 0x18, 0x3F, 0x00, 0x00,
  0x0D, 0x82, 0xDD, 0xEE, 0x73, 0x74, 0x6F, 0x70, 0x00, 0x00, 0x00, 0x00,
  0x00, 0x00, 0x00, 0x00, 0x00, 0x00, 0x00, 0x00, 0x03, 0x00, 0x00, 0x00,
  0x14, 0x39, 0x27, 0xB0, 0x1C, 0x00, 0x00, 0x00, 0x54, 0x46, 0x4C, 0x33,
  0x14, 0x00, 0x20, 0x00, 0x1C, 0x00, 0x18, 0x00, 0x14, 0x00, 0x10, 0x00,
  0x0C, 0x00, 0x00, 0x00, 0x08, 0x00, 0x04, 0x00, 0x14, 0x00, 0x00, 0x00,
  0x1C, 0x00, 0x00, 0x00, 0x8C, 0x00, 0x00, 0x00, 0xE4, 0x00, 0x00, 0x00,
  0xC4, 0x33, 0x00, 0x00, 0xD4, 0x33, 0x00, 0x00, 0x4C, 0x3E, 0x00, 0x00,
  0x03, 0x00, 0x00, 0x00, 0x01, 0x00, 0x00, 0x00, 0x04, 0x00, 0x00, 0x00,
  0x6E, 0xCB, 0xFF, 0xFF, 0x0C, 0x00, 0x00, 0x00, 0x1C, 0x00, 0x00, 0x00,
  0x3C, 0x00, 0x00, 0x00, 0x0F, 0x00, 0x00, 0x00, 0x73, 0x65, 0x72, 0x76,
  0x69, 0x6E, 0x67, 0x5F, 0x64, 0x65, 0x66, 0x61, 0x75, 0x6C, 0x74, 0x00,
  0x01, 0x00, 0x00, 0x00, 0x04, 0x00, 0x00, 0x00, 0x90, 0xFF, 0xFF, 0xFF,
  0x0E, 0x00, 0x00, 0x00, 0x04, 0x00, 0x00, 0x00, 0x08, 0x00, 0x00, 0x00,
  0x6F, 0x75, 0x74, 0x70, 0x75, 0x74, 0x5F, 0x30, 0x00, 0x00, 0x00, 0x00,
  0x01, 0x00, 0x00, 0x00, 0x04, 0x00, 0x00, 0x00, 0x76, 0xCB, 0xFF, 0xFF,
  0x04, 0x00, 0x00, 0x00, 0x0C, 0x00, 0x00, 0x00, 0x6B, 0x65, 0x72, 0x61,
  0x73, 0x5F, 0x74, 0x65, 0x6E, 0x73, 0x6F, 0x72, 0x00, 0x00, 0x00, 0x00,
  0x02, 0x00, 0x00, 0x00, 0x34, 0x00, 0x00, 0x00, 0x04, 0x00, 0x00, 0x00,
  0xDC, 0xFF, 0xFF, 0xFF, 0x11, 0x00, 0x00, 0x00, 0x04, 0x00, 0x00, 0x00,
  0x13, 0x00, 0x00, 0x00, 0x43, 0x4F, 0x4E, 0x56, 0x45, 0x52, 0x53, 0x49,
  0x4F, 0x4E, 0x5F, 0x4D, 0x45, 0x54, 0x41, 0x44, 0x41, 0x54, 0x41, 0x00,
  0x08, 0x00, 0x0C, 0x00, 0x08, 0x00, 0x04, 0x00, 0x08, 0x00, 0x00, 0x00,
  0x10, 0x00, 0x00, 0x00, 0x04, 0x00, 0x00, 0x00, 0x13, 0x00, 0x00, 0x00,
  0x6D, 0x69, 0x6E, 0x5F, 0x72, 0x75, 0x6E, 0x74, 0x69, 0x6D, 0x65, 0x5F,
  0x76, 0x65, 0x72, 0x73, 0x69, 0x6F, 0x6E, 0x00, 0x12, 0x00, 0x00, 0x00,
  0xDC, 0x32, 0x00, 0x00, 0xD4, 0x32, 0x00, 0x00, 0xC0, 0x32, 0x00, 0x00,
  0xAC, 0x32, 0x00, 0x00, 0x98, 0x32, 0x00, 0x00, 0x7C, 0x32, 0x00, 0x00,
  0x8C, 0x03, 0x00, 0x00, 0x5C, 0x03, 0x00, 0x00, 0xCC, 0x00, 0x00, 0x00,
  0xC4, 0x00, 0x00, 0x00, 0xBC, 0x00, 0x00, 0x00, 0xB4, 0x00, 0x00, 0x00,
  0xAC, 0x00, 0x00, 0x00, 0xA4, 0x00, 0x00, 0x00, 0x9C, 0x00, 0x00, 0x00,
  0x94, 0x00, 0x00, 0x00, 0x74, 0x00, 0x00, 0x00, 0x04, 0x00, 0x00, 0x00,
  0x3A, 0xCC, 0xFF, 0xFF, 0x04, 0x00, 0x00, 0x00, 0x60, 0x00, 0x00, 0x00,
  0x0C, 0x00, 0x00, 0x00, 0x08, 0x00, 0x0E, 0x00, 0x08, 0x00, 0x04, 0x00,
  0x08, 0x00, 0x00, 0x00, 0x10, 0x00, 0x00, 0x00, 0x28, 0x00, 0x00, 0x00,
  0x00, 0x00, 0x06, 0x00, 0x08, 0x00, 0x04, 0x00, 0x06, 0x00, 0x00, 0x00,
  0x04, 0x00, 0x00, 0x00, 0x01, 0x00, 0x00, 0x00, 0xEB, 0x03, 0x00, 0x00,
  0x0C, 0x00, 0x18, 0x00, 0x14, 0x00, 0x10, 0x00, 0x0C, 0x00, 0x04, 0x00,
  0x0C, 0x00, 0x00, 0x00, 0xD4, 0x5C, 0xFA, 0xC2, 0x53, 0xD6, 0xF9, 0x24,
  0x02, 0x00, 0x00, 0x00, 0x02, 0x00, 0x00, 0x00, 0x04, 0x00, 0x00, 0x00,
  0x06, 0x00, 0x00, 0x00, 0x32, 0x2E, 0x32, 0x31, 0x2E, 0x30, 0x00, 0x00,
  0xA6, 0xCC, 0xFF, 0xFF, 0x04, 0x00, 0x00, 0x00, 0x10, 0x00, 0x00, 0x00,
  0x31, 0x2E, 0x31, 0x34, 0x2E, 0x30, 0x00, 0x00, 0x00, 0x00, 0x00, 0x00,
  0x00, 0x00, 0x00, 0x00, 0x50, 0xC4, 0xFF, 0xFF, 0x54, 0xC4, 0xFF, 0xFF,
  0x58, 0xC4, 0xFF, 0xFF, 0x5C, 0xC4, 0xFF, 0xFF, 0x60, 0xC4, 0xFF, 0xFF,
  0x64, 0xC4, 0xFF, 0xFF, 0x68, 0xC4, 0xFF, 0xFF, 0xDE, 0xCC, 0xFF, 0xFF,
  0x04, 0x00, 0x00, 0x00, 0x80, 0x02, 0x00, 0x00, 0x2A, 0x21, 0x2B, 0x2A,
  0xFB, 0x56, 0xAC, 0xC3, 0xBA, 0x49, 0xE8, 0x44, 0x54, 0x37, 0xB8, 0x81,
  0xA5, 0x2B, 0x39, 0xF2, 0x76, 0x06, 0xCB, 0xCE, 0xF8, 0x42, 0x1A, 0xCC,
  0x4E, 0x07, 0x0D, 0xC7, 0x2F, 0x79, 0x2C, 0xEF, 0x24, 0xFC, 0xD5, 0xC0,
  0x41, 0x5E, 0xDE, 0x0F, 0x01, 0xC7, 0xDB, 0xDF, 0xE5, 0xE1, 0xCE, 0xC9,
  0x35, 0xFB, 0x35, 0x28, 0xD4, 0xF3, 0x98, 0xC5, 0x25, 0x0E, 0xE1, 0x02,
  0x1C, 0xF8, 0xD4, 0x07, 0x2D, 0x1D, 0x11, 0xF8, 0x06, 0xBF, 0xE3, 0xBC,
  0x05, 0xE8, 0x4F, 0xED, 0xB6, 0xAC, 0x2B, 0xD2, 0x3A, 0xB9, 0x06, 0xBB,
  0xFC, 0xD5, 0x0E, 0xB0, 0xBF, 0xC1, 0xDC, 0xB7, 0xEB, 0x0D, 0xA9, 0x1F,
  0xB1, 0xDF, 0xED, 0x49, 0xFC, 0xCC, 0x12, 0x15, 0x27, 0xC2, 0xE7, 0x40,
  0x59, 0xE1, 0x29, 0xE9, 0xE4, 0x57, 0xBC, 0xD0, 0xFF, 0x55, 0x40, 0xD7,
  0x8B, 0x36, 0x1D, 0x1F, 0x54, 0x1A, 0x0C, 0x48, 0x98, 0x2D, 0x0A, 0x44,
  0xF1, 0x0F, 0x67, 0xD4, 0xE6, 0x42, 0x3E, 0x9A, 0x68, 0x49, 0x52, 0x56,
  0xDE, 0x0E, 0xE3, 0xBE, 0xCE, 0x7F, 0x61, 0x69, 0x1F, 0xC7, 0xC0, 0xB4,
  0xAC, 0xD5, 0xDC, 0xD1, 0x18, 0x0F, 0x1E, 0x37, 0x12, 0x03, 0xCA, 0xF3,
  0xED, 0xC7, 0x01, 0x3C, 0xAF, 0xBA, 0xF2, 0x07, 0xE1, 0x2F, 0x06, 0x23,
  0xD9, 0xFA, 0x4F, 0x3D, 0xE9, 0xC9, 0x25, 0x25, 0x26, 0x4B, 0x71, 0x7B,
  0x69, 0x1F, 0x3C, 0xD8, 0xEC, 0x2F, 0x0F, 0x64, 0x7F, 0x65, 0xF8, 0x1C,
  0xA1, 0xFD, 0xD5, 0x0D, 0x6C, 0xFD, 0x58, 0x09, 0x87, 0xB2, 0x14, 0x3E,
  0x26, 0xCC, 0xE1, 0x0E, 0x00, 0x08, 0x0D, 0xC4, 0xDC, 0x06, 0xED, 0xDE,
  0xB2, 0xF9, 0xEB, 0xBB, 0xCE, 0x22, 0xEF, 0x15, 0xC4, 0xAF, 0x0E, 0xF1,
  0x45, 0x41, 0x07, 0x7F, 0xBE, 0xE2, 0x1C, 0x1B, 0x3A, 0x60, 0x73, 0x59,
  0xDA, 0x0F, 0xCA, 0xE1, 0x27, 0x33, 0x1A, 0x2D, 0xE9, 0xB4, 0x16, 0xC0,
  0xD1, 0x1E, 0x0E, 0xDD, 0xBA, 0xEA, 0xAE, 0xEA, 0x1B, 0xFB, 0xCC, 0x0B,
  0x0E, 0xAC, 0xF5, 0x27, 0x0A, 0x11, 0xBE, 0xD3, 0x2B, 0x17, 0xE9, 0x54,
  0xFF, 0xF5, 0x28, 0xEA, 0xE2, 0xF2, 0x3D, 0x5B, 0x2F, 0x29, 0x09, 0xCD,
  0x23, 0x19, 0x01, 0x0F, 0x38, 0x21, 0xFE, 0xD1, 0x41, 0x28, 0x29, 0x19,
  0x2D, 0xC4, 0x21, 0xEB, 0x93, 0x26, 0xFB, 0x0E, 0x3E, 0xC2, 0xF1, 0x33,
  0xD6, 0x37, 0x1B, 0xE1, 0x47, 0x1A, 0xF6, 0xDE, 0xC1, 0xDE, 0xDD, 0x18,
  0x4C, 0x0C, 0x2B, 0x0F, 0xDE, 0x68, 0x59, 0x53, 0x5D, 0x3D, 0x3B, 0xFA,
  0xFF, 0x5E, 0x17, 0x55, 0x7F, 0x7C, 0x61, 0xAD, 0x9A, 0xD9, 0xC6, 0x0D,
  0x21, 0x4D, 0x4E, 0xFE, 0xF5, 0xD2, 0xDB, 0xD7, 0x0C, 0xF5, 0x1B, 0xF9,
  0x00, 0x20, 0xEC, 0xD3, 0xB4, 0x27, 0xE7, 0x1C, 0xF6, 0x0F, 0x36, 0xEA,
  0x14, 0xCD, 0xB2, 0xF9, 0xFE, 0x11, 0x06, 0x8B, 0x97, 0x99, 0xA1, 0xFA,
  0xBA, 0xCD, 0x25, 0x35, 0x30, 0xD7, 0xC7, 0xE6, 0x3C, 0x29, 0x11, 0xF2,
  0xEF, 0xBD, 0xC8, 0x1C, 0x1D, 0x03, 0xF0, 0x3D, 0xE2, 0xC7, 0xC7, 0xFB,
  0x3A, 0x42, 0x0F, 0x5A, 0x0C, 0xBB, 0xC1, 0xC2, 0x29, 0x24, 0x59, 0x71,
  0xF7, 0xDE, 0xDD, 0xF0, 0x10, 0x0A, 0xFF, 0x5C, 0xE7, 0xC6, 0xD8, 0x2E,
  0xF8, 0xC6, 0x3A, 0x1C, 0x45, 0xEA, 0x27, 0x2A, 0xF2, 0xBD, 0x23, 0xC6,
  0x4D, 0x08, 0x13, 0x4E, 0xDE, 0xF1, 0xDA, 0xD7, 0x4F, 0xEA, 0x2A, 0x7F,
  0xE4, 0xB6, 0xFE, 0xAA, 0x19, 0xF1, 0x6D, 0x68, 0x3D, 0xE9, 0x00, 0x3D,
  0x53, 0x3C, 0x0C, 0x96, 0x27, 0x0B, 0x30, 0x1F, 0x4D, 0x2D, 0xF4, 0x95,
  0xE8, 0xE6, 0x2C, 0xCC, 0xF3, 0x35, 0x28, 0xC1, 0xF5, 0x11, 0xF3, 0x19,
  0x3C, 0x21, 0x0B, 0xBF, 0x15, 0xD4, 0xCF, 0x03, 0x13, 0x7F, 0x26, 0xDE,
  0x00, 0x85, 0xC0, 0x0E, 0x4C, 0x41, 0x13, 0x2D, 0x0C, 0xFA, 0xB4, 0xAC,
  0x57, 0x51, 0x1C, 0x51, 0xF5, 0x8C, 0xC0, 0xCA, 0xF2, 0x0F, 0x31, 0xF8,
  0xFF, 0xFA, 0x10, 0xE0, 0x19, 0xCA, 0x20, 0x43, 0xE1, 0xDA, 0xCC, 0xE5,
  0x1A, 0x29, 0x11, 0x39, 0x62, 0xD8, 0x03, 0xD7, 0xB7, 0x60, 0x3C, 0xE0,
  0xE8, 0x06, 0x9D, 0xD1, 0x0F, 0x5C, 0x29, 0x0A, 0x8C, 0xF1, 0xF7, 0x3D,
  0xB8, 0xC2, 0x40, 0xBD, 0x41, 0xE8, 0xD8, 0xE3, 0xBD, 0x10, 0xFD, 0x5D,
  0x15, 0x75, 0x3B, 0x36, 0xF9, 0xA7, 0xD7, 0x1B, 0xB7, 0x76, 0xF0, 0xE5,
  0xF0, 0x08, 0x3E, 0xEC, 0xC2, 0x0F, 0xF4, 0xB8, 0x0A, 0xDB, 0x55, 0x4B,
  0x1B, 0xF0, 0xE2, 0x34, 0x14, 0x9D, 0xB9, 0xEF, 0xFA, 0x3F, 0x1C, 0x5D,
  0x18, 0xE7, 0x1E, 0x6B, 0xBF, 0xDC, 0x4C, 0xBB, 0x81, 0x05, 0xBE, 0x09,
  0x6A, 0xCF, 0xFF, 0xFF, 0x04, 0x00, 0x00, 0x00, 0x20, 0x00, 0x00, 0x00,
  0x4F, 0xFD, 0xFF, 0xFF, 0x50, 0xFD, 0xFF, 0xFF, 0xBC, 0xFD, 0xFF, 0xFF,
  0xC9, 0xFA, 0xFF, 0xFF, 0x43, 0xFB, 0xFF, 0xFF, 0x3B, 0xFC, 0xFF, 0xFF,
  0x2B, 0x02, 0x00, 0x00, 0xF2, 0xFF, 0xFF, 0xFF, 0x96, 0xCF, 0xFF, 0xFF,
  0x04, 0x00, 0x00, 0x00, 0xE0, 0x2E, 0x00, 0x00, 0x14, 0xEC, 0xD0, 0xF9,
  0x2B, 0xDE, 0xDE, 0x27, 0x2F, 0xD8, 0xE7, 0xEA, 0x0F, 0xE5, 0xDD, 0xF6,
  0x0B, 0xD5, 0xCF, 0xF7, 0x03, 0xE6, 0x07, 0xF5, 0xFB, 0xD1, 0xD5, 0xF0,
  0x13, 0xD7, 0x01, 0xF0, 0x12, 0xF1, 0xBC, 0xF7, 0xF6, 0xEB, 0xD2, 0x0A,
  0x1D, 0xE9, 0xD0, 0xF4, 0x1E, 0xEF, 0xD6, 0x07, 0x1B, 0xDE, 0xCE, 0xF4,
  0x09, 0xD4, 0x23, 0x0A, 0x27, 0xEB, 0xD7, 0xFE, 0xFA, 0xDF, 0x1D, 0x0B,
  0x1C, 0xF6, 0xD6, 0xFB, 0x09, 0xF3, 0xEC, 0x02, 0x0B, 0xF3, 0xEE, 0x10,
  0xEE, 0xFE, 0xD9, 0xFE, 0xEA, 0x0D, 0xFE, 0x12, 0xEA, 0x05, 0xF7, 0xF2,
  0x04, 0xF2, 0xE1, 0x15, 0xF7, 0x13, 0x40, 0xEF, 0x15, 0xEA, 0x4B, 0xFB,
  0x04, 0x0A, 0xEC, 0xF9, 0x18, 0x00, 0x09, 0x0C, 0xFC, 0x3C, 0xF5, 0xFB,
  0x0C, 0x0C, 0x17, 0x09, 0xEC, 0x12, 0x1A, 0xFB, 0x0F, 0x20, 0xF1, 0xFD,
  0xEE, 0xE7, 0xF9, 0x03, 0x14, 0x25, 0x02, 0x00, 0x0A, 0xEF, 0x20, 0x05,
  0xF3, 0xEB, 0x16, 0x00, 0x07, 0xF1, 0xF9, 0x08, 0x3D, 0xFB, 0xF8, 0x38,
  0x12, 0x03, 0x2D, 0xFC, 0x2D, 0xF1, 0xE1, 0x2D, 0xF7, 0xE6, 0xED, 0x0A,
  0x31, 0x08, 0xCB, 0x03, 0xBE, 0x1C, 0xF6, 0xF3, 0xD7, 0xD8, 0xB4, 0x02,
  0xDB, 0xF2, 0x31, 0xFD, 0xC0, 0xEF, 0xB7, 0xF8, 0xD3, 0xEA, 0xD2, 0x06,
  0xF3, 0xEA, 0xAC, 0x09, 0xE1, 0xCC, 0xCC, 0xFC, 0xD5, 0xE6, 0xD4, 0xF7,
  0xB9, 0xE2, 0xF9, 0xF8, 0x05, 0xE7, 0xD3, 0xFB, 0xCF, 0xEF, 0xE6, 0xF0,
  0xF2, 0xFA, 0xF7, 0x09, 0xE5, 0x10, 0xE0, 0x11, 0x16, 0x13, 0xEF, 0xF6,
  0xE6, 0x07, 0x1B, 0x0B, 0x00, 0xEC, 0xEB, 0x08, 0xED, 0xFF, 0x16, 0xF2,
  0xFE, 0x18, 0x26, 0xFF, 0xFA, 0x24, 0xFE, 0x0B, 0x0D, 0x1F, 0xFE, 0x0B,
  0xF6, 0x0F, 0xF7, 0x03, 0x02, 0x27, 0x2B, 0x08, 0x00, 0x16, 0x1D, 0x05,
  0xFB, 0x1A, 0x03, 0xF2, 0xDD, 0x16, 0x2A, 0x09, 0xF9, 0x17, 0xFF, 0xF3,
  0xF2, 0x29, 0xEA, 0xEF, 0x01, 0x34, 0x18, 0xFA, 0xFF, 0x24, 0x09, 0x0A,
  0x10, 0x23, 0x40, 0xF0, 0xFC, 0x1B, 0xFC, 0x07, 0x0D, 0x22, 0x09, 0xF0,
  0x03, 0x25, 0x27, 0xFF, 0x20, 0x03, 0x29, 0xF2, 0x14, 0x56, 0x3A, 0xFC,
  0x07, 0x25, 0x32, 0x17, 0x27, 0xFF, 0x3B, 0xFF, 0x0B, 0x10, 0x39, 0xF6,
  0xF9, 0x03, 0xEF, 0xF4, 0x05, 0x1F, 0xE5, 0xF3, 0xBD, 0xE6, 0xE7, 0xEB,
  0xE0, 0xE8, 0xBF, 0xEF, 0xDA, 0xE2, 0xF6, 0xFD, 0xC4, 0xE5, 0xEB, 0xFA,
  0xE7, 0xEF, 0xE1, 0x02, 0xCC, 0xF2, 0xE1, 0x08, 0xC2, 0xEF, 0xC0, 0x00,
  0xF1, 0xFB, 0xD8, 0xF7, 0xD0, 0xFB, 0xB7, 0xEE, 0xEC, 0xF3, 0xF9, 0x06,
  0xD7, 0xEF, 0xEC, 0x00, 0xCC, 0xF7, 0x39, 0x0C, 0xF0, 0x01, 0xB0, 0xFE,
  0xCC, 0xF6, 0x4F, 0xF7, 0x1D, 0x18, 0x19, 0xFC, 0xCE, 0xF3, 0x33, 0x0B,
  0xED, 0x01, 0xF7, 0xF4, 0xF9, 0xFA, 0x3A, 0x0B, 0x1B, 0xFA, 0xD9, 0x05,
  0xE9, 0xEB, 0x4C, 0xF8, 0x17, 0x10, 0xCF, 0xFC, 0xF5, 0xFE, 0x4A, 0xFE,
  0x0D, 0x12, 0xF1, 0x0A, 0x03, 0xFA, 0x51, 0x03, 0x05, 0x19, 0x0F, 0xFD,
  0xE3, 0xFA, 0x53, 0xF9, 0xEF, 0x24, 0xCE, 0xFF, 0xE6, 0xF8, 0x3E, 0xFA,
  0x0B, 0x16, 0xC2, 0x03, 0xED, 0xF3, 0x3F, 0xF1, 0xF5, 0x1A, 0xC1, 0xF0,
  0x0A, 0x07, 0x16, 0xF3, 0xF2, 0x19, 0xE3, 0x04, 0xF1, 0xFC, 0x31, 0xF5,
  0x0C, 0x15, 0x03, 0x0D, 0x04, 0xF2, 0xF3, 0x0E, 0x10, 0xF8, 0xEB, 0x05,
  0xFD, 0x26, 0xF2, 0x12, 0x06, 0x1D, 0x29, 0x02, 0xEE, 0x09, 0xF1, 0x09,
  0xD8, 0xE1, 0xEC, 0x10, 0xDE, 0xD8, 0xEF, 0x0D, 0xEB, 0xD8, 0xE3, 0xF4,
  0xE3, 0xF0, 0x22, 0x0F, 0xFB, 0xE2, 0xF2, 0xF3, 0xD8, 0xFD, 0xFA, 0xF3,
  0xBC, 0xF8, 0xD7, 0x04, 0xCB, 0xF2, 0xC0, 0xFF, 0xBF, 0x0F, 0xBC, 0xFB,
  0xD1, 0xF9, 0xE1, 0x09, 0xEE, 0x0A, 0xF9, 0xFF, 0xD5, 0xFB, 0x10, 0x0F,
  0xD6, 0x0B, 0xE1, 0xEF, 0xE0, 0x11, 0xF8, 0x0B, 0xBA, 0xF8, 0xE3, 0x02,
  0xC8, 0xED, 0x25, 0x09, 0xDA, 0x00, 0x14, 0x06, 0xD8, 0x03, 0x07, 0xF9,
  0xE1, 0x04, 0x38, 0xF2, 0xCA, 0x19, 0x54, 0x06, 0xE3, 0x13, 0xDC, 0xF5,
  0xE0, 0x15, 0x28, 0x02, 0xD9, 0x1B, 0x19, 0x09, 0xF5, 0x18, 0xF8, 0x10,
  0x02, 0x07, 0xF1, 0xF6, 0xD4, 0x21, 0x03, 0x04, 0xE5, 0x1E, 0xC1, 0x0B,
  0xDC, 0x04, 0x3A, 0x07, 0xF5, 0x35, 0x11, 0x12, 0xF7, 0x12, 0x1D, 0xF9,
  0xF1, 0x1D, 0xD4, 0x0C, 0x06, 0x19, 0x07, 0x14, 0xD3, 0x38, 0x27, 0x0D,
  0xE4, 0x06, 0x3B, 0x03, 0xFF, 0x48, 0x14, 0xF2, 0xEB, 0x0E, 0x18, 0x09,
  0xE9, 0x03, 0x26, 0x0F, 0x02, 0x12, 0xE6, 0xFC, 0xE1, 0xF6, 0x10, 0xF1,
  0xE1, 0x09, 0xE0, 0xF5, 0xE0, 0x03, 0xF3, 0x09, 0xDA, 0xCB, 0xF3, 0xFA,
  0xE2, 0xED, 0xE3, 0x0A, 0xE4, 0xD7, 0xD9, 0x04, 0xF7, 0x02, 0x03, 0xF8,
  0xF0, 0xE7, 0xCC, 0xF4, 0xE7, 0xEE, 0xE1, 0x0A, 0xDB, 0xED, 0xAC, 0xFE,
  0xD4, 0xFB, 0xB1, 0xF4, 0xCE, 0xE1, 0xF5, 0xFC, 0xC4, 0x02, 0xD2, 0x03,
  0xE5, 0xED, 0xCE, 0x04, 0xCF, 0xF8, 0xFB, 0x02, 0xDE, 0xFB, 0xFB, 0x04,
  0xE5, 0x05, 0xF8, 0x0C, 0xCD, 0xDE, 0xE5, 0x01, 0xDA, 0xFA, 0xBE, 0xF0,
  0xB5, 0xEE, 0xF8, 0x01, 0xDC, 0xFA, 0xD7, 0xF0, 0xE6, 0x02, 0x03, 0xF3,
  0xEF, 0x0B, 0x25, 0xFD, 0xF1, 0xE9, 0x22, 0xFA, 0xDA, 0x12, 0xEA, 0x0C,
  0xCC, 0xF1, 0x05, 0x02, 0xF3, 0x09, 0xDD, 0xF3, 0xDD, 0xF3, 0x2B, 0xF6,
  0x0C, 0xF0, 0x06, 0xE7, 0x00, 0x06, 0xEE, 0xF7, 0xE2, 0x0C, 0xE3, 0x07,
  0x0D, 0xED, 0xE7, 0xFB, 0xF2, 0x06, 0xF0, 0xE6, 0xE1, 0xF7, 0xE6, 0x07,
  0xD9, 0x06, 0xF8, 0xF6, 0x0C, 0xF7, 0xF6, 0xF3, 0xE8, 0xE3, 0x29, 0x01,
  0x07, 0x04, 0x26, 0xF6, 0xFD, 0xF1, 0x0C, 0xF2, 0xFC, 0xF7, 0xFA, 0xFA,
  0x07, 0x23, 0xFA, 0xFF, 0xFB, 0x1E, 0xEC, 0xFB, 0xD8, 0xE5, 0xF9, 0xF7,
  0xDC, 0xC3, 0xF8, 0xFE, 0xEA, 0xEE, 0xF9, 0x04, 0xE7, 0xC9, 0xB7, 0x09,
  0xF8, 0xF8, 0xEE, 0x00, 0xD1, 0xD4, 0xB5, 0x05, 0xDB, 0xE5, 0xF8, 0x06,
  0xDB, 0xE0, 0xD8, 0xEE, 0xE7, 0xDD, 0xCC, 0x0B, 0xD6, 0xE1, 0xE8, 0xF4,
  0xD7, 0xCE, 0xCE, 0xFC, 0xE2, 0xE3, 0x17, 0x00, 0xCF, 0x0A, 0x09, 0xF0,
  0xDF, 0xF3, 0xC3, 0x0B, 0xC4, 0xE5, 0x01, 0x06, 0xD2, 0xF4, 0x4C, 0xFC,
  0xEC, 0x06, 0xF4, 0x12, 0xD3, 0xEA, 0xE0, 0x05, 0xD5, 0xEA, 0xFD, 0x04,
  0xD4, 0xFA, 0xBB, 0x02, 0xBF, 0xE9, 0xE6, 0xF8, 0xD5, 0x0D, 0xDF, 0x12,
  0xDE, 0xEA, 0x60, 0xF1, 0xF3, 0x00, 0x14, 0xFF, 0x04, 0xF3, 0xC1, 0x02,
  0xF0, 0x0B, 0xD7, 0xF7, 0xFC, 0xFC, 0xED, 0xF8, 0xFF, 0x03, 0xEB, 0x00,
  0xE9, 0x05, 0xF3, 0x0C, 0x16, 0xF0, 0x1D, 0x03, 0xFB, 0x04, 0x2E, 0xEB,
  0xDF, 0xE9, 0x0B, 0xF7, 0xD8, 0xF9, 0x00, 0x02, 0xF0, 0x08, 0xF8, 0x16,
  0xC1, 0x00, 0x18, 0x07, 0xEB, 0xFF, 0xE7, 0xFC, 0xD6, 0xFB, 0x09, 0xF4,
  0xFD, 0xE3, 0xFC, 0xFD, 0xD8, 0xFA, 0x04, 0xF7, 0xFA, 0x09, 0xF2, 0xF2,
  0xE2, 0xE6, 0xF2, 0xF8, 0xFB, 0xCB, 0xE6, 0x03, 0xE9, 0x02, 0xF8, 0x05,
  0xC6, 0xD6, 0xEC, 0x04, 0xDD, 0xED, 0xC8, 0x11, 0xE2, 0xC4, 0xD6, 0x07,
  0xD6, 0xFF, 0xE3, 0xFE, 0xD1, 0xD7, 0xD7, 0xFA, 0xE0, 0xEA, 0xE3, 0x00,
  0xDD, 0xD9, 0xA5, 0xF4, 0xE9, 0xE1, 0xB8, 0x06, 0xEB, 0xF3, 0xB4, 0x07,
  0xC3, 0xDA, 0xF3, 0xFD, 0xF9, 0xE8, 0xAF, 0xEF, 0xCD, 0xF9, 0x08, 0x12,
  0xD2, 0xEC, 0xDE, 0x06, 0xD8, 0xF4, 0x12, 0x10, 0xDC, 0xFB, 0xE8, 0x0A,
  0xCD, 0xF2, 0x30, 0xFA, 0xE5, 0xFB, 0xE2, 0x10, 0xD6, 0xFB, 0x44, 0xEF,
  0xED, 0xF8, 0x2B, 0x03, 0x0F, 0x04, 0xFF, 0xF4, 0xF8, 0xF0, 0x36, 0xF2,
  0x0A, 0xF4, 0x26, 0x10, 0x06, 0x05, 0xE4, 0xF7, 0xDC, 0xF2, 0xE8, 0xEE,
  0x01, 0xF6, 0x0F, 0x02, 0x05, 0x04, 0xE1, 0xFE, 0xF9, 0xE7, 0xF3, 0x11,
  0xF0, 0x0D, 0x1E, 0x08, 0x03, 0x07, 0x23, 0x05, 0xFE, 0xE6, 0xF7, 0x06,
  0x0D, 0xF8, 0x2F, 0x08, 0x0A, 0xD6, 0x25, 0xFE, 0xFE, 0xFA, 0x18, 0xE9,
  0x2E, 0xCE, 0x1B, 0x0B, 0x10, 0xE6, 0x34, 0xE4, 0x2B, 0xFA, 0x1B, 0xEC,
  0xFB, 0x1A, 0xEA, 0x0E, 0xC7, 0xCB, 0xE4, 0x0F, 0xBE, 0xA2, 0xF0, 0xF2,
  0xE9, 0xDF, 0xE7, 0xFF, 0xCA, 0xB7, 0xD5, 0xF4, 0xE8, 0xCA, 0xD5, 0xFF,
  0xE4, 0xC5, 0xBA, 0x0E, 0xBF, 0xF0, 0xBC, 0x0B, 0xC8, 0xD3, 0xAC, 0xF0,
  0xDB, 0xED, 0xE1, 0xFF, 0xE9, 0xCE, 0xD0, 0x0D, 0xEE, 0xE2, 0xD5, 0xF6,
  0xD0, 0xD5, 0xE4, 0xFD, 0xCC, 0xF8, 0xDC, 0xFF, 0xD1, 0xFA, 0xD0, 0xF8,
  0xD9, 0xED, 0x04, 0x0D, 0xF6, 0xDC, 0x05, 0x06, 0x03, 0xE2, 0x07, 0xF7,
  0xD9, 0xE3, 0xE2, 0x0B, 0xE6, 0xEA, 0xD5, 0xFF, 0xEF, 0xFD, 0xF8, 0x0C,
  0xE8, 0xF1, 0x01, 0x0C, 0xDE, 0xF1, 0x13, 0x0A, 0x11, 0x0C, 0xFF, 0x0C,
  0xE6, 0x05, 0x19, 0xF4, 0x1D, 0x10, 0x37, 0x01, 0x08, 0x05, 0x3A, 0x0A,
  0xF4, 0x15, 0x25, 0x07, 0xFB, 0xEE, 0xEE, 0x10, 0xFD, 0xFA, 0xC3, 0xF8,
  0x06, 0x09, 0xE6, 0x01, 0xE9, 0x07, 0x28, 0x07, 0x08, 0xF0, 0x06, 0x0C,
  0x06, 0xF8, 0xEC, 0x10, 0xF9, 0xEB, 0x0D, 0xFE, 0x19, 0xDD, 0xFA, 0xFC,
  0xF5, 0xED, 0xFE, 0x09, 0xF4, 0xE2, 0x16, 0xFD, 0x0F, 0xF8, 0xF8, 0xFA,
  0x0B, 0x02, 0x04, 0x00, 0xF1, 0x19, 0xDA, 0x01, 0xA9, 0xDA, 0xFE, 0x03,
  0xB8, 0xCE, 0xD8, 0xF6, 0xE3, 0xF7, 0xEB, 0xF3, 0xB5, 0xD8, 0xB9, 0x03,
  0xDC, 0xE7, 0xF6, 0xFE, 0xDA, 0xCC, 0xAB, 0xF3, 0xCA, 0xDA, 0xD2, 0xFC,
  0xCA, 0xDD, 0xBF, 0x09, 0xE5, 0xD9, 0xB9, 0x01, 0xE6, 0xCE, 0xD3, 0xF8,
  0xF3, 0xE0, 0xEF, 0x09, 0xF2, 0xD0, 0x2E, 0xFE, 0xF0, 0x02, 0xDE, 0xFC,
  0xE5, 0xDA, 0xF0, 0x00, 0xE3, 0xF2, 0xF1, 0xFD, 0xE0, 0xD7, 0x1D, 0x0D,
  0xDA, 0xF3, 0xF9, 0x0E, 0xEC, 0xF5, 0x61, 0x03, 0xF8, 0x0A, 0x26, 0xFE,
  0xF2, 0xDB, 0xFF, 0xFE, 0x03, 0xFF, 0xD3, 0x04, 0xFC, 0x01, 0xE2, 0x0A,
  0xEB, 0xEF, 0x09, 0xF2, 0xF8, 0xF4, 0x1B, 0xFB, 0x2C, 0xFC, 0x35, 0xF0,
  0xFA, 0x02, 0x32, 0x08, 0x04, 0x0C, 0x29, 0xF8, 0x08, 0xED, 0x11, 0xF4,
  0xEA, 0xF2, 0xE3, 0xF1, 0xF5, 0xEB, 0xFA, 0xFC, 0xF5, 0xE7, 0xE2, 0xEB,
  0x0C, 0xE5, 0x33, 0x0F, 0xFC, 0xF6, 0xFA, 0x07, 0x18, 0xFF, 0x08, 0x08,
  0xE6, 0x17, 0x02, 0xF0, 0x16, 0xEC, 0xFC, 0x00, 0xEB, 0xF1, 0x0A, 0x02,
  0x1A, 0xE7, 0xCD, 0x04, 0xDD, 0x0C, 0xFD, 0xF9, 0xF0, 0x0D, 0xE6, 0x09,
  0xB6, 0xDF, 0xFA, 0x13, 0xA8, 0x00, 0xEE, 0x04, 0xE8, 0xD6, 0xFB, 0xF7,
  0xBC, 0xD2, 0xDE, 0xF5, 0xC0, 0xD2, 0xE3, 0x10, 0xD2, 0xE0, 0xBD, 0xF9,
  0xD5, 0xB6, 0xD4, 0x02, 0xE0, 0xD8, 0xC0, 0xF0, 0xC8, 0xE7, 0xCD, 0x09,
  0xDE, 0xE1, 0xCB, 0x0B, 0xD9, 0xE0, 0xED, 0x0B, 0xEF, 0xDB, 0xF9, 0xF3,
  0xF3, 0xFF, 0x01, 0x07, 0xDE, 0xD9, 0x0A, 0x00, 0xEB, 0xF6, 0xF5, 0x0D,
  0xF8, 0xE9, 0x2C, 0xF9, 0xE9, 0xFC, 0x34, 0xE9, 0xFD, 0xE6, 0x20, 0x02,
  0xE9, 0xF0, 0x07, 0xF8, 0xFA, 0xEF, 0x11, 0x0B, 0xFD, 0x09, 0x17, 0xF7,
  0x00, 0xDF, 0x1C, 0x04, 0x07, 0xEF, 0x33, 0x0E, 0xF1, 0xF8, 0x0D, 0x03,
  0x08, 0x0C, 0x11, 0xFA, 0xF9, 0xEA, 0x0F, 0xF5, 0xEE, 0xFC, 0x63, 0x00,
  0x02, 0xFE, 0x19, 0x0E, 0x0E, 0xF9, 0xFF, 0x04, 0xFB, 0xFB, 0x10, 0xFB,
  0xE7, 0x18, 0xF0, 0x0F, 0x01, 0xEF, 0x07, 0x0A, 0xF0, 0xF5, 0x0F, 0xF1,
  0xF3, 0xF4, 0x0F, 0x0B, 0xE1, 0x22, 0x01, 0x00, 0x04, 0x08, 0x0A, 0x21,
  0xE2, 0xF8, 0xF7, 0x04, 0xE4, 0xED, 0x0C, 0x0D, 0xEF, 0xEC, 0xEB, 0xF1,
  0xE4, 0x15, 0xF6, 0x0F, 0xCA, 0xC3, 0xE1, 0xEF, 0xD6, 0xD0, 0xF0, 0xF6,
  0xD9, 0xCA, 0xE9, 0xFC, 0xB0, 0xD6, 0xB1, 0xF3, 0xE0, 0xC7, 0xD5, 0x05,
  0xDD, 0xD0, 0xCB, 0x07, 0xCE, 0xC6, 0xD0, 0x05, 0xF4, 0xDA, 0xA0, 0xEF,
  0xCD, 0xCA, 0xC9, 0x0C, 0xE7, 0xC4, 0xA9, 0xF9, 0xAA, 0xDB, 0xFD, 0x12,
  0xD1, 0xE3, 0xD4, 0x04, 0xDD, 0xE2, 0xE4, 0x0C, 0xD4, 0xE4, 0xED, 0x01,
  0xDE, 0xE0, 0xE7, 0x10, 0xED, 0x00, 0xC1, 0xF9, 0xE5, 0xEE, 0x1D, 0x15,
  0xEE, 0x00, 0xC0, 0xF4, 0xF8, 0xE9, 0x25, 0xF6, 0xDF, 0xF0, 0xD8, 0x12,
  0xE2, 0xF5, 0x16, 0x09, 0xD5, 0xFD, 0x25, 0xF3, 0xD1, 0xF5, 0x2E, 0xF8,
  0xF3, 0xFC, 0x01, 0x12, 0x0E, 0xF8, 0x20, 0x06, 0xF8, 0xF8, 0x0C, 0xFA,
  0xF5, 0x3A, 0x58, 0xFD, 0x12, 0xEA, 0x2C, 0x09, 0x07, 0x06, 0x11, 0xFB,
  0xEE, 0x01, 0x09, 0x0D, 0xE0, 0x29, 0xDE, 0xF9, 0x0D, 0x03, 0xEB, 0x00,
  0x07, 0x05, 0x04, 0x0C, 0x00, 0xFD, 0x0E, 0x0B, 0xF5, 0x03, 0x09, 0x05,
  0xF3, 0xEC, 0x17, 0xEC, 0xE7, 0x08, 0xFD, 0x09, 0xEC, 0xFE, 0x02, 0xE1,
  0xF7, 0xF2, 0xDA, 0xF8, 0xEB, 0x21, 0xFB, 0xF3, 0xCF, 0xD7, 0xF6, 0xF2,
  0xEB, 0xE0, 0xEB, 0x07, 0xE1, 0xDA, 0xCB, 0x0B, 0xDD, 0xF6, 0xEC, 0x09,
  0xDC, 0xD0, 0xE3, 0x04, 0xCF, 0xDC, 0xBD, 0xEF, 0xD1, 0xD4, 0xD7, 0x0D,
  0xE3, 0xDF, 0xAF, 0x03, 0xD0, 0xB5, 0xEA, 0x01, 0xDA, 0xE4, 0xAA, 0xFA,
  0xC5, 0xCB, 0xEA, 0x03, 0xF0, 0xD3, 0xC6, 0x10, 0xD2, 0xD7, 0xF7, 0xF6,
  0xEE, 0xE6, 0xC2, 0xF4, 0xDC, 0xE0, 0xCF, 0xFB, 0xF4, 0xF2, 0xB5, 0x0D,
  0xB3, 0x0F, 0x0E, 0xF4, 0xC8, 0x00, 0xC0, 0xFB, 0xC5, 0xED, 0x0E, 0xF4,
  0xD7, 0x03, 0xD4, 0x05, 0xC8, 0xEE, 0x08, 0xFB, 0xEC, 0x05, 0x11, 0xF7,
  0xFF, 0xF2, 0xF5, 0x03, 0xFC, 0xE9, 0x02, 0xFD, 0x08, 0xF6, 0xF8, 0x05,
  0x0D, 0xE9, 0x19, 0x13, 0xE7, 0xF3, 0x20, 0x01, 0xEC, 0x03, 0x25, 0x16,
  0x19, 0x02, 0x2D, 0x03, 0xF8, 0xEA, 0x02, 0xFD, 0xF8, 0x17, 0xF0, 0x06,
  0x00, 0xF2, 0xFC, 0xFB, 0xE4, 0xEF, 0xF6, 0xF0, 0xFD, 0xF8, 0x0B, 0x05,
  0x12, 0x16, 0xFE, 0xF4, 0xFE, 0xF4, 0x2F, 0x05, 0xF5, 0x0E, 0x00, 0xF1,
  0x0A, 0xEF, 0x0A, 0x20, 0xF6, 0x03, 0xEE, 0xE9, 0xF9, 0x11, 0xF1, 0x05,
  0xD8, 0xDB, 0xFD, 0x09, 0xE3, 0xE4, 0x04, 0x12, 0xEB, 0xE3, 0xC8, 0xEC,
  0xE3, 0xE1, 0xB8, 0xFD, 0xDA, 0xAE, 0xD1, 0xFB, 0xE9, 0xE2, 0x88, 0x01,
  0xE7, 0xD5, 0xE0, 0xF5, 0xC7, 0xD5, 0x94, 0xF0, 0xC8, 0xDA, 0xD1, 0x0B,
  0xDD, 0xDE, 0x8B, 0xF1, 0xEE, 0xDE, 0xF4, 0x04, 0xDC, 0xDF, 0x15, 0xF3,
  0xD1, 0xD1, 0xEE, 0x14, 0xFC, 0xF1, 0xC3, 0xF5, 0xD2, 0xFA, 0xFA, 0x06,
  0xEC, 0xFC, 0xD2, 0x06, 0xE4, 0xD7, 0xE9, 0x00, 0xD3, 0xE3, 0x0C, 0xF2,
  0xDF, 0xF1, 0xB6, 0x06, 0xED, 0xFD, 0xFB, 0x10, 0xFA, 0xF4, 0xFD, 0x01,
  0xE3, 0xE6, 0x24, 0x0F, 0x11, 0xFE, 0xE3, 0xFF, 0x00, 0xFA, 0xFB, 0x15,
  0xF7, 0x02, 0x17, 0x02, 0xF1, 0xE9, 0x25, 0x0B, 0x0C, 0xEF, 0x16, 0x00,
  0xFD, 0xF2, 0x2C, 0x02, 0x16, 0xEE, 0x0C, 0xF7, 0x08, 0x05, 0x20, 0xFC,
  0x16, 0x01, 0x08, 0xF4, 0xFA, 0xE1, 0x2D, 0x0D, 0x10, 0x10, 0x0A, 0xFF,
  0xFE, 0xF2, 0x0D, 0x0A, 0xED, 0x08, 0xED, 0x05, 0x1B, 0xF0, 0xF2, 0x0B,
  0xF4, 0xFB, 0x0F, 0xF5, 0xFC, 0xF4, 0x0D, 0x15, 0xE7, 0x0B, 0x01, 0xF7,
  0xEF, 0x16, 0xF3, 0xF8, 0xD6, 0xD0, 0xFB, 0xFA, 0xE8, 0xD5, 0xFE, 0x11,
  0xED, 0xCE, 0xF0, 0x0C, 0xDF, 0xCE, 0xEC, 0xF4, 0xE3, 0xE1, 0xEB, 0x13,
  0xE0, 0xE0, 0xC3, 0x06, 0xD7, 0xE4, 0xD6, 0x07, 0xD4, 0xE5, 0x9B, 0x01,
  0xCB, 0xDE, 0xC6, 0x13, 0xD3, 0xBC, 0xC7, 0xFE, 0xAC, 0xCF, 0xEC, 0x1A,
  0xED, 0xD5, 0xDF, 0x02, 0xD8, 0xEC, 0xF8, 0x0D, 0xF1, 0xF2, 0xDA, 0xFC,
  0xE4, 0xF0, 0x03, 0x0D, 0xE6, 0xEA, 0xF7, 0x04, 0xE1, 0xDF, 0xE3, 0xF4,
  0xED, 0xF8, 0x12, 0xFB, 0xF5, 0x02, 0xFC, 0x05, 0xF5, 0xE4, 0x31, 0xF3,
  0x06, 0xFC, 0xF7, 0x05, 0xEB, 0xEC, 0xDC, 0x14, 0xD9, 0x0C, 0xF3, 0xF8,
  0xFB, 0xF8, 0xF6, 0xF9, 0xED, 0x04, 0x0D, 0x10, 0xF3, 0x01, 0x36, 0x07,
  0x0B, 0xE3, 0x52, 0xFC, 0x0C, 0xED, 0x22, 0x06, 0xFD, 0x1A, 0x27, 0x11,
  0x01, 0xEF, 0x0D, 0xFC, 0xF8, 0xF2, 0x1C, 0x00, 0x00, 0xF5, 0xEE, 0x15,
  0x06, 0xE5, 0x06, 0xF5, 0x0E, 0xFB, 0x0D, 0xF7, 0xFA, 0x29, 0x0D, 0xFD,
  0x07, 0x00, 0xF7, 0xF2, 0x22, 0xFD, 0xFF, 0x00, 0x09, 0xEE, 0x0A, 0x12,
  0x03, 0x22, 0x06, 0xE4, 0xDA, 0x1E, 0xFE, 0xF9, 0xE0, 0xB1, 0xF5, 0x09,
  0xEC, 0x96, 0xEB, 0x02, 0xF0, 0xC2, 0xDB, 0xFB, 0xF9, 0xAC, 0xBC, 0x01,
  0xFB, 0x8E, 0xE5, 0x10, 0xE7, 0xC3, 0xA0, 0xFE, 0xD3, 0x9A, 0xD5, 0xFD,
  0xDA, 0xAE, 0x9D, 0x00, 0xC4, 0xD0, 0xB0, 0x11, 0xE9, 0xC9, 0xDE, 0x0B,
  0xE0, 0xC6, 0xDB, 0xFD, 0xDF, 0xC5, 0xFE, 0xFD, 0xF0, 0xBF, 0xED, 0x0E,
  0xD9, 0xE5, 0xFE, 0xFE, 0xE0, 0xF9, 0xDF, 0xFB, 0xFD, 0xED, 0xD1, 0x11,
  0xFB, 0xFC, 0xE2, 0x07, 0xFE, 0xDB, 0x22, 0xFA, 0x02, 0xEF, 0x14, 0xFA,
  0xFB, 0xE1, 0x31, 0xFB, 0x0F, 0x0B, 0xEF, 0x01, 0x04, 0xEC, 0x0F, 0x13,
  0x04, 0xF6, 0x1D, 0x0D, 0xFF, 0xEB, 0x11, 0x10, 0xF4, 0x1E, 0x12, 0xF6,
  0x0D, 0xEB, 0x0C, 0x01, 0x0C, 0x13, 0x4A, 0xF2, 0xEC, 0xEA, 0x1F, 0x0D,
  0xF1, 0xF5, 0xEC, 0x02, 0xFD, 0xF5, 0x19, 0x17, 0xF5, 0xFC, 0x34, 0xF3,
  0x0E, 0xE5, 0xFC, 0xF8, 0x04, 0x0B, 0x0A, 0xFE, 0x13, 0xF7, 0x28, 0x0C,
  0x13, 0xDC, 0x1A, 0x11, 0x0E, 0xF2, 0xF5, 0x16, 0xFC, 0xE5, 0x03, 0x04,
  0xFA, 0xEF, 0x06, 0xFB, 0xE8, 0xED, 0x06, 0x02, 0x13, 0x1F, 0xFE, 0x0C,
  0xEE, 0x06, 0xEF, 0x13, 0xEB, 0xDF, 0x01, 0xFF, 0xEB, 0xC4, 0xF3, 0x0C,
  0xF9, 0xC1, 0xBD, 0x00, 0xD2, 0x97, 0xEF, 0xFB, 0xEB, 0xC5, 0xA0, 0xFA,
  0xE0, 0x81, 0xF3, 0xFF, 0xCC, 0xBC, 0xC1, 0xF9, 0xDE, 0x99, 0xE5, 0x0F,
  0xEB, 0xA4, 0xD4, 0x00, 0xE6, 0x98, 0xEA, 0x10, 0xE6, 0xBE, 0xFB, 0xFA,
  0xEC, 0xE1, 0x07, 0x13, 0xF9, 0xCD, 0x03, 0x0D, 0xFB, 0xF8, 0xF9, 0x00,
  0x06, 0xE9, 0xDB, 0x11, 0xD5, 0x04, 0xF3, 0x02, 0xF6, 0xF3, 0x11, 0x14,
  0xC4, 0x06, 0x02, 0x00, 0x04, 0xF1, 0xEE, 0xFA, 0xF9, 0xDA, 0xFD, 0xFE,
  0xFB, 0xF5, 0xFD, 0xF7, 0xFE, 0xFE, 0x17, 0x03, 0x00, 0xD7, 0x20, 0x00,
  0xF9, 0x1F, 0x1A, 0x00, 0xF0, 0xF9, 0x0A, 0x06, 0xFA, 0x3C, 0x0A, 0x0B,
  0xFC, 0x06, 0x32, 0xFA, 0xFF, 0xE7, 0x0E, 0xF8, 0x08, 0xEE, 0x1F, 0x09,
  0xFA, 0x0C, 0x27, 0x0D, 0xFF, 0xEB, 0x1A, 0x04, 0xE8, 0x2F, 0x0B, 0xFE,
  0x01, 0xD0, 0x1F, 0x0B, 0xF1, 0xD4, 0xEF, 0xFF, 0x04, 0xCD, 0xDA, 0x02,
  0x09, 0xF4, 0x08, 0x06, 0xF9, 0xD4, 0xFF, 0x18, 0xFE, 0x17, 0x0F, 0xE6,
  0xDB, 0x20, 0xEE, 0xFE, 0xD3, 0xD9, 0xF3, 0xF9, 0xDC, 0xFD, 0xE4, 0x05,
  0x01, 0xC5, 0xF8, 0x0B, 0xD5, 0xDC, 0xCD, 0x06, 0xCA, 0x9C, 0xD5, 0x21,
  0xD2, 0xD1, 0xD7, 0x01, 0xCA, 0xCA, 0xE0, 0xFF, 0xC1, 0xD5, 0xD1, 0x09,
  0xE8, 0xCB, 0xED, 0xF5, 0xF4, 0xAA, 0xDE, 0xF4, 0xE9, 0xC7, 0xE9, 0x17,
  0xDF, 0xD0, 0xC6, 0x0E, 0xDF, 0xD1, 0x05, 0xF1, 0xE9, 0xE3, 0x03, 0xFB,
  0xE2, 0x03, 0xF4, 0x04, 0xDC, 0xF1, 0xF2, 0xFC, 0xD0, 0xB4, 0x0B, 0xFC,
  0xFB, 0xDE, 0xFE, 0x13, 0xF2, 0xEF, 0x03, 0xFD, 0xE5, 0xEB, 0xF6, 0xFC,
  0xEA, 0x08, 0xE5, 0xEF, 0xFA, 0xE2, 0xFB, 0xEE, 0xF8, 0xE1, 0x10, 0x07,
  0xFF, 0xFB, 0xFF, 0x03, 0x03, 0xB3, 0x2D, 0xFD, 0xFF, 0xFC, 0x3F, 0xFB,
  0xFB, 0x1B, 0x12, 0xEF, 0x05, 0xE2, 0x00, 0xF6, 0x03, 0xD4, 0x01, 0x03,
  0x06, 0xEC, 0xF8, 0xF7, 0xF9, 0xF0, 0x37, 0x0E, 0x11, 0xE0, 0x71, 0x09,
  0x12, 0x08, 0x32, 0x02, 0x0F, 0xCE, 0x2A, 0xF4, 0xEF, 0xEC, 0x1C, 0xF6,
  0x0D, 0xC7, 0x2B, 0xE3, 0xF4, 0xF4, 0xE9, 0xFF, 0x10, 0xD6, 0xFD, 0xF5,
  0xE1, 0xF7, 0xF7, 0xEB, 0xD1, 0x23, 0xF0, 0xF5, 0xE7, 0xCD, 0xF5, 0xFE,
  0xDF, 0xCA, 0xF6, 0xF3, 0xFD, 0xBB, 0xFA, 0xFD, 0xDC, 0xCA, 0xDA, 0x0A,
  0xE3, 0xC6, 0xDC, 0x02, 0xD7, 0xC0, 0xCA, 0xFC, 0xE6, 0xBA, 0xB9, 0x07,
  0xF0, 0xD9, 0xC2, 0xF8, 0xEA, 0xD2, 0xF5, 0x0C, 0xDE, 0xC9, 0xEA, 0x0C,
  0xE1, 0xD3, 0xF3, 0x04, 0xE6, 0xD4, 0xDD, 0x0F, 0xD6, 0xE7, 0xEB, 0xF6,
  0xDE, 0xBD, 0xE5, 0xF8, 0xDE, 0xF6, 0xF7, 0x0B, 0xF4, 0xDE, 0x07, 0x11,
  0xF2, 0xE8, 0x0C, 0x02, 0xEC, 0xF1, 0xD7, 0xFF, 0xE5, 0x03, 0x08, 0xFD,
  0x01, 0xFA, 0xD4, 0x08, 0xE2, 0x02, 0x4A, 0x12, 0xF9, 0xF5, 0xC6, 0x0D,
  0xF7, 0xE9, 0x27, 0xEA, 0xFF, 0x06, 0x10, 0xF3, 0x0B, 0xE1, 0x36, 0x06,
  0x09, 0xFF, 0x15, 0x0A, 0xF6, 0xE1, 0x13, 0x10, 0xFA, 0xE6, 0x0D, 0xFA,
  0x06, 0xE1, 0x0A, 0x04, 0xFF, 0xE1, 0xEA, 0xF7, 0x05, 0xD3, 0x29, 0x0F,
  0x05, 0xD5, 0x2E, 0xF6, 0x02, 0x02, 0x16, 0xFA, 0xFF, 0xDA, 0x2B, 0x01,
  0x17, 0xEA, 0x0C, 0x10, 0x05, 0xDA, 0x10, 0xE2, 0xF3, 0xE0, 0xF7, 0x04,
  0xED, 0xD6, 0xDD, 0xE9, 0xE3, 0xFF, 0xFB, 0xF8, 0xE0, 0x24, 0xF2, 0x05,
  0xE5, 0xCA, 0x04, 0xF6, 0xE3, 0xBF, 0x03, 0xFA, 0xEF, 0xEB, 0x07, 0x10,
  0xF5, 0xD1, 0xDC, 0x12, 0xF8, 0xBE, 0xDD, 0xF9, 0xE3, 0xC3, 0xB1, 0xF5,
  0xCE, 0xBF, 0xE7, 0xFC, 0xFC, 0xDE, 0x9E, 0xF1, 0xE1, 0xD3, 0xE1, 0x0A,
  0xE1, 0xDA, 0xAE, 0x0C, 0xDC, 0xDC, 0xF7, 0x04, 0xCF, 0xCC, 0xE9, 0x0A,
  0xE9, 0xDA, 0xF8, 0xF5, 0xF7, 0xE0, 0xE3, 0xF9, 0xF4, 0xDE, 0xF8, 0x06,
  0xED, 0xEC, 0xCA, 0xF2, 0xD7, 0xE8, 0x0A, 0xF8, 0xF9, 0xF6, 0xE3, 0xFB,
  0xD2, 0x02, 0x0F, 0x03, 0xEC, 0xE1, 0xEC, 0x00, 0xF2, 0x00, 0x21, 0xF2,
  0xDB, 0x02, 0x03, 0xF1, 0xC4, 0x34, 0xD7, 0x0D, 0xF9, 0xFD, 0x32, 0x06,
  0xEE, 0xD5, 0xFF, 0xF4, 0x07, 0xFF, 0xFB, 0x0E, 0xFC, 0xF0, 0x01, 0x0A,
  0xFD, 0xF7, 0xDD, 0x0E, 0xDF, 0xE3, 0x10, 0x04, 0xFB, 0xFA, 0xE5, 0x0E,
  0xD6, 0xED, 0xEC, 0xF5, 0x07, 0xD4, 0xF8, 0x16, 0x12, 0xE1, 0xFA, 0xFA,
  0x00, 0xE8, 0x0E, 0x13, 0x12, 0xE2, 0xEA, 0xF7, 0x08, 0xE7, 0x0C, 0xD9,
  0x0D, 0xE0, 0x1B, 0x0A, 0x17, 0xF6, 0xEE, 0xF9, 0xF1, 0xF6, 0x02, 0xF7,
  0x0A, 0x20, 0xFD, 0xF7, 0xCD, 0xE0, 0x03, 0x0A, 0xDC, 0xCD, 0xF2, 0x08,
  0xE1, 0x09, 0xD5, 0x09, 0xFF, 0xAD, 0xC2, 0x03, 0xF3, 0xE2, 0xDB, 0xF4,
  0xEB, 0xD8, 0xC1, 0x03, 0xC6, 0xCA, 0xD1, 0x07, 0xE9, 0xE9, 0xCD, 0x0D,
  0xCE, 0x9F, 0xE8, 0x11, 0xD0, 0xC5, 0xEF, 0xF8, 0xD4, 0xE6, 0xED, 0x12,
  0xEB, 0xD7, 0x04, 0xF4, 0xEC, 0xF9, 0xEF, 0x03, 0xEA, 0xD0, 0xFB, 0xF2,
  0xDF, 0x02, 0xF8, 0x0A, 0xF0, 0xE7, 0xDE, 0x00, 0xED, 0xF8, 0x11, 0xEE,
  0xF8, 0xCD, 0x04, 0x02, 0x06, 0xEF, 0x39, 0xF2, 0xEF, 0xF3, 0x0F, 0x06,
  0xE5, 0x03, 0x14, 0xEF, 0x03, 0x0C, 0x21, 0x01, 0x07, 0xFB, 0x0B, 0xF3,
  0xF5, 0xE8, 0x37, 0x04, 0x01, 0x14, 0xF7, 0x12, 0xFF, 0xF1, 0x08, 0x0A,
  0xF1, 0x10, 0x03, 0xFD, 0x10, 0xE7, 0x08, 0x07, 0xE5, 0x09, 0x07, 0xF0,
  0x16, 0xEB, 0x14, 0xFE, 0xEA, 0x07, 0xFD, 0x04, 0xFE, 0xEA, 0x27, 0x05,
  0x04, 0x07, 0x03, 0xF6, 0xFC, 0xF8, 0x04, 0xFF, 0xF5, 0x0F, 0xFF, 0x06,
  0xE8, 0x11, 0xF2, 0xFB, 0xE1, 0x03, 0xF9, 0x01, 0xE8, 0xD7, 0xF9, 0xF6,
  0xFE, 0xDA, 0xF8, 0xEC, 0x01, 0x1C, 0xF3, 0xFE, 0xD2, 0xBA, 0x02, 0xF9,
  0xE3, 0xE3, 0xE7, 0xFC, 0xF8, 0xF7, 0xDF, 0xF9, 0xFA, 0xC6, 0xFE, 0xF1,
  0xEF, 0xB3, 0xF1, 0x10, 0xF6, 0xDB, 0xEE, 0xF6, 0xF9, 0xDF, 0xCB, 0xF4,
  0xF2, 0xDC, 0x09, 0xF9, 0xF9, 0xF2, 0xF7, 0x09, 0xF5, 0xCB, 0xFA, 0x05,
  0xD5, 0xF8, 0xF6, 0xFC, 0xE5, 0xC2, 0xFF, 0x0C, 0xE3, 0x06, 0xF9, 0x0C,
  0xEC, 0xCD, 0x1A, 0x00, 0xE9, 0xE4, 0xF8, 0xFB, 0xFC, 0xDB, 0x13, 0xF3,
  0xDB, 0xEA, 0x14, 0xF8, 0xF7, 0xE1, 0x33, 0xF5, 0xF7, 0x07, 0x23, 0xF9,
  0x04, 0xE3, 0x27, 0xF7, 0x0B, 0xFE, 0x27, 0x0F, 0x10, 0xF5, 0x23, 0x08,
  0x07, 0x34, 0x21, 0xFC, 0x09, 0xF1, 0xF8, 0x0A, 0xEE, 0x15, 0xEA, 0xF2,
  0x12, 0xF9, 0x11, 0x09, 0xFB, 0xED, 0xFE, 0xFE, 0x29, 0xEB, 0x0A, 0xF9,
  0xF1, 0xFB, 0xED, 0x01, 0x13, 0xDF, 0x1C, 0xF0, 0xF9, 0x15, 0x05, 0xF4,
  0xED, 0xE1, 0x15, 0xEF, 0xF2, 0x20, 0x16, 0x04, 0xF6, 0xEA, 0xF1, 0xFB,
  0xE5, 0x32, 0x06, 0xF8, 0x00, 0xF1, 0x07, 0xFB, 0xE9, 0xF7, 0x07, 0xFF,
  0xFE, 0x26, 0xE7, 0xE4, 0xF0, 0xEF, 0xFD, 0xE3, 0xF3, 0x16, 0x0E, 0x0B,
  0xEB, 0xBF, 0xE7, 0xFF, 0xD9, 0x15, 0x11, 0xF1, 0xEE, 0xDA, 0x05, 0x0D,
  0xF7, 0x93, 0xE3, 0xF2, 0xFA, 0xC7, 0xF0, 0xFF, 0xF6, 0xAF, 0xDB, 0x05,
  0xE1, 0xD6, 0x09, 0xF1, 0xEE, 0xCE, 0xF4, 0x00, 0xE8, 0xBF, 0xF7, 0x10,
  0xF7, 0xCF, 0x04, 0xF9, 0xF2, 0xE6, 0x01, 0xF6, 0xF6, 0xD6, 0x04, 0x10,
  0xEC, 0xE9, 0x1C, 0xFE, 0xEB, 0xE1, 0xFD, 0x0F, 0xF3, 0xEB, 0x0D, 0x05,
  0xF7, 0xCD, 0x03, 0xFB, 0xEE, 0xF6, 0x0C, 0xFB, 0x05, 0xD6, 0x1C, 0xF1,
  0xF7, 0xEE, 0x31, 0x0B, 0x17, 0xD8, 0x12, 0xF6, 0xFE, 0x07, 0x41, 0x01,
  0x15, 0xEE, 0x09, 0x0A, 0xEB, 0xF5, 0x30, 0xF5, 0x0F, 0xF9, 0x0A, 0xFB,
  0xF9, 0x22, 0x67, 0x07, 0x11, 0xE9, 0x08, 0x0F, 0xF8, 0x02, 0x22, 0xFB,
  0x1B, 0xFC, 0x21, 0x01, 0xFE, 0xE1, 0x1E, 0x0D, 0xFD, 0xF7, 0xFB, 0x01,
  0xF8, 0xFE, 0x25, 0xF6, 0x0C, 0xF2, 0xFF, 0x02, 0x02, 0xD5, 0x31, 0xFF,
  0xFF, 0xF5, 0x15, 0x0C, 0x01, 0xF4, 0xFE, 0x09, 0x17, 0xF1, 0x0D, 0xED,
  0x02, 0xED, 0x15, 0xF0, 0x27, 0xF8, 0xF9, 0xED, 0xEA, 0x36, 0xFE, 0xEF,
  0xC6, 0x11, 0xC5, 0x01, 0xE8, 0xF6, 0x03, 0x07, 0xC6, 0x26, 0xBD, 0x00,
  0xEB, 0xD4, 0xE3, 0x0D, 0xCB, 0xDB, 0xDD, 0xF4, 0x08, 0xE8, 0xE3, 0x05,
  0xE1, 0xED, 0xF1, 0x08, 0xF1, 0xF6, 0xFC, 0x07, 0xF8, 0xFF, 0xDA, 0x0C,
  0x14, 0xD3, 0xED, 0xFC, 0xEB, 0xD1, 0xEF, 0x08, 0x13, 0xBC, 0x09, 0xF1,
  0x02, 0xF8, 0xE6, 0xEF, 0x08, 0xE3, 0xF6, 0x00, 0x0C, 0xE4, 0xE4, 0x03,
  0x0E, 0xD3, 0x18, 0x0D, 0x07, 0xF4, 0xEB, 0x09, 0x16, 0xFC, 0x06, 0x04,
  0xEB, 0xE3, 0x0D, 0x01, 0x07, 0xF1, 0x2E, 0x04, 0x08, 0x0A, 0x2A, 0x00,
  0x1C, 0xD2, 0x2F, 0x09, 0x2B, 0x05, 0x1C, 0x04, 0x26, 0xE1, 0x1F, 0xEC,
  0x0B, 0x03, 0x1E, 0xF6, 0x2D, 0x0E, 0x10, 0xF9, 0x1C, 0x1B, 0x17, 0x0C,
  0x2C, 0x09, 0x23, 0x0C, 0x10, 0x0F, 0x3F, 0xF3, 0x37, 0x05, 0x0E, 0xFC,
  0x19, 0x08, 0x2C, 0xFE, 0x20, 0x0D, 0x1F, 0x09, 0x1B, 0x0D, 0x4E, 0xFE,
  0x3C, 0x08, 0x16, 0x03, 0x1F, 0x17, 0x2A, 0xF6, 0x31, 0xF0, 0x1B, 0xFB,
  0x37, 0xF4, 0x41, 0x00, 0x43, 0xF4, 0x42, 0x01, 0x14, 0xFC, 0x4F, 0xFD,
  0x22, 0x0A, 0x0D, 0xF2, 0xB8, 0x1D, 0xD9, 0x0B, 0xE5, 0x35, 0xF8, 0x11,
  0xC8, 0x2A, 0xCA, 0x09, 0xE2, 0xF5, 0xD8, 0xFD, 0xE5, 0x0E, 0xB8, 0x08,
  0xE7, 0xC9, 0xF5, 0xF2, 0xE5, 0xFF, 0xC2, 0x05, 0xE2, 0xAF, 0xEE, 0x08,
  0xE3, 0x0A, 0xEC, 0x00, 0xFD, 0xD6, 0xD5, 0xF0, 0xE2, 0x1A, 0xF4, 0x0D,
  0xEA, 0xC8, 0xEA, 0x0B, 0xDE, 0x15, 0xDE, 0xF9, 0xFB, 0xCF, 0xF8, 0xFD,
  0xFC, 0x20, 0xEB, 0xF3, 0xF8, 0xDC, 0xDF, 0xF9, 0xE8, 0x0E, 0x07, 0xF5,
  0xE0, 0xB2, 0xD6, 0xF7, 0xC2, 0x00, 0x14, 0xF9, 0xEF, 0xD4, 0xE0, 0xF5,
  0xE1, 0x19, 0x1C, 0x02, 0x07, 0xF9, 0x24, 0xFF, 0x0F, 0x12, 0x2D, 0x0A,
  0x06, 0xF0, 0x27, 0xEF, 0x18, 0x0F, 0x25, 0xF1, 0x1C, 0xEF, 0x2F, 0x09,
  0xFA, 0x1C, 0x11, 0xEC, 0x26, 0xF5, 0x1D, 0xFA, 0x05, 0x01, 0xFA, 0xF7,
  0x22, 0xF6, 0x2A, 0xFE, 0x06, 0xFD, 0x03, 0x08, 0x1F, 0xF8, 0x08, 0xF0,
  0x11, 0xF1, 0x20, 0xF2, 0x16, 0xF4, 0x0A, 0xF1, 0x04, 0x09, 0x09, 0xF7,
  0x04, 0x00, 0xE6, 0xFE, 0x1B, 0xFA, 0xEB, 0x02, 0x19, 0xF6, 0x0D, 0xF5,
  0xFE, 0xF7, 0x20, 0xED, 0x1E, 0x11, 0x41, 0xF4, 0xE6, 0x17, 0xE7, 0x05,
  0xF0, 0x1A, 0xDA, 0x01, 0xCE, 0x04, 0xC7, 0x05, 0xEF, 0x13, 0xC1, 0xFB,
  0xEC, 0x0D, 0xD0, 0xF7, 0xC1, 0xE0, 0xE6, 0x0C, 0xE2, 0x07, 0xDA, 0xF6,
  0xDC, 0xFC, 0xF2, 0x03, 0xDC, 0x00, 0xD1, 0x0C, 0xE4, 0x15, 0xF7, 0x0B,
  0xE0, 0xFC, 0xCD, 0xF7, 0xE3, 0xEE, 0xD8, 0x03, 0xEE, 0xFF, 0xBD, 0x08,
  0xC6, 0x0A, 0xE9, 0xF4, 0xEE, 0xFA, 0xD3, 0xEC, 0xE5, 0x0F, 0xEE, 0x0A,
  0xD9, 0x05, 0xE8, 0xED, 0xD2, 0xF5, 0xC4, 0x07, 0xC4, 0xFA, 0xD3, 0x05,
  0xF6, 0x19, 0xD3, 0xFF, 0xF0, 0x07, 0x03, 0x0A, 0x16, 0xDF, 0x01, 0x09,
  0x0F, 0xF4, 0x0C, 0x02, 0x18, 0x21, 0x03, 0x07, 0x12, 0xFD, 0x0D, 0xFA,
  0x32, 0x2A, 0x21, 0x03, 0xFF, 0xF0, 0x16, 0x04, 0x42, 0x1B, 0x30, 0x02,
  0x06, 0x04, 0x07, 0xF5, 0x34, 0x1C, 0x2E, 0x08, 0x2A, 0xFD, 0x01, 0x02,
  0x2B, 0x25, 0x23, 0xFB, 0x25, 0xE9, 0xF9, 0xF4, 0x0A, 0x0C, 0x13, 0xED,
  0x05, 0xED, 0xF6, 0xEC, 0xF9, 0x2D, 0xDB, 0xF7, 0x09, 0xF7, 0xE4, 0xEB,
  0xCA, 0x01, 0xF0, 0xFC, 0xFA, 0xF0, 0x03, 0xE0, 0xE3, 0xF1, 0x38, 0xEC,
  0x16, 0x21, 0x26, 0x01, 0xF9, 0x4F, 0xF2, 0xF6, 0xF1, 0x15, 0x1B, 0xF4,
  0xD7, 0x7F, 0xD8, 0x10, 0x02, 0x03, 0x2E, 0x10, 0xFE, 0x2C, 0xFF, 0x06,
  0xD9, 0x30, 0x38, 0x06, 0x28, 0x0A, 0x0E, 0xE9, 0xE3, 0x78, 0xEB, 0xEB,
  0x17, 0x16, 0xDD, 0xF3, 0x1F, 0xFE, 0xE6, 0xF3, 0xFC, 0x3E, 0x21, 0x05,
  0xE9, 0x0D, 0xD6, 0x04, 0x12, 0x1E, 0x16, 0xF2, 0x0C, 0x07, 0xD7, 0x08,
  0x10, 0xE8, 0xFD, 0xFD, 0xFD, 0xFC, 0xE3, 0x11, 0x11, 0xD5, 0x3E, 0xED,
  0x10, 0x0E, 0x28, 0xF0, 0x0A, 0x26, 0x00, 0x09, 0x11, 0x05, 0x49, 0xFC,
  0x02, 0xF4, 0xCF, 0xFD, 0x07, 0x13, 0x12, 0x17, 0xF5, 0x11, 0xE0, 0xED,
  0x02, 0x21, 0xFB, 0x08, 0x09, 0x2A, 0x01, 0xEE, 0xF7, 0x15, 0xB9, 0x09,
  0x02, 0x1B, 0xF4, 0x0B, 0xD1, 0x3C, 0xB0, 0xEC, 0xFE, 0xD1, 0xE0, 0xF8,
  0xE4, 0xDA, 0xE6, 0x12, 0xF5, 0xF7, 0xF1, 0x03, 0xE8, 0xE9, 0xBD, 0x03,
  0xEF, 0xF0, 0xEE, 0xF8, 0xF1, 0xC7, 0xB9, 0x03, 0xF1, 0xC0, 0x01, 0xE4,
  0xD4, 0xCF, 0x12, 0xF9, 0xE1, 0xF5, 0xF9, 0xEF, 0xDE, 0xEE, 0x06, 0xCB,
  0xE6, 0xF2, 0xF7, 0x0D, 0xED, 0xE8, 0x1D, 0x10, 0x08, 0x25, 0x17, 0xFA,
  0xDA, 0x17, 0xF4, 0xFF, 0xE8, 0x1D, 0xF9, 0x0A, 0x01, 0xDF, 0xF5, 0x01,
  0x00, 0x15, 0x13, 0x02, 0xFF, 0x1F, 0x1A, 0xFE, 0x20, 0x42, 0x04, 0xF2,
  0x30, 0x2A, 0xEF, 0x0A, 0x31, 0x1F, 0xE7, 0x05, 0x0C, 0x16, 0x12, 0x00,
  0xFA, 0x21, 0x03, 0x04, 0xE5, 0xFB, 0x05, 0x10, 0x0A, 0x3A, 0xF0, 0xED,
  0xCD, 0xE6, 0xFE, 0xF2, 0x0A, 0x31, 0xE5, 0xFF, 0x05, 0xF2, 0x29, 0xF2,
  0x0C, 0x09, 0xEA, 0xFF, 0xEA, 0xF1, 0xE7, 0xF5, 0x08, 0x0B, 0x1E, 0x02,
  0xFE, 0xF0, 0x23, 0xF9, 0x03, 0xFF, 0xE3, 0x03, 0x23, 0xF9, 0x0D, 0x0B,
  0x08, 0x1F, 0xF3, 0x11, 0xFC, 0xE9, 0xEB, 0x03, 0xFB, 0x1A, 0xF9, 0x00,
  0xF8, 0x0B, 0xE0, 0x01, 0xBB, 0x30, 0xCF, 0x08, 0xE3, 0x28, 0xCC, 0x01,
  0xBF, 0xD9, 0xE1, 0x0F, 0xE5, 0xE1, 0xBC, 0x0E, 0xB9, 0x06, 0xDB, 0x0C,
  0xEB, 0xD5, 0xD9, 0xFF, 0xBC, 0xE1, 0x11, 0x09, 0xCD, 0xE6, 0xCD, 0xF6,
  0xBE, 0xD3, 0x05, 0x15, 0xDA, 0xE0, 0xE2, 0x04, 0xBE, 0xFF, 0xE7, 0x03,
  0xE6, 0xDD, 0xE5, 0x04, 0xD1, 0xC5, 0x00, 0x1D, 0x08, 0x05, 0x3F, 0x0A,
  0x30, 0xFA, 0x2B, 0x0E, 0x11, 0x09, 0x17, 0xD4, 0x10, 0x0C, 0xEA, 0xFC,
  0x14, 0xF7, 0xFC, 0xE8, 0x07, 0x04, 0x3E, 0xF2, 0x15, 0x15, 0x18, 0xEE,
  0x30, 0x05, 0xF7, 0x01, 0x33, 0x0A, 0xDD, 0xD5, 0x24, 0xE6, 0xC3, 0xEC,
  0x5B, 0xF9, 0xF3, 0xDB, 0x2F, 0xF7, 0x03, 0x03, 0x12, 0xFD, 0x03, 0xE7,
  0x0D, 0xF1, 0xF5, 0xEA, 0xFC, 0x06, 0x18, 0xFA, 0x1E, 0x0F, 0x0F, 0x02,
  0x2E, 0x01, 0x00, 0xF0, 0x26, 0x02, 0x07, 0x13, 0x2D, 0xF8, 0xF9, 0x0B,
  0x11, 0xEE, 0x35, 0xFB, 0x12, 0xF3, 0xF8, 0x19, 0x33, 0xFD, 0x0A, 0x11,
  0x2A, 0x03, 0x16, 0x00, 0x06, 0xFC, 0x36, 0x12, 0x24, 0x05, 0xF9, 0xE9,
  0x38, 0x05, 0x23, 0xEC, 0xCF, 0x08, 0x2A, 0x09, 0x29, 0x0F, 0xF6, 0xFF,
  0xE6, 0x17, 0xDB, 0xE8, 0x1C, 0xED, 0x26, 0xEE, 0x16, 0xFC, 0xD3, 0xD6,
  0xE2, 0xFD, 0xED, 0xFC, 0xF9, 0xFA, 0xCD, 0xE0, 0xDF, 0xF4, 0xF7, 0x01,
  0xBC, 0xFA, 0xF3, 0xDD, 0xD2, 0xEF, 0x15, 0x0A, 0xC9, 0x05, 0x04, 0xF0,
  0xC7, 0xFA, 0xEA, 0x0D, 0x0D, 0xE5, 0x03, 0xFE, 0xD1, 0xE1, 0x00, 0x18,
  0xE2, 0xED, 0x0C, 0xE7, 0x13, 0xEF, 0x3C, 0xE4, 0xED, 0xFC, 0x21, 0xD6,
  0x23, 0x0F, 0x16, 0x03, 0x38, 0xF4, 0x0E, 0xFC, 0x19, 0x13, 0x4C, 0xFB,
  0x4F, 0xFD, 0x21, 0xE3, 0x1C, 0x13, 0x36, 0x04, 0x30, 0x02, 0xDC, 0xC5,
  0x1B, 0xFC, 0xC3, 0xF6, 0x29, 0x1E, 0x14, 0xDB, 0x0A, 0xF7, 0xF9, 0xEB,
  0xF5, 0xFE, 0x02, 0xFC, 0x0C, 0xF2, 0x21, 0x04, 0xF7, 0x0A, 0x02, 0x04,
  0xF5, 0x2B, 0x14, 0xFA, 0x24, 0xFB, 0xF1, 0xF3, 0x09, 0x23, 0x1E, 0xE9,
  0x02, 0xF4, 0xF7, 0xEA, 0x0B, 0xE0, 0x1F, 0xF6, 0xF4, 0xF9, 0xFC, 0xF2,
  0x05, 0x0F, 0xEE, 0x03, 0xDA, 0x08, 0x23, 0x03, 0x19, 0x26, 0xF6, 0x04,
  0x0E, 0xFE, 0x05, 0x09, 0x10, 0xF7, 0x37, 0x02, 0x09, 0x01, 0x22, 0xEB,
  0x0F, 0x2B, 0xEF, 0xF2, 0x10, 0x03, 0xE8, 0xD9, 0xDB, 0x00, 0xEA, 0xEE,
  0xED, 0x0D, 0xEE, 0xE7, 0xD0, 0x09, 0x04, 0x08, 0x17, 0x15, 0xE4, 0xED,
  0xB4, 0xD5, 0xF9, 0x04, 0xC9, 0x04, 0xF7, 0xFB, 0xB9, 0xEE, 0x10, 0xFF,
  0xDE, 0xF6, 0xF9, 0xF0, 0xC0, 0xEE, 0xDE, 0x13, 0xDD, 0xE4, 0xF0, 0xC2,
  0x92, 0xEB, 0x0E, 0xED, 0xE9, 0xF4, 0xF9, 0xEC, 0x0D, 0x43, 0x11, 0xE0,
  0xF7, 0x04, 0xF7, 0xE9, 0xF4, 0x23, 0x06, 0xED, 0x16, 0x23, 0xFE, 0x02,
  0x0B, 0x03, 0x23, 0xFA, 0x1C, 0x11, 0xED, 0xB2, 0x1B, 0x36, 0xFC, 0x03,
  0x10, 0x0A, 0xF9, 0xC3, 0x09, 0x05, 0xEE, 0xF5, 0x0A, 0x08, 0x00, 0xE9,
  0xF8, 0x18, 0xC3, 0x1A, 0x06, 0x10, 0xF1, 0x0A, 0xFC, 0xF6, 0xEA, 0x0A,
  0x04, 0x10, 0xDB, 0x0E, 0xF9, 0x3D, 0x06, 0xFB, 0x03, 0x12, 0xF2, 0x05,
  0x12, 0x48, 0xFC, 0xF2, 0xE4, 0x07, 0x32, 0xDE, 0xFC, 0x03, 0xFC, 0x17,
  0xFA, 0x19, 0x06, 0xFC, 0x12, 0x20, 0xDA, 0x10, 0xE8, 0x12, 0x13, 0xE8,
  0x0E, 0xFB, 0xFA, 0xFD, 0xF9, 0xFD, 0x0C, 0x04, 0x23, 0x1C, 0x1A, 0x01,
  0xF5, 0xFD, 0x33, 0xDE, 0x1B, 0x5B, 0xD6, 0x06, 0x32, 0x00, 0xCD, 0xDE,
  0x0A, 0xF5, 0xB9, 0x01, 0x18, 0xF7, 0x01, 0xEB, 0xF2, 0xEF, 0xE4, 0x04,
  0xDC, 0xF9, 0xEA, 0xEF, 0xF7, 0xD3, 0xD9, 0xF8, 0xD2, 0xCF, 0xE7, 0x0E,
  0xDA, 0xED, 0x0C, 0x0F, 0xF2, 0xC8, 0xCE, 0xF6, 0xCA, 0xF1, 0x09, 0x06,
  0xF2, 0xB3, 0xE6, 0xD2, 0xC8, 0xF9, 0xF6, 0x04, 0xDB, 0x00, 0xFB, 0xFC,
  0x02, 0x45, 0x0E, 0xF3, 0xE3, 0x24, 0x22, 0xF8, 0x03, 0x0F, 0x04, 0xEF,
  0x0E, 0x00, 0x09, 0xE4, 0x20, 0x22, 0x06, 0xFE, 0x0F, 0x08, 0xFF, 0xFC,
  0x0F, 0xF9, 0xF7, 0xF7, 0x2A, 0x18, 0xDE, 0xF3, 0x12, 0xEA, 0x0D, 0xFA,
  0x11, 0x15, 0x13, 0xEB, 0xF3, 0xF9, 0xEE, 0x11, 0x19, 0x0F, 0xFE, 0xE9,
  0x04, 0x07, 0x00, 0xF8, 0xD1, 0x17, 0x07, 0xF0, 0xFE, 0x4C, 0x28, 0x01,
  0x03, 0x0F, 0x13, 0xDE, 0x16, 0x3C, 0x21, 0xEE, 0xE9, 0x11, 0x43, 0xDB,
  0x27, 0x2F, 0x25, 0xFC, 0x21, 0x0B, 0x21, 0xF1, 0x0B, 0x0C, 0x02, 0x04,
  0xEE, 0x11, 0x04, 0xE6, 0xEE, 0x1F, 0xE7, 0x13, 0x20, 0x0D, 0x18, 0xF5,
  0x04, 0xE3, 0x1B, 0xF6, 0xED, 0xFF, 0x0C, 0xE6, 0xFA, 0x1C, 0xC5, 0x03,
  0x1C, 0xF3, 0xEC, 0xD9, 0xEF, 0xF9, 0xFC, 0x02, 0xE3, 0x05, 0x15, 0xD1,
  0x01, 0xF3, 0x03, 0x00, 0x09, 0x12, 0xC2, 0xE2, 0xF8, 0xBC, 0xEE, 0x20,
  0xEE, 0xF5, 0xD2, 0xE2, 0xDD, 0xE0, 0x05, 0x00, 0xE9, 0xED, 0xA7, 0xEA,
  0xE3, 0xED, 0xF1, 0x16, 0xEB, 0xDE, 0xEE, 0x0A, 0xF5, 0xCE, 0x13, 0x0D,
  0x1C, 0xF4, 0x15, 0xF8, 0x1A, 0x08, 0x03, 0xE1, 0x0B, 0xFF, 0x02, 0x06,
  0x05, 0x1E, 0x00, 0x08, 0x2B, 0x0D, 0xF8, 0xE7, 0x01, 0x2F, 0x05, 0x0F,
  0x25, 0xFC, 0xF5, 0xE9, 0xFC, 0xFE, 0xF5, 0xE4, 0x13, 0x12, 0x03, 0x14,
  0xFB, 0xEB, 0x06, 0xE7, 0xF7, 0x02, 0xFC, 0xF4, 0x17, 0xF4, 0xF3, 0xE9,
  0x0E, 0x08, 0xF3, 0x0F, 0xFF, 0x0C, 0x06, 0xE2, 0xF9, 0x01, 0xE9, 0xE3,
  0xFB, 0x27, 0x1F, 0xF3, 0xDE, 0xFC, 0x0C, 0xF1, 0x28, 0x1B, 0x29, 0xFA,
  0x12, 0x17, 0x3B, 0xDE, 0x1A, 0x0E, 0x60, 0x05, 0x16, 0xF8, 0x41, 0x0C,
  0x1A, 0x05, 0x24, 0xF2, 0xF5, 0xFA, 0x20, 0x0B, 0x07, 0xED, 0x11, 0x03,
  0x1F, 0xFD, 0xDA, 0xE0, 0x24, 0x17, 0x2D, 0xEE, 0xF6, 0x07, 0xF8, 0xC4,
  0x10, 0x26, 0xCF, 0x15, 0x31, 0x07, 0xC6, 0xB9, 0x13, 0x01, 0xF8, 0xED,
  0xF5, 0x1A, 0x0E, 0xCB, 0x0A, 0xE7, 0xF5, 0x11, 0x30, 0x0F, 0xD6, 0xD0,
  0xF4, 0xFA, 0x1B, 0x08, 0xE8, 0x0A, 0xCF, 0x05, 0xCC, 0x1D, 0xFC, 0x10,
  0x0D, 0xF5, 0xE4, 0xFA, 0xCC, 0xE4, 0x04, 0xFF, 0xCC, 0x0B, 0xEF, 0x03,
  0xE1, 0xD8, 0x0C, 0x02, 0x1B, 0xF6, 0xF2, 0xE9, 0x1A, 0x2D, 0x07, 0x06,
  0x0C, 0x1C, 0xE8, 0xFE, 0x17, 0xFC, 0x29, 0x16, 0x1C, 0x03, 0x04, 0xC5,
  0x06, 0x1D, 0x09, 0xE1, 0x0A, 0x0F, 0xF0, 0xBD, 0x04, 0x16, 0xF4, 0xDA,
  0xF7, 0x0E, 0xED, 0x08, 0x06, 0x00, 0x03, 0xEC, 0xF9, 0x0D, 0xE9, 0xF7,
  0x0B, 0xE8, 0xF0, 0xFF, 0xF4, 0x0A, 0xED, 0x02, 0xF5, 0x1E, 0x0A, 0xFE,
  0xF3, 0x03, 0x08, 0xD1, 0x13, 0x33, 0x0C, 0xF7, 0xDB, 0xFE, 0x05, 0xE4,
  0x1B, 0x24, 0x0F, 0x10, 0xEB, 0x1A, 0xF6, 0xE3, 0x08, 0x1E, 0x5A, 0xEB,
  0x05, 0x14, 0xFF, 0xFA, 0xFF, 0x0D, 0x23, 0xF7, 0x00, 0x0C, 0x08, 0x06,
  0x12, 0x23, 0x2C, 0xE5, 0x34, 0x08, 0xED, 0xF9, 0x2E, 0x22, 0x0F, 0x11,
  0x02, 0x06, 0xE7, 0xD8, 0xDB, 0xFD, 0xE1, 0x0D, 0x0E, 0xFF, 0xEC, 0xBB,
  0xE9, 0xFF, 0x02, 0xF4, 0xF5, 0x06, 0xCE, 0xC7, 0xEA, 0xE9, 0xED, 0xF8,
  0x11, 0x08, 0xE7, 0xCC, 0xD6, 0xF8, 0x23, 0x1B, 0xD3, 0xEB, 0xE2, 0xEE,
  0xBC, 0xED, 0x0B, 0xF7, 0xE0, 0xDF, 0x03, 0xCB, 0xA7, 0xE4, 0xE3, 0x04,
  0xE5, 0xF2, 0xF6, 0xC2, 0x8D, 0xEB, 0xFE, 0xFA, 0x17, 0xEF, 0x18, 0x0A,
  0x02, 0x1F, 0xEC, 0xEC, 0x0A, 0x11, 0x08, 0x09, 0x0D, 0x23, 0x1C, 0xE6,
  0xF4, 0x1D, 0x0E, 0xED, 0xFE, 0x1C, 0x17, 0xF2, 0x08, 0x08, 0x0B, 0xEF,
  0x0C, 0xF7, 0x03, 0x05, 0x0F, 0x0B, 0x07, 0x24, 0xF7, 0xF8, 0xF0, 0x05,
  0x0E, 0x1A, 0xF2, 0x1F, 0xF4, 0xE8, 0xED, 0xEF, 0xFB, 0xF2, 0xE1, 0x13,
  0xF7, 0xFC, 0xFA, 0xEA, 0xDA, 0x12, 0x0E, 0xF5, 0xFC, 0x07, 0x13, 0x08,
  0xFB, 0x0F, 0x25, 0xED, 0x0E, 0x32, 0xF6, 0x01, 0x10, 0x28, 0x30, 0xFE,
  0x18, 0x00, 0x40, 0x17, 0x14, 0x11, 0x2D, 0xF1, 0x18, 0xF5, 0x2C, 0xE4,
  0x00, 0x14, 0x28, 0xF4, 0x2B, 0x26, 0xFC, 0x16, 0x04, 0x0A, 0x08, 0xF8,
  0x1C, 0x36, 0xFC, 0xF7, 0xF9, 0x1D, 0x06, 0xE7, 0x06, 0x0F, 0xF7, 0x01,
  0xFE, 0x24, 0xF6, 0xD5, 0xFA, 0xD1, 0x00, 0xFB, 0xFE, 0x02, 0xF0, 0xDB,
  0xDF, 0xF3, 0x16, 0x18, 0x00, 0x23, 0xED, 0xDE, 0xD7, 0xDE, 0x1A, 0x0D,
  0xE8, 0xFA, 0xD6, 0xF5, 0xD8, 0xC8, 0x21, 0xFD, 0xE0, 0xDF, 0x04, 0xE3,
  0xBB, 0xF4, 0xE6, 0x09, 0xE3, 0xEE, 0xEA, 0xE6, 0xB3, 0xCC, 0xE8, 0x16,
  0x23, 0xE6, 0x14, 0x33, 0xFD, 0x20, 0x14, 0xFE, 0x29, 0x01, 0x03, 0xF9,
  0x0F, 0x03, 0x45, 0xE6, 0x05, 0x00, 0xED, 0xD1, 0x0D, 0x21, 0x16, 0xF9,
  0xF5, 0x08, 0x14, 0xEA, 0x13, 0x00, 0xF5, 0xE3, 0x17, 0xF9, 0x0B, 0xE2,
  0x04, 0xEF, 0xEB, 0x0C, 0x0B, 0x14, 0xE0, 0x03, 0x0F, 0xF8, 0xD9, 0x12,
  0x00, 0xF6, 0xE0, 0x02, 0x03, 0x1C, 0x08, 0x09, 0xF9, 0x00, 0x0E, 0xFD,
  0x11, 0x19, 0x03, 0x0A, 0x1A, 0x0C, 0x08, 0xED, 0x2D, 0x38, 0x02, 0x0B,
  0x0F, 0x0D, 0x22, 0xEB, 0x1C, 0x13, 0x18, 0x08, 0x1D, 0x1D, 0x07, 0x17,
  0x28, 0xDA, 0x09, 0x0D, 0x11, 0x1F, 0x03, 0xF6, 0x0B, 0x18, 0x16, 0xF4,
  0xFF, 0x09, 0x06, 0xE7, 0x0B, 0x1A, 0x2D, 0x00, 0xF8, 0x25, 0x22, 0xEE,
  0x1B, 0xFF, 0xDD, 0xFB, 0xFF, 0x0C, 0xF6, 0xC6, 0x15, 0xD0, 0xFF, 0x1A,
  0x12, 0x0B, 0xF6, 0xD5, 0x0B, 0x03, 0x1E, 0xF3, 0x17, 0x15, 0xC6, 0xD5,
  0xFA, 0xDF, 0x2D, 0x13, 0xF4, 0xEA, 0xCD, 0xEC, 0x02, 0xC3, 0x20, 0x04,
  0x11, 0xDB, 0xD6, 0xE2, 0xFE, 0x02, 0xEF, 0x05, 0xE1, 0xDD, 0xF4, 0xEA,
  0xEE, 0xFF, 0xF3, 0xF3, 0x12, 0xED, 0x0C, 0x03, 0xF0, 0x2E, 0x0A, 0x11,
  0xF5, 0x19, 0x09, 0x06, 0xF9, 0x2C, 0x10, 0x1F, 0xEF, 0x05, 0xF3, 0xE9,
  0xF4, 0x16, 0x07, 0xF8, 0x1C, 0xF2, 0x0A, 0xF7, 0x0F, 0xF8, 0x11, 0xEB,
  0x22, 0xF3, 0xFA, 0xEE, 0x26, 0x0C, 0xD2, 0xF2, 0x20, 0x06, 0xD3, 0xFE,
  0x11, 0x08, 0xD0, 0xEA, 0xF6, 0x18, 0xDE, 0x12, 0x09, 0x14, 0xE7, 0x0F,
  0xF8, 0x10, 0xEF, 0xFB, 0x21, 0x2D, 0x12, 0x0F, 0x09, 0x1B, 0x19, 0xF9,
  0x26, 0x42, 0xFA, 0xF0, 0x0B, 0x1F, 0x2A, 0xF9, 0x30, 0xFB, 0x00, 0xF5,
  0x11, 0x2E, 0x0A, 0x05, 0x00, 0x21, 0xFD, 0xF6, 0x0E, 0x23, 0x16, 0xF8,
  0x0E, 0x28, 0x10, 0x13, 0xF8, 0x17, 0x0F, 0xDA, 0x12, 0x12, 0x14, 0x22,
  0xF4, 0x2C, 0x13, 0xE5, 0x11, 0x14, 0xFB, 0xFB, 0x02, 0x2E, 0xF9, 0xD6,
  0x17, 0x05, 0xF6, 0x02, 0x1A, 0x11, 0xF5, 0xDC, 0x01, 0xDF, 0x16, 0xFA,
  0xF2, 0x05, 0xF2, 0xFD, 0xFC, 0xEE, 0x19, 0x0C, 0x04, 0xF2, 0xDE, 0x0E,
  0x02, 0xC1, 0xE2, 0xED, 0xF3, 0xF2, 0x03, 0x0C, 0xDA, 0x06, 0xF6, 0x08,
  0xF8, 0xD8, 0xF8, 0xD1, 0xE5, 0xD6, 0xF4, 0x01, 0x1C, 0xFF, 0x09, 0xFC,
  0x14, 0x1C, 0x05, 0x0B, 0x0F, 0x0D, 0xF8, 0xED, 0x0A, 0x37, 0x0B, 0xEA,
  0x1B, 0x0D, 0x0E, 0xEA, 0x00, 0x29, 0x1C, 0xFB, 0x0B, 0x1A, 0xED, 0x14,
  0x07, 0xFD, 0x11, 0xE6, 0x27, 0x09, 0xF9, 0xFE, 0x1F, 0xFA, 0xE7, 0xE6,
  0x0D, 0x0F, 0xEA, 0x08, 0x0F, 0xFD, 0xE7, 0xFD, 0xF0, 0x04, 0xFB, 0xF9,
  0xF1, 0x1A, 0xE4, 0x08, 0xE5, 0x09, 0xFA, 0xE6, 0x0B, 0x22, 0x15, 0x0B,
  0x09, 0x10, 0x08, 0x02, 0x1C, 0x2B, 0x0F, 0xF9, 0xF7, 0x03, 0x15, 0xF4,
  0xFD, 0x0B, 0xFA, 0x13, 0x20, 0x15, 0x1B, 0xF9, 0x15, 0x1A, 0xE8, 0x0D,
  0xFC, 0x08, 0x12, 0xE3, 0x0F, 0x1F, 0xF6, 0x08, 0x08, 0xFC, 0xF5, 0xE5,
  0x07, 0x2F, 0x21, 0xFB, 0xE3, 0x15, 0x0F, 0xD6, 0x1F, 0x34, 0xDD, 0xF9,
  0xF5, 0x1A, 0xF9, 0xE4, 0x1F, 0x03, 0x06, 0x08, 0xF0, 0x34, 0xFD, 0xF2,
  0x2B, 0xF1, 0x13, 0xF3, 0x16, 0x05, 0xFE, 0xEB, 0x06, 0xDE, 0x05, 0xF4,
  0x1E, 0x0D, 0xED, 0xD8, 0xF1, 0xC8, 0x00, 0x09, 0xF0, 0xCC, 0xEA, 0xF7,
  0xFC, 0xF7, 0xED, 0x10, 0xFC, 0xD9, 0xE3, 0xD2, 0xFE, 0xE5, 0xE9, 0x0F,
  0x1F, 0xEB, 0x09, 0x26, 0x1C, 0x29, 0x25, 0x0C, 0x0E, 0x0D, 0xF8, 0xF1,
  0x08, 0x0A, 0x03, 0xE9, 0x21, 0xFF, 0xF0, 0x07, 0x07, 0x2C, 0x0D, 0xEC,
  0xF2, 0x14, 0x03, 0xF8, 0x0B, 0x17, 0x00, 0xF3, 0x11, 0xFD, 0xF9, 0x0E,
  0x18, 0xF1, 0x04, 0xF6, 0x11, 0x0F, 0xF0, 0x09, 0xF3, 0xFA, 0xE9, 0x01,
  0xFB, 0x02, 0xF5, 0xFC, 0x09, 0x06, 0x06, 0xE9, 0x08, 0xF1, 0x03, 0xF7,
  0x07, 0x37, 0xFB, 0xF8, 0x10, 0x04, 0xEA, 0xED, 0x0A, 0x37, 0x12, 0x00,
  0x1E, 0x09, 0x13, 0xEE, 0xF1, 0x11, 0x19, 0x09, 0xF2, 0x05, 0xFC, 0xDF,
  0xFD, 0x0D, 0xF4, 0x04, 0x03, 0xFF, 0x0E, 0xFD, 0x22, 0xF0, 0x03, 0xFA,
  0x24, 0x14, 0xE8, 0xD0, 0x19, 0x0F, 0x1A, 0x04, 0x0B, 0x08, 0x04, 0xD9,
  0xFB, 0x1D, 0xE0, 0x03, 0x05, 0x13, 0xDE, 0xB5, 0x07, 0x24, 0xD5, 0xFA,
  0x00, 0x24, 0xE6, 0xD4, 0x0C, 0x0A, 0x06, 0x12, 0xE3, 0x28, 0xFF, 0xEA,
  0xFE, 0xF9, 0xE9, 0x05, 0x04, 0x0B, 0x09, 0xED, 0xFD, 0xE7, 0xF8, 0xF5,
  0xF7, 0xE8, 0x05, 0x09, 0xF4, 0x04, 0xE7, 0x12, 0xE9, 0xD8, 0xCC, 0xD1,
  0xF9, 0x02, 0x11, 0x02, 0x04, 0xF4, 0xFA, 0xF4, 0x00, 0x21, 0x14, 0x22,
  0x1C, 0x15, 0xFC, 0xF9, 0x01, 0x0B, 0x12, 0xF3, 0x18, 0xFD, 0xFE, 0xFA,
  0x03, 0x18, 0x17, 0xFA, 0x18, 0xFB, 0x1A, 0x00, 0x12, 0x10, 0x0B, 0xF7,
  0x14, 0x0E, 0x06, 0xFA, 0xF7, 0xFA, 0xF5, 0x02, 0x19, 0x15, 0xF2, 0xF9,
  0x03, 0xE6, 0xEE, 0x06, 0x09, 0x10, 0xF4, 0x05, 0xF2, 0x06, 0xFD, 0xE3,
  0x08, 0x05, 0xF1, 0xF4, 0xFD, 0x3C, 0x01, 0x02, 0x19, 0x08, 0x05, 0xD8,
  0x03, 0x49, 0x2D, 0x0D, 0x12, 0x06, 0x32, 0xEB, 0x09, 0x40, 0x23, 0xEC,
  0xFD, 0x06, 0xFB, 0xF4, 0x02, 0xE8, 0xEE, 0x12, 0x10, 0x09, 0x05, 0xEA,
  0x01, 0x04, 0x00, 0x0A, 0x03, 0x1F, 0x08, 0xDD, 0x04, 0x33, 0x20, 0x12,
  0x25, 0x13, 0x08, 0xE5, 0x1B, 0xE8, 0x19, 0xF6, 0xEA, 0x19, 0xF3, 0xCF,
  0xF0, 0x02, 0xE1, 0x1B, 0x08, 0x14, 0xF0, 0xB7, 0xF2, 0xDD, 0x1A, 0xF6,
  0x0C, 0x1C, 0x01, 0xB7, 0x02, 0xD2, 0x0E, 0x0C, 0xF8, 0xFC, 0x18, 0xFC,
  0xF9, 0xA8, 0x27, 0x07, 0xF5, 0xD9, 0xDD, 0x07, 0xE4, 0x0D, 0xE3, 0xF5,
  0xF2, 0xF4, 0xDC, 0xD3, 0xFA, 0xF5, 0xFB, 0xF9, 0x14, 0xF6, 0x01, 0xE5,
  0xFB, 0x2A, 0x12, 0x03, 0x3C, 0x01, 0xF3, 0x02, 0x08, 0x23, 0x13, 0xF2,
  0x0D, 0x14, 0xF9, 0xE1, 0x16, 0x1F, 0x14, 0x02, 0x0E, 0x1C, 0xF8, 0x00,
  0xF5, 0xF7, 0xF4, 0xFA, 0x03, 0x09, 0x09, 0x0B, 0x06, 0xF9, 0xF5, 0xE0,
  0x0F, 0x0D, 0xEA, 0x0F, 0x04, 0xD6, 0x06, 0xF4, 0x02, 0x02, 0xDF, 0x06,
  0xFD, 0x08, 0xEA, 0xFE, 0x0E, 0xFE, 0xE6, 0xFB, 0xF2, 0x1D, 0x01, 0x06,
  0xF6, 0x10, 0xFA, 0xF1, 0x08, 0x25, 0x15, 0xFE, 0xFA, 0x0B, 0x12, 0xD3,
  0x14, 0x1A, 0x3E, 0xE8, 0x0E, 0x08, 0x02, 0x0B, 0x15, 0xEF, 0xE0, 0xF0,
  0x08, 0x33, 0x16, 0xC8, 0x0D, 0x06, 0x06, 0xFC, 0x08, 0x16, 0x0C, 0xCA,
  0x11, 0x0C, 0x12, 0x12, 0x07, 0x07, 0xFB, 0xC9, 0x13, 0xDD, 0xF0, 0x0B,
  0x05, 0x25, 0x0C, 0xB3, 0x1F, 0xB5, 0x03, 0xF5, 0x07, 0x0B, 0x07, 0x8E,
  0xFB, 0xF3, 0x12, 0xF5, 0x08, 0x12, 0xF9, 0xDB, 0x12, 0xAC, 0xF6, 0xEC,
  0x27, 0xF2, 0xED, 0xFD, 0x15, 0xD5, 0x0A, 0x02, 0x03, 0xEF, 0x14, 0xFE,
  0x0A, 0xF5, 0x13, 0x06, 0x14, 0xFC, 0xED, 0xE3, 0xF5, 0x03, 0xE2, 0x1E,
  0x16, 0xFF, 0x01, 0xF3, 0xF1, 0x20, 0x1D, 0x13, 0x0C, 0x1A, 0xFA, 0xEC,
  0x0D, 0x24, 0x06, 0xEF, 0x00, 0x16, 0x0E, 0x16, 0x07, 0x14, 0x09, 0xFB,
  0x1D, 0x16, 0xF8, 0x0C, 0xF4, 0x03, 0x13, 0xF7, 0xF2, 0x0B, 0x07, 0x09,
  0xFF, 0xF4, 0xFE, 0xE5, 0x0A, 0xFA, 0xF1, 0xFB, 0xED, 0xFE, 0x03, 0xF8,
  0xFA, 0xF8, 0xDF, 0xD8, 0x09, 0x05, 0x08, 0x26, 0xE7, 0xF7, 0xF7, 0xE1,
  0xFB, 0x3A, 0xEC, 0xF8, 0x04, 0xF4, 0x0F, 0xCD, 0x0E, 0x45, 0x18, 0x1C,
  0x10, 0x17, 0x22, 0xEB, 0x18, 0x17, 0x2F, 0x1A, 0x1D, 0x23, 0x20, 0xFD,
  0x02, 0xD3, 0x09, 0xFA, 0xF7, 0x24, 0xF4, 0xF6, 0xF2, 0x3E, 0x11, 0x15,
  0xD6, 0x23, 0x01, 0xD8, 0xFB, 0x11, 0xEF, 0x12, 0xEE, 0x09, 0xEA, 0xE1,
  0x15, 0x0D, 0xF9, 0x13, 0xF3, 0x39, 0xF8, 0xD3, 0x1C, 0xD8, 0x0F, 0x03,
  0x1B, 0x44, 0x01, 0xD6, 0x12, 0x09, 0x22, 0xF2, 0xF1, 0x41, 0x12, 0xE1,
  0xFF, 0xD9, 0x07, 0x13, 0x10, 0xFA, 0x1A, 0xFF, 0xE6, 0xFE, 0x0B, 0x14,
  0xEC, 0x1A, 0x12, 0x12, 0xE7, 0x03, 0x0B, 0xFA, 0xFE, 0xF8, 0xFF, 0xF4,
  0xFC, 0x0D, 0xE2, 0x12, 0x05, 0xF1, 0xEA, 0x1D, 0x0B, 0x15, 0x1E, 0x12,
  0x07, 0x00, 0x09, 0xF7, 0x0A, 0x05, 0x1A, 0xE3, 0x29, 0x15, 0x01, 0x11,
  0x09, 0x06, 0x1A, 0xED, 0x0A, 0x02, 0x00, 0xF9, 0x05, 0xFC, 0x08, 0x05,
  0x13, 0x0A, 0xFB, 0xFF, 0x1D, 0xF8, 0x08, 0xCE, 0x07, 0x03, 0x03, 0x26,
  0xF9, 0xE5, 0xE7, 0x0D, 0x08, 0xEC, 0xD7, 0x06, 0xFA, 0xF9, 0x01, 0x03,
  0xDF, 0xF7, 0x04, 0xF7, 0x0B, 0x47, 0x07, 0xFE, 0x17, 0xF7, 0x09, 0xE7,
  0x0E, 0x3F, 0x46, 0x0B, 0xF6, 0x17, 0x17, 0xE8, 0x05, 0xF4, 0x44, 0x0E,
  0x2E, 0x05, 0x05, 0x15, 0xFC, 0xE8, 0x2B, 0xE8, 0x00, 0x11, 0xE5, 0xFA,
  0xF0, 0x1A, 0x05, 0x1C, 0xF4, 0x1F, 0x0B, 0xD4, 0x04, 0x23, 0x26, 0xFF,
  0xEE, 0x22, 0xF3, 0xF7, 0x03, 0x1F, 0x14, 0x00, 0x0D, 0x14, 0x09, 0xC1,
  0xF9, 0x02, 0x31, 0xF2, 0xFC, 0x2F, 0x0C, 0xC5, 0x0C, 0x41, 0x12, 0x04,
  0xF9, 0x28, 0x1A, 0xC5, 0xE6, 0xEB, 0xFF, 0xE6, 0xFC, 0x26, 0xFA, 0xF9,
  0xE8, 0xE9, 0x06, 0xF4, 0x20, 0x27, 0xEF, 0xE6, 0x0F, 0xE8, 0x15, 0xFC,
  0xFE, 0xFC, 0xF8, 0xE4, 0xEE, 0x13, 0x04, 0x0F, 0xF2, 0xFD, 0x00, 0x1E,
  0x16, 0x21, 0x0A, 0xF9, 0x0A, 0x09, 0x04, 0xF8, 0x04, 0x06, 0x02, 0xF6,
  0x1C, 0x07, 0x02, 0x07, 0x0D, 0x16, 0x03, 0xF6, 0x17, 0x04, 0x0C, 0x09,
  0x08, 0x02, 0x08, 0xEF, 0x1E, 0xE5, 0xFB, 0xF2, 0x13, 0x17, 0xEE, 0xE0,
  0x0A, 0xF7, 0xD9, 0xFC, 0x05, 0x01, 0xED, 0xFD, 0x14, 0xE8, 0xF9, 0x1D,
  0x15, 0xFA, 0xF8, 0x03, 0x10, 0xFB, 0xFE, 0x03, 0x09, 0x04, 0xF1, 0x0D,
  0xF3, 0x15, 0x02, 0xDB, 0x02, 0x34, 0x0C, 0x21, 0xE8, 0x1D, 0xFD, 0xDA,
  0x06, 0x0B, 0x18, 0x0C, 0x18, 0xF9, 0x15, 0x03, 0x10, 0xF4, 0xDE, 0x02,
  0x06, 0xF8, 0x09, 0xEB, 0xFB, 0x12, 0xE2, 0x00, 0xF5, 0x0E, 0xF7, 0xF2,
  0x00, 0x1D, 0x0C, 0xFE, 0xE1, 0x09, 0xF0, 0xDE, 0x07, 0x03, 0xF8, 0x06,
  0x08, 0x28, 0xED, 0xE4, 0x16, 0xFA, 0x10, 0x09, 0x0A, 0x03, 0xF9, 0xE6,
  0x2A, 0x14, 0x0F, 0xF8, 0x14, 0x0C, 0xF7, 0xDD, 0x14, 0xEA, 0xFC, 0x14,
  0xFA, 0xFE, 0x03, 0xF0, 0xFC, 0x04, 0x16, 0x06, 0x0E, 0x16, 0x0E, 0xF8,
  0x09, 0x08, 0xFB, 0xF9, 0x00, 0x13, 0x00, 0x16, 0x20, 0x0D, 0xEC, 0x09,
  0xFB, 0xEB, 0xED, 0xEC, 0x0F, 0x2E, 0xEC, 0x0D, 0xF7, 0xF9, 0xF9, 0xF9,
  0x23, 0xFA, 0x2E, 0x02, 0x03, 0xF3, 0x0E, 0x03, 0xFD, 0x0B, 0x05, 0xEE,
  0x2B, 0xE9, 0xF8, 0x13, 0xFB, 0xF2, 0x07, 0xF3, 0x07, 0xFB, 0x01, 0xFC,
  0x07, 0xED, 0xE6, 0xE0, 0xF4, 0xF6, 0xFB, 0xF7, 0x0B, 0xFE, 0x03, 0xE4,
  0x0B, 0x04, 0xFB, 0x02, 0xF1, 0x13, 0x06, 0xEF, 0xFC, 0xE9, 0x09, 0x20,
  0x16, 0x22, 0xEE, 0x16, 0xFA, 0x05, 0x01, 0xF4, 0x09, 0x2E, 0x1B, 0x03,
  0x0B, 0x11, 0x16, 0xF7, 0x10, 0x1C, 0x1B, 0x06, 0x16, 0x0C, 0x26, 0x14,
  0x06, 0x0E, 0x01, 0xF1, 0x02, 0x08, 0x14, 0x00, 0x0D, 0x26, 0x0E, 0xFB,
  0xF1, 0x04, 0xF9, 0xE9, 0xF9, 0xF8, 0x05, 0xFF, 0xE2, 0xF9, 0x12, 0xF1,
  0xEA, 0x29, 0x08, 0x14, 0xFD, 0x15, 0x05, 0xD5, 0xFC, 0x40, 0x00, 0x12,
  0xF5, 0x0E, 0x0C, 0xD7, 0x07, 0x14, 0x16, 0xEA, 0xF0, 0x04, 0x17, 0xD7,
  0x16, 0xE9, 0x1F, 0x03, 0x21, 0x19, 0x2E, 0xED, 0x0F, 0x07, 0x19, 0xEF,
  0x13, 0x1D, 0x0E, 0xE5, 0xFC, 0x18, 0xEE, 0x02, 0x17, 0xFE, 0xF0, 0x29,
  0xE7, 0x1E, 0xF6, 0xEC, 0xFF, 0xF1, 0xFD, 0x33, 0x03, 0x1A, 0x0D, 0x25,
  0x24, 0x0B, 0xE7, 0x11, 0xF5, 0xFB, 0x40, 0x0E, 0x18, 0xE9, 0xF6, 0x15,
  0x00, 0x15, 0x04, 0x15, 0x2A, 0xE7, 0xFF, 0xFC, 0xF3, 0x0E, 0x06, 0x04,
  0x07, 0x02, 0xF9, 0xDF, 0x00, 0x07, 0xF9, 0x0D, 0xFC, 0x17, 0xE7, 0xF2,
  0xF6, 0xD0, 0xF1, 0x06, 0xF9, 0x0C, 0xEF, 0xD2, 0xFB, 0x10, 0x02, 0x14,
  0x05, 0x09, 0xF0, 0xE6, 0x17, 0x4E, 0x0D, 0x0E, 0x20, 0x05, 0x01, 0xDE,
  0x05, 0x5C, 0xEF, 0x0E, 0xF0, 0x14, 0x19, 0xFF, 0xFB, 0x27, 0x13, 0x08,
  0x20, 0x22, 0x01, 0x00, 0xF5, 0xE7, 0x09, 0x0C, 0x02, 0x18, 0xEA, 0xE0,
  0xF7, 0x39, 0xFD, 0xFA, 0xF2, 0x0E, 0xD5, 0xD2, 0x11, 0xE9, 0x11, 0x05,
  0xF6, 0xF2, 0x02, 0x00, 0xEF, 0x34, 0x07, 0x08, 0x0B, 0x29, 0xF1, 0xDD,
  0xED, 0x7F, 0xE9, 0x2C, 0xF7, 0x08, 0x0B, 0xFA, 0xF0, 0x12, 0xFB, 0x03,
  0xFA, 0x15, 0xF3, 0x04, 0xFA, 0xE1, 0x02, 0xFF, 0xF8, 0x13, 0x07, 0x08,
  0x07, 0x3D, 0x14, 0x05, 0x0B, 0x2F, 0xFE, 0xE9, 0xED, 0xFC, 0x04, 0x0B,
  0xE4, 0x11, 0x02, 0x1A, 0xDB, 0xFE, 0x06, 0x06, 0x0E, 0xEF, 0x23, 0xFF,
  0x3A, 0x42, 0x0C, 0x14, 0x34, 0xE9, 0x0E, 0xDF, 0x0E, 0x49, 0x12, 0xF6,
  0x25, 0xEE, 0x2A, 0xEF, 0x17, 0x18, 0xFD, 0x1C, 0x1A, 0x13, 0x03, 0xFB,
  0x19, 0xEE, 0x00, 0xE4, 0xFD, 0x20, 0x05, 0x02, 0x04, 0xE1, 0x06, 0xF1,
  0x04, 0x0C, 0xF7, 0xF1, 0xF9, 0x0B, 0xE5, 0x11, 0xF4, 0xE4, 0x0E, 0xF4,
  0x03, 0xD3, 0xF0, 0x12, 0x0F, 0x06, 0xEC, 0x05, 0xF7, 0x17, 0x1B, 0x00,
  0xEC, 0xF1, 0x13, 0xDE, 0xE6, 0x47, 0x00, 0xFA, 0xFA, 0xFD, 0x27, 0xF0,
  0x01, 0xED, 0x15, 0x0E, 0x18, 0xFC, 0x0D, 0xFA, 0x06, 0xF3, 0x0B, 0xED,
  0xF6, 0x0F, 0xED, 0xF8, 0xF1, 0x16, 0x17, 0xEC, 0x06, 0x00, 0xFA, 0xF8,
  0xF2, 0xCB, 0x1C, 0xF2, 0xE0, 0x00, 0x0E, 0xFA, 0xFA, 0x28, 0x01, 0x00,
  0x01, 0x0D, 0xE5, 0xC8, 0x02, 0x07, 0xF4, 0xEE, 0xD2, 0x25, 0x18, 0xF6,
  0xF2, 0x31, 0x09, 0xF7, 0xE9, 0x39, 0x0D, 0x0E, 0xF2, 0x05, 0xE7, 0x0A,
  0xFE, 0x4F, 0x0D, 0xFA, 0x01, 0x1E, 0x14, 0x03, 0xD7, 0x3A, 0x01, 0x09,
  0xF9, 0xFD, 0xF9, 0x06, 0xE4, 0x19, 0xF8, 0xF1, 0xE6, 0xFA, 0x10, 0x02,
  0xFF, 0x01, 0x11, 0x07, 0x14, 0x64, 0xE1, 0xE4, 0x11, 0x0B, 0x09, 0x06,
  0x0B, 0x3B, 0x02, 0xE7, 0x16, 0x19, 0x11, 0x2A, 0x03, 0x25, 0x0D, 0xE5,
  0x11, 0x28, 0x03, 0x11, 0x03, 0xE6, 0xDE, 0x01, 0x17, 0x15, 0xFB, 0x1E,
  0x05, 0xE1, 0x16, 0x0C, 0x06, 0x1B, 0xF8, 0xF9, 0xF3, 0x19, 0xE2, 0xFB,
  0xFA, 0xF8, 0xE9, 0xFE, 0x02, 0xFF, 0xEC, 0x06, 0x07, 0xF6, 0xFE, 0xFB,
  0x00, 0xFC, 0x2B, 0x0C, 0xFE, 0xFF, 0xFF, 0xEE, 0xFE, 0x33, 0x28, 0x12,
  0x03, 0x01, 0xFE, 0xF9, 0x0A, 0x19, 0x2E, 0xF8, 0xF2, 0xF9, 0xF8, 0xF8,
  0x06, 0xFF, 0xF3, 0x06, 0xF5, 0xF0, 0xFC, 0x0E, 0xF9, 0x0C, 0xD5, 0x06,
  0xE9, 0xF8, 0xF2, 0x03, 0xFA, 0xD0, 0x2F, 0x05, 0xFB, 0xEF, 0x11, 0xF5,
  0xF9, 0x58, 0xF6, 0x04, 0x04, 0xF8, 0x0C, 0xCC, 0xFD, 0x26, 0x16, 0x04,
  0xEA, 0x1F, 0x10, 0xF7, 0x0A, 0x34, 0x13, 0x04, 0xEF, 0x46, 0x19, 0x02,
  0x0D, 0xF6, 0x09, 0x10, 0xFE, 0x5F, 0x02, 0xFE, 0x05, 0x55, 0xEA, 0x0F,
  0xED, 0x0A, 0x08, 0x1D, 0xFA, 0x13, 0x01, 0xF2, 0xE4, 0x00, 0x07, 0x14,
  0xE9, 0xF2, 0xFE, 0x15, 0x38, 0xFE, 0x18, 0x1F, 0xEE, 0x29, 0xFE, 0x0C,
  0x0E, 0xF3, 0x03, 0x04, 0x0D, 0xF6, 0x07, 0x10, 0xFD, 0x12, 0xF8, 0xFA,
  0x20, 0x39, 0x0E, 0xF6, 0x1C, 0xF5, 0x1A, 0xF0, 0x05, 0xFC, 0xFD, 0x0F,
  0x14, 0x2B, 0xF6, 0xF4, 0xFC, 0xE3, 0x0E, 0xFE, 0x0A, 0x29, 0xDA, 0xE4,
  0xF6, 0xE6, 0xDF, 0xF3, 0x09, 0xFB, 0xDB, 0xFA, 0xF1, 0x07, 0xF6, 0x00,
  0xFF, 0x00, 0xD2, 0x10, 0xF2, 0xD5, 0xF0, 0x05, 0xE5, 0xDC, 0xF2, 0x0D,
  0xFE, 0xFA, 0x02, 0x01, 0xE2, 0xF5, 0xFD, 0x15, 0x00, 0xF5, 0x36, 0xF5,
  0x04, 0xD9, 0x01, 0xFA, 0xF7, 0xC3, 0xF9, 0xFA, 0x05, 0xEC, 0xDA, 0xFE,
  0xF2, 0xA6, 0xE2, 0x09, 0xF1, 0xF3, 0x01, 0xF3, 0xE5, 0xD1, 0x27, 0x0A,
  0xF4, 0xF3, 0xE2, 0xF3, 0xE3, 0x39, 0xED, 0xEF, 0x04, 0xE6, 0xFE, 0xF9,
  0xFE, 0xFA, 0xFA, 0x0C, 0xF2, 0x07, 0x1D, 0xFF, 0x02, 0xE1, 0x24, 0x0A,
  0x19, 0x03, 0x13, 0x07, 0x07, 0x26, 0x11, 0xF9, 0xF1, 0x18, 0x12, 0x0A,
  0x00, 0x14, 0xEF, 0xF8, 0xFB, 0xF0, 0xF8, 0x06, 0xEE, 0x1E, 0xF6, 0xFE,
  0xDA, 0xFB, 0x24, 0xF0, 0xE9, 0xFF, 0xEE, 0x06, 0xF1, 0xF5, 0x15, 0xFA,
  0x12, 0xEE, 0x17, 0xF9, 0xFC, 0xF6, 0x27, 0x06, 0x15, 0xBF, 0x29, 0xF3,
  0xF2, 0x14, 0x2F, 0xF7, 0x05, 0x0C, 0xE3, 0xEE, 0x0D, 0xD6, 0x16, 0x08,
  0x24, 0x0D, 0xEE, 0xFA, 0x22, 0xED, 0x23, 0x18, 0x1C, 0x3C, 0x1D, 0xFD,
  0xFE, 0xF1, 0xF4, 0xF2, 0xFC, 0x21, 0xF1, 0xF1, 0xF4, 0xF8, 0xE2, 0x12,
  0xFD, 0xEC, 0xD1, 0xFB, 0xE3, 0xFA, 0x0A, 0x0E, 0x10, 0xF7, 0x18, 0x01,
  0x08, 0x0B, 0x2F, 0xFD, 0x4D, 0x26, 0x2A, 0x10, 0x03, 0xF5, 0x3A, 0x0D,
  0x3D, 0x39, 0x4A, 0x04, 0x2B, 0x11, 0x30, 0xF6, 0x0E, 0xEC, 0xEC, 0xFF,
  0x0C, 0x0C, 0x19, 0x08, 0x02, 0xDA, 0xEB, 0xEA, 0x05, 0x1F, 0xFE, 0xFA,
  0xEA, 0xE8, 0xFC, 0xFB, 0xE0, 0x03, 0xF3, 0x00, 0xFE, 0x01, 0xEE, 0xF9,
  0xD7, 0xFE, 0xEE, 0x00, 0x15, 0xC1, 0xAB, 0xF4, 0xDE, 0xF8, 0x04, 0x1D,
  0xCF, 0xF8, 0xE3, 0xEE, 0x10, 0x11, 0x36, 0xFE, 0xDC, 0x5A, 0x0C, 0x12,
  0xFD, 0x03, 0x33, 0xFC, 0x30, 0x41, 0x2A, 0x01, 0xFA, 0x02, 0x20, 0x12,
  0x37, 0x0E, 0x17, 0x02, 0x1B, 0xF9, 0xFA, 0x0E, 0x0F, 0x32, 0x0E, 0x06,
  0xE1, 0x12, 0x16, 0xF3, 0x21, 0x06, 0xF2, 0xFA, 0x0B, 0x0A, 0xD7, 0x1E,
  0x1B, 0xF0, 0x1D, 0xF6, 0x2D, 0x06, 0xED, 0x03, 0xE7, 0xE6, 0x2A, 0x0B,
  0x07, 0x02, 0xEC, 0xFA, 0xEB, 0xF7, 0x1F, 0x04, 0x19, 0x04, 0xF5, 0x00,
  0x16, 0x1E, 0x0C, 0xF7, 0x1D, 0xFC, 0xD7, 0x01, 0xEB, 0x1E, 0x0C, 0x04,
  0xE2, 0x0C, 0xA4, 0xF7, 0xCA, 0x06, 0xE9, 0x09, 0xFC, 0xFC, 0xF3, 0x12,
  0xF2, 0xFA, 0xE7, 0xF1, 0x12, 0x08, 0xF5, 0xF6, 0x0C, 0xFC, 0x21, 0xF5,
  0x21, 0x01, 0xF3, 0x02, 0x21, 0x15, 0x2E, 0xEA, 0x14, 0xFF, 0xFB, 0xFE,
  0x1D, 0x0B, 0xD5, 0xFD, 0x01, 0x06, 0x9F, 0xFC, 0x0A, 0x28, 0xEE, 0x03,
  0xE7, 0x13, 0x28, 0x12, 0xF6, 0x0A, 0x05, 0xEF, 0x0F, 0x00, 0x55, 0x10,
  0xED, 0xF9, 0xDE, 0x00, 0x15, 0x06, 0x3F, 0x14, 0xDE, 0xD4, 0xCF, 0xF5,
  0xE8, 0x02, 0x6A, 0x08, 0xFF, 0x09, 0x03, 0x04, 0x1B, 0xFD, 0x5D, 0xFE,
  0x19, 0xFD, 0x14, 0x07, 0x29, 0xF2, 0x66, 0x0D, 0x31, 0x19, 0x15, 0xEA,
  0x16, 0x0E, 0x0F, 0xF6, 0x46, 0x17, 0x3D, 0xFC, 0x26, 0x1A, 0x1B, 0x0A,
  0x3C, 0x2B, 0x2A, 0x0F, 0xF9, 0xEB, 0xEA, 0xE5, 0xEE, 0xD3, 0xF7, 0xE8,
  0xEA, 0xF3, 0xF6, 0x11, 0x0A, 0x93, 0x16, 0xF4, 0x08, 0xF6, 0xE6, 0xFC,
  0xFC, 0xEB, 0x07, 0xF3, 0x20, 0xCF, 0xE2, 0xF7, 0xDF, 0x0A, 0xEC, 0x12,
  0x10, 0xA0, 0x08, 0xF3, 0xEA, 0xEF, 0x43, 0xF8, 0xD4, 0xFB, 0x24, 0xFD,
  0x09, 0xE1, 0x05, 0x0E, 0xF4, 0x06, 0x35, 0xF5, 0x01, 0x06, 0xC6, 0xF7,
  0xE1, 0xF5, 0x28, 0xFE, 0xDA, 0x1B, 0x06, 0x13, 0x07, 0x09, 0x22, 0xF5,
  0xFC, 0x31, 0xC7, 0x01, 0xF6, 0xF3, 0xD8, 0x07, 0xF4, 0xD2, 0x0C, 0xF4,
  0xF4, 0xE8, 0xCD, 0x04, 0xE7, 0xF5, 0x33, 0x16, 0xEE, 0xEA, 0xD7, 0xE4,
  0x03, 0xD3, 0x16, 0x04, 0xE8, 0xD7, 0xFA, 0xF4, 0x09, 0xE8, 0xF0, 0xFF,
  0xF1, 0xC9, 0x3A, 0xD8, 0xF4, 0xC8, 0x2A, 0x16, 0x20, 0xD1, 0x32, 0x06,
  0xF1, 0x44, 0x30, 0x17, 0x06, 0x09, 0x14, 0x0A, 0xF5, 0xF2, 0x28, 0xEC,
  0x1F, 0x02, 0x55, 0x03, 0x0D, 0x30, 0xF5, 0x00, 0x10, 0x3D, 0x2E, 0xFB,
  0x1B, 0x48, 0xE6, 0x06, 0x08, 0x17, 0xE5, 0x0A, 0xFF, 0x21, 0xFC, 0xEF,
  0xF5, 0xF9, 0xF5, 0x02, 0x11, 0x1A, 0xFE, 0xF0, 0x10, 0x35, 0xD3, 0x04,
  0x03, 0xFA, 0xEA, 0xFB, 0x11, 0x04, 0xFA, 0x0A, 0x10, 0xE9, 0x07, 0xF3,
  0x15, 0x13, 0xF2, 0x0D, 0xFE, 0xF2, 0xDA, 0x01, 0xF5, 0xE5, 0xEF, 0x0A,
  0xEF, 0xD7, 0x0D, 0xF0, 0xE3, 0xEC, 0x05, 0xF3, 0xD1, 0xFA, 0x27, 0xFC,
  0xD4, 0x07, 0x0C, 0x12, 0x18, 0xCF, 0x0C, 0x0E, 0x13, 0x21, 0xE6, 0x12,
  0x0C, 0xB1, 0x2E, 0x14, 0x1C, 0x16, 0x0D, 0xF3, 0xFA, 0xDA, 0x0D, 0xF8,
  0x1D, 0x1F, 0xFD, 0xFE, 0x0A, 0xED, 0x04, 0x12, 0x12, 0xF8, 0xFE, 0x07,
  0xF5, 0xFF, 0xCF, 0x09, 0xF4, 0x0C, 0xB3, 0x0D, 0xF3, 0xFF, 0x11, 0x03,
  0xED, 0xFA, 0xF3, 0x11, 0xED, 0xAF, 0xFC, 0xEE, 0xFD, 0xFF, 0x0C, 0x14,
  0x29, 0xE9, 0xEA, 0x01, 0x0C, 0xF3, 0x0C, 0x02, 0x45, 0xB9, 0x43, 0xFA,
  0x18, 0xCD, 0x20, 0xFB, 0x2A, 0x10, 0x23, 0x0B, 0x17, 0x0B, 0x24, 0x05,
  0x2B, 0xF1, 0x09, 0x06, 0x06, 0x1F, 0x24, 0x0F, 0x41, 0x00, 0xF5, 0x06,
  0x28, 0x2C, 0x2B, 0x05, 0x47, 0xE8, 0xD9, 0xF6, 0x34, 0xFD, 0x16, 0xF3,
  0x38, 0x1B, 0xF3, 0xF5, 0x1E, 0x14, 0x0E, 0xF4, 0x36, 0x2F, 0xFF, 0xF2,
  0xF9, 0x09, 0xC3, 0x0D, 0xFC, 0x04, 0xDC, 0xFC, 0x10, 0x20, 0xE7, 0x0A,
  0xEE, 0x03, 0x29, 0xFE, 0xD5, 0x04, 0x05, 0x06, 0xDB, 0xF0, 0xB3, 0x0B,
  0x07, 0x04, 0xF3, 0x0F, 0xDB, 0xF4, 0x16, 0x17, 0xBF, 0xFE, 0x14, 0x1B,
  0xDC, 0x15, 0x49, 0x01, 0xB7, 0xFE, 0x25, 0x00, 0xE3, 0x07, 0x0A, 0xF2,
  0x08, 0x05, 0x13, 0x1B, 0xD8, 0xFC, 0x1B, 0xF5, 0xF9, 0xFD, 0xEA, 0x04,
  0xDD, 0xEC, 0xF6, 0x15, 0xB4, 0x09, 0x14, 0x16, 0xE2, 0x02, 0xF0, 0x08,
  0xD8, 0x01, 0x12, 0x12, 0xDC, 0xF7, 0xC0, 0xF6, 0xE3, 0xF1, 0x09, 0x04,
  0xCA, 0x06, 0xFC, 0x13, 0xCC, 0x00, 0xF0, 0x16, 0xFA, 0xF7, 0xCE, 0x0B,
  0xCD, 0xF5, 0xE5, 0x02, 0xDB, 0x0D, 0xBE, 0xFF, 0x0F, 0xFB, 0xD9, 0x0F,
  0xD7, 0xEE, 0x26, 0xF3, 0xFA, 0x0C, 0x15, 0xF9, 0xDF, 0x10, 0x01, 0xFD,
  0xFA, 0xF9, 0x27, 0x03, 0x42, 0xF9, 0x24, 0xEB, 0x03, 0xFF, 0x22, 0x07,
  0x39, 0x11, 0x04, 0x15, 0x27, 0x01, 0x13, 0x0E, 0x38, 0x02, 0xCE, 0xFF,
  0x1B, 0x0C, 0xFE, 0x1B, 0x14, 0x09, 0xF5, 0xFF, 0xF0, 0x08, 0x00, 0xFE,
  0x18, 0x14, 0xC9, 0x09, 0x10, 0xF2, 0xF5, 0x1A, 0xE6, 0xF9, 0xCA, 0x11,
  0x1B, 0xEC, 0xED, 0x0F, 0xED, 0x05, 0xE8, 0x1D, 0xAB, 0xF8, 0x09, 0x13,
  0x12, 0xF4, 0xA3, 0x07, 0xCE, 0x09, 0xEF, 0x1F, 0x0A, 0xFC, 0xE6, 0xFD,
  0xCC, 0x04, 0x1A, 0x1B, 0x04, 0x05, 0x27, 0x1C, 0xD8, 0xF9, 0xEE, 0x1B,
  0x19, 0x12, 0x13, 0xFB, 0x1A, 0xF8, 0x08, 0xFD, 0x0B, 0x0A, 0xDD, 0x0C,
  0x0D, 0x0D, 0x09, 0x01, 0x05, 0xE0, 0xE2, 0x10, 0xED, 0xFF, 0x23, 0x0D,
  0x08, 0xDA, 0xCF, 0xF8, 0x16, 0xF3, 0x06, 0xFA, 0x0A, 0x11, 0xBD, 0x11,
  0x16, 0xEA, 0x0B, 0x12, 0x1C, 0xF4, 0xFB, 0x0E, 0x15, 0xFA, 0xEA, 0xFC,
  0xF2, 0xDA, 0x04, 0x02, 0xF1, 0xE9, 0xED, 0x0A, 0x05, 0x08, 0xCF, 0x16,
  0x1B, 0xEC, 0xD9, 0xFB, 0xFC, 0xD4, 0x1F, 0xFC, 0xED, 0xEE, 0x15, 0x17,
  0x1D, 0x02, 0x04, 0xFA, 0x0F, 0xED, 0x09, 0x23, 0x4D, 0xF7, 0xE6, 0x0A,
  0xFD, 0xED, 0x31, 0x08, 0x5A, 0x03, 0x0F, 0xEB, 0x26, 0xF4, 0x05, 0x19,
  0x43, 0xFC, 0xE1, 0x18, 0x32, 0x01, 0xF0, 0x16, 0x50, 0x1C, 0x2D, 0x02,
  0x18, 0x0D, 0x06, 0x36, 0x71, 0x2E, 0xF1, 0xF7, 0x1C, 0xE8, 0x0F, 0x25,
  0x03, 0xEB, 0xF1, 0xFA, 0x1F, 0xEE, 0xFD, 0x18, 0x1C, 0xF0, 0xEC, 0x0E,
  0xE6, 0xFD, 0x1B, 0x0D, 0xED, 0x01, 0xEC, 0xF7, 0xF8, 0xF3, 0x0A, 0x1C,
  0xDF, 0xD7, 0x14, 0x17, 0xE9, 0x03, 0x22, 0x1E, 0x04, 0xF9, 0x22, 0x08,
  0xED, 0x00, 0x07, 0xEE, 0x08, 0xDF, 0x2F, 0x10, 0x0F, 0x0F, 0x11, 0x00,
  0xFE, 0xF9, 0x1D, 0x0D, 0x06, 0x0F, 0x1A, 0xF6, 0x19, 0xC4, 0xFB, 0x0A,
  0x08, 0x0A, 0xF6, 0x1C, 0x0C, 0xBC, 0xE6, 0xEF, 0x3B, 0xEA, 0xDD, 0x0F,
  0xF1, 0xEA, 0x04, 0xF6, 0x0E, 0x11, 0xED, 0x1B, 0x19, 0xDB, 0x3B, 0x01,
  0x26, 0xF8, 0xF2, 0x0D, 0x14, 0xEA, 0x25, 0xF4, 0x0D, 0x07, 0xEB, 0xEF,
  0xEA, 0xEC, 0xEA, 0x0F, 0x05, 0x0A, 0xEE, 0x25, 0xD9, 0xBC, 0x3F, 0xFB,
  0xCB, 0x0F, 0x3E, 0x1D, 0x0A, 0x05, 0x4C, 0x1A, 0xF6, 0x02, 0x0F, 0x05,
  0x16, 0x03, 0x18, 0x02, 0x0B, 0x05, 0x31, 0x05, 0x19, 0x4D, 0x09, 0xE9,
  0x2B, 0x19, 0x2C, 0xFB, 0x18, 0x22, 0xEC, 0x03, 0x1D, 0x29, 0x18, 0x17,
  0x3F, 0x1F, 0xF5, 0xFF, 0x15, 0x26, 0x0F, 0x2C, 0x2E, 0xFF, 0x19, 0xEB,
  0x08, 0xF9, 0xFB, 0x0E, 0x0F, 0xEF, 0x14, 0x06, 0x0E, 0x07, 0xE9, 0xF3,
  0x18, 0x07, 0x12, 0xF1, 0xE2, 0x07, 0x09, 0xFE, 0x00, 0xEE, 0xEB, 0xEC,
  0xE4, 0x07, 0x20, 0x15, 0xFD, 0x06, 0xF2, 0xEE, 0xF4, 0x19, 0x28, 0xFC,
  0xFE, 0x09, 0x20, 0xF4, 0xFF, 0xFE, 0xF9, 0x16, 0x08, 0x11, 0x2F, 0x02,
  0xE9, 0xF9, 0x10, 0xFA, 0x18, 0xE4, 0x14, 0xF3, 0x1D, 0x02, 0x14, 0x23,
  0x1D, 0xD1, 0xF5, 0x08, 0x1E, 0xEF, 0xD5, 0x06, 0xFE, 0xCD, 0xFE, 0x14,
  0x21, 0xE2, 0xBD, 0x19, 0xFB, 0xE5, 0xC8, 0x0D, 0xE8, 0xFD, 0xF9, 0x02,
  0xF3, 0xFB, 0xEE, 0xF2, 0x13, 0x00, 0x07, 0x2E, 0x1F, 0xF4, 0x12, 0xF6,
  0x04, 0xFF, 0xE7, 0x03, 0x0F, 0x24, 0xD5, 0xEB, 0xF9, 0x01, 0xDC, 0x22,
  0xF5, 0xF9, 0x3F, 0x03, 0xE3, 0x06, 0x14, 0x29, 0x28, 0x06, 0x11, 0xF4,
  0x21, 0x00, 0xE6, 0x08, 0x1C, 0x10, 0xCA, 0x0D, 0xFA, 0xFC, 0x2E, 0x00,
  0x0A, 0x2F, 0xF6, 0xF5, 0xF0, 0xF0, 0x14, 0x0E, 0x3B, 0x25, 0xDD, 0xF0,
  0x30, 0x0E, 0x55, 0xF3, 0x29, 0x20, 0xF4, 0xFB, 0x27, 0x2A, 0x19, 0x10,
  0x2A, 0x1D, 0xE6, 0x12, 0x10, 0xFC, 0xE0, 0xFC, 0x04, 0xFB, 0xF9, 0x08,
  0xFF, 0x17, 0xF3, 0xFD, 0x0E, 0x06, 0xF0, 0x16, 0xE7, 0x2C, 0x13, 0xFC,
  0x07, 0xEE, 0xEE, 0xEF, 0xCE, 0x01, 0x04, 0x09, 0x04, 0xF4, 0xF6, 0x11,
  0xF8, 0xFE, 0x0F, 0x12, 0x0F, 0x19, 0xFA, 0x07, 0x1C, 0x0C, 0xF9, 0xFA,
  0x15, 0xFB, 0x28, 0x00, 0x09, 0x15, 0x24, 0xF6, 0x10, 0x22, 0x0E, 0x07,
  0x09, 0x10, 0x0A, 0x2A, 0xFF, 0xEF, 0xFD, 0x01, 0x21, 0x05, 0x06, 0x21,
  0xF1, 0xE0, 0xC2, 0x14, 0x02, 0xFB, 0xDB, 0x19, 0xC7, 0xFE, 0x8E, 0xEF,
  0xE9, 0xFF, 0xC4, 0x03, 0xED, 0x1C, 0xE0, 0x16, 0x09, 0x05, 0xE8, 0xE1,
  0xF8, 0x1A, 0xFA, 0x07, 0xE0, 0xF7, 0x25, 0x00, 0xFC, 0xFA, 0xC1, 0x09,
  0x0C, 0x08, 0x09, 0x2F, 0xF1, 0xD6, 0x2B, 0x01, 0xE0, 0x01, 0x28, 0x37,
  0xF5, 0x06, 0xF6, 0x0F, 0x10, 0x02, 0xF0, 0x35, 0xEE, 0xFC, 0xDC, 0xF2,
  0xC6, 0xDF, 0x1D, 0x1C, 0x0D, 0x1A, 0xF8, 0x06, 0x2C, 0xD8, 0x25, 0xFB,
  0x37, 0xE9, 0xED, 0xE9, 0x08, 0xF5, 0x0C, 0x08, 0x42, 0x16, 0xF3, 0x1E,
  0x18, 0xFC, 0x23, 0x1B, 0x16, 0x30, 0xEA, 0x10, 0x0F, 0xFC, 0x12, 0x0E,
  0xF0, 0xFC, 0x12, 0x14, 0xFC, 0x13, 0x04, 0xEF, 0xEF, 0xFE, 0xDF, 0xF7,
  0xD9, 0x17, 0x10, 0x13, 0x0B, 0xCF, 0xF1, 0xF5, 0x07, 0xF8, 0x1F, 0x28,
  0x26, 0x16, 0x09, 0x01, 0x04, 0x04, 0x1F, 0x09, 0x0F, 0xFF, 0x17, 0xF8,
  0x0C, 0x08, 0x23, 0xFC, 0x08, 0x19, 0x0D, 0x08, 0xFC, 0x13, 0x08, 0x06,
  0x1F, 0x07, 0x0D, 0x0B, 0x25, 0xF5, 0x0C, 0x2C, 0x1A, 0xD7, 0x17, 0x00,
  0x16, 0xFC, 0x0A, 0x18, 0xF1, 0xD0, 0xF3, 0xE7, 0xFE, 0xF8, 0x11, 0x1F,
  0x0A, 0xE6, 0xAC, 0x0A, 0xEC, 0xF4, 0x0F, 0x03, 0x19, 0x0B, 0xD0, 0x00,
  0x00, 0x0A, 0x0A, 0xF6, 0xF1, 0xFC, 0xDF, 0x17, 0xEA, 0xED, 0x0A, 0xFB,
  0xF9, 0x03, 0xD8, 0x03, 0xFF, 0xF7, 0x06, 0x2A, 0x15, 0xED, 0x25, 0x19,
  0xF3, 0xFF, 0x32, 0x24, 0x14, 0x08, 0xE6, 0x0A, 0x1B, 0xFF, 0x2D, 0x32,
  0x1C, 0xF2, 0xEF, 0xF4, 0xDD, 0xFA, 0x0E, 0x1A, 0x26, 0xF6, 0xE0, 0x06,
  0x0E, 0x16, 0xEE, 0x16, 0x4D, 0x0A, 0xE6, 0xFE, 0x1E, 0x1E, 0x19, 0x1F,
  0x6D, 0x32, 0xF3, 0xED, 0x1E, 0x11, 0xFE, 0x35, 0x6D, 0x12, 0x10, 0xEE,
  0xF0, 0xF9, 0x06, 0xF8, 0xF0, 0x00, 0xF9, 0x03, 0x04, 0xF9, 0x1B, 0xF0,
  0x1A, 0xF5, 0xDA, 0xF9, 0x13, 0xF9, 0x0D, 0x0A, 0x00, 0xEE, 0xDD, 0xF8,
  0xF5, 0x07, 0x02, 0x02, 0x0F, 0x25, 0x14, 0x03, 0x1C, 0x18, 0x13, 0xDF,
  0x24, 0x1F, 0x13, 0xFB, 0xFE, 0x1F, 0x1D, 0xFF, 0xFF, 0x20, 0x36, 0x03,
  0x13, 0x00, 0x28, 0x04, 0x12, 0x10, 0xFF, 0xF6, 0x2A, 0x0E, 0xF8, 0x10,
  0x12, 0xE4, 0xFC, 0xF5, 0x13, 0x06, 0xC5, 0x1A, 0xFC, 0xC4, 0x06, 0xFB,
  0x0A, 0x05, 0xD8, 0xF0, 0xE4, 0xFD, 0xC0, 0x02, 0xD2, 0xF4, 0xD8, 0x13,
  0xF8, 0x05, 0xDB, 0x05, 0xE2, 0xFE, 0xE9, 0x0D, 0xF3, 0xCD, 0xE2, 0xEE,
  0x1D, 0xFB, 0xEB, 0xF4, 0xED, 0xE7, 0x07, 0x0B, 0x15, 0xE1, 0xEB, 0x05,
  0xF3, 0x04, 0xFE, 0x05, 0x08, 0xEF, 0x0E, 0x24, 0x15, 0x2B, 0xFA, 0x0E,
  0xFA, 0x07, 0x04, 0x22, 0x1C, 0x1A, 0xF0, 0x0D, 0xD7, 0xF5, 0x0D, 0x33,
  0x36, 0x2B, 0xDF, 0xFB, 0x26, 0x0D, 0x02, 0x09, 0x37, 0x38, 0xE9, 0x09,
  0x0D, 0x46, 0xFE, 0x2D, 0x48, 0x05, 0xEE, 0xF9, 0x04, 0x2E, 0x0D, 0x12,
  0x46, 0x1D, 0x06, 0xF5, 0xE1, 0xEE, 0x11, 0xE5, 0x13, 0xEB, 0xF5, 0xF7,
  0xF7, 0xFA, 0x00, 0x0B, 0x06, 0xFA, 0xE1, 0x06, 0x14, 0xF6, 0x12, 0x38,
  0x1A, 0xDE, 0xE5, 0xFF, 0x0B, 0x14, 0x10, 0x02, 0x12, 0x25, 0xF8, 0xF8,
  0xF6, 0x02, 0x04, 0x23, 0x0B, 0x0A, 0x0B, 0x05, 0x16, 0x19, 0x34, 0x03,
  0x11, 0x1F, 0x3D, 0x05, 0x12, 0xFD, 0x1C, 0x03, 0x16, 0xFB, 0xF8, 0xF9,
  0x29, 0xF0, 0xF1, 0x13, 0xE6, 0xE2, 0xE7, 0xFF, 0x0C, 0xF1, 0xE4, 0x09,
  0xE9, 0xC1, 0x19, 0xED, 0xFA, 0xE6, 0xE2, 0xF3, 0xD9, 0xDA, 0xFD, 0xF9,
  0xD8, 0xFA, 0xFC, 0x07, 0xEE, 0x36, 0xF0, 0x0E, 0xF0, 0xDE, 0xF7, 0x17,
  0xE0, 0xEF, 0xDD, 0xF2, 0x08, 0xF8, 0x07, 0x0D, 0xF0, 0xF3, 0xDF, 0x0C,
  0x16, 0xE7, 0xF4, 0x14, 0xDB, 0xF5, 0x07, 0xF4, 0x0D, 0xDF, 0xFA, 0x34,
  0xE3, 0x33, 0x04, 0xFC, 0x04, 0xF5, 0xE9, 0x4B, 0xFF, 0xF6, 0xED, 0x0A,
  0xDE, 0xCE, 0x12, 0x3C, 0x0C, 0x19, 0xCB, 0xF3, 0xF3, 0x08, 0x12, 0x0B,
  0xEF, 0x30, 0xE8, 0x0A, 0xE4, 0x24, 0x2C, 0x1C, 0x04, 0x0B, 0x05, 0xE9,
  0x06, 0x1D, 0xFA, 0x1D, 0x16, 0xFE, 0x04, 0xFC, 0x10, 0xF4, 0xFB, 0xF7,
  0x07, 0xF5, 0xEB, 0x02, 0x1E, 0x19, 0x0E, 0xFE, 0x19, 0xFD, 0xEE, 0xF2,
  0x19, 0x0D, 0x32, 0x01, 0xFD, 0xFB, 0xF2, 0xEB, 0x17, 0x03, 0x28, 0xF7,
  0x11, 0xEE, 0x12, 0x17, 0x03, 0x12, 0x28, 0x09, 0xFB, 0x1C, 0x3C, 0x0E,
  0x00, 0x12, 0x3C, 0x07, 0x04, 0xF1, 0x42, 0x0B, 0x01, 0x0E, 0x22, 0xF7,
  0x02, 0xFD, 0x1C, 0xED, 0x12, 0xF6, 0x1C, 0x05, 0x06, 0xC6, 0x0B, 0xFA,
  0xE9, 0x08, 0xF6, 0x1E, 0xE8, 0xB6, 0x22, 0xEA, 0xF8, 0xEC, 0xEC, 0xF7,
  0xC8, 0x06, 0x15, 0xE8, 0xF8, 0xF0, 0xF1, 0xEF, 0xEB, 0x0E, 0xF9, 0xF8,
  0xD2, 0xDB, 0xFE, 0xFE, 0xEB, 0xF1, 0xF5, 0xE6, 0x14, 0xE2, 0xF8, 0x1E,
  0xEF, 0xFD, 0xF5, 0xF5, 0x16, 0xEA, 0xDA, 0x28, 0xE9, 0xFB, 0xEE, 0xF9,
  0x08, 0xF0, 0x11, 0x2A, 0xF5, 0x01, 0x00, 0x09, 0xE7, 0xFB, 0x0E, 0x17,
  0xF3, 0x24, 0xD5, 0x0B, 0xF8, 0xEC, 0x14, 0x04, 0x1D, 0x1F, 0xD6, 0xF5,
  0x1F, 0x07, 0x0D, 0xFE, 0x0B, 0x3D, 0x01, 0x19, 0x17, 0x2E, 0xF4, 0xFB,
  0x0B, 0x1D, 0x13, 0xEF, 0x1A, 0x1F, 0xFB, 0x26, 0x21, 0x1D, 0x03, 0x14,
  0xE9, 0xEE, 0x01, 0xE7, 0xF0, 0x0C, 0xF8, 0xF3, 0xF4, 0x00, 0x0A, 0x12,
  0x14, 0xE6, 0x05, 0xFE, 0xF5, 0x14, 0xFF, 0x12, 0x22, 0xEA, 0xE6, 0xF2,
  0x10, 0xFE, 0x0D, 0xF3, 0x19, 0xF6, 0x01, 0x10, 0xEB, 0x05, 0x12, 0x00,
  0x06, 0x19, 0x0B, 0x08, 0xEF, 0x0A, 0x15, 0xE6, 0x20, 0x06, 0x23, 0x06,
  0x18, 0xFB, 0x1A, 0xE6, 0x1E, 0xD8, 0x1A, 0x06, 0x17, 0xFD, 0x15, 0xFA,
  0x11, 0xF0, 0xD9, 0xDD, 0xFF, 0x02, 0x03, 0x16, 0xF4, 0xDA, 0xEE, 0xF8,
  0x15, 0xFD, 0xD8, 0x07, 0xFF, 0xF8, 0x0D, 0x06, 0x01, 0xFE, 0xEE, 0x19,
  0x00, 0x03, 0x21, 0x04, 0xE7, 0xF3, 0xF4, 0xFC, 0x04, 0xEC, 0xF1, 0xF6,
  0x19, 0xEE, 0xF6, 0x18, 0xFF, 0xD7, 0xFD, 0x14, 0x2C, 0xF6, 0x04, 0x24,
  0x0B, 0xDD, 0x14, 0x0A, 0xFF, 0xD4, 0x01, 0x09, 0xC2, 0x03, 0xE1, 0xED,
  0xF1, 0xEC, 0xE9, 0x08, 0xF4, 0xF0, 0xEE, 0x02, 0xEB, 0xED, 0xE7, 0x00,
  0x16, 0x20, 0xED, 0x04, 0xF7, 0x21, 0xF3, 0x11, 0x05, 0x38, 0xF7, 0x1A,
  0x1B, 0x1A, 0x00, 0xF9, 0x19, 0xFE, 0xFF, 0xD9, 0x03, 0x20, 0x08, 0x29,
  0x05, 0x07, 0x03, 0x02, 0xD9, 0xF0, 0x08, 0xD5, 0xFA, 0xF4, 0x04, 0x05,
  0xEB, 0x12, 0x1D, 0xF9, 0xFD, 0xE9, 0xF0, 0x04, 0xF5, 0xFD, 0x05, 0x00,
  0x0A, 0xE1, 0x00, 0x06, 0x0E, 0x0C, 0x25, 0xF3, 0x0E, 0xFA, 0x0D, 0x08,
  0xEB, 0x01, 0x11, 0xE7, 0x14, 0x05, 0x13, 0x00, 0x14, 0x01, 0x3A, 0xEE,
  0x06, 0x25, 0x22, 0xEE, 0xF7, 0x04, 0x16, 0xF0, 0x06, 0xFC, 0x0D, 0x10,
  0x1A, 0x0D, 0x2A, 0x0A, 0x0A, 0xDC, 0x14, 0xEE, 0x0E, 0x13, 0x13, 0xEF,
  0x07, 0xC1, 0xEB, 0xEB, 0xE5, 0x06, 0xF6, 0x07, 0xFD, 0xF9, 0xDF, 0x04,
  0x03, 0xF0, 0x03, 0x23, 0xF1, 0xF1, 0x1A, 0xF3, 0xF5, 0x14, 0xF8, 0x1D,
  0xFA, 0xFA, 0xE9, 0x1D, 0xE7, 0x01, 0x02, 0x0D, 0x01, 0xF6, 0xBA, 0xED,
  0xE3, 0x06, 0xDE, 0x11, 0x02, 0xF7, 0x1B, 0x03, 0xF9, 0xF0, 0x1E, 0x22,
  0x18, 0xDA, 0x0F, 0x12, 0xEB, 0xD4, 0x17, 0x1E, 0x00, 0xFA, 0xDF, 0xEA,
  0x26, 0xE7, 0xFB, 0x0E, 0x07, 0xF0, 0xF2, 0x0A, 0xEF, 0x06, 0xFC, 0x15,
  0xF5, 0x1E, 0x01, 0xFE, 0xFE, 0x2C, 0x12, 0x02, 0x10, 0x04, 0xF5, 0xF7,
  0xEE, 0x18, 0x29, 0x21, 0xF4, 0x07, 0xED, 0x09, 0x0D, 0xF2, 0x15, 0xFB,
  0xF0, 0xF0, 0xFC, 0xEC, 0xF2, 0xF9, 0x2A, 0xFB, 0x00, 0xE6, 0x09, 0x0C,
  0xE0, 0x00, 0x1C, 0x1C, 0x0C, 0x07, 0xE5, 0x02, 0x15, 0x11, 0xFE, 0xEE,
  0x1A, 0x06, 0x0F, 0x04, 0xF0, 0x15, 0xF9, 0xFA, 0x0E, 0xFB, 0x18, 0x0F,
  0xF8, 0x13, 0x0C, 0xE4, 0x19, 0x2B, 0x2F, 0xF7, 0x07, 0x0F, 0x25, 0x11,
  0x0E, 0xF9, 0x11, 0x15, 0x0C, 0xFD, 0x1E, 0x15, 0x1B, 0xD9, 0x08, 0xE9,
  0xFC, 0xFD, 0xFE, 0x09, 0xFC, 0x9A, 0xE1, 0x03, 0x18, 0x13, 0xEA, 0x09,
  0x04, 0xCB, 0xDE, 0x09, 0x03, 0x04, 0xF0, 0x02, 0x1A, 0x2F, 0x1A, 0xF8,
  0x0F, 0xEE, 0x09, 0xF5, 0xEE, 0x15, 0x0D, 0x17, 0xF1, 0xF0, 0xFB, 0x15,
  0x0A, 0xD7, 0xD8, 0x02, 0xE2, 0xE6, 0x01, 0x0A, 0xE0, 0x1E, 0xCA, 0x0C,
  0x06, 0xE1, 0x0C, 0x1C, 0x0F, 0x0F, 0x1B, 0x09, 0x05, 0xE4, 0x02, 0x2E,
  0xFC, 0x39, 0xED, 0xF8, 0x03, 0xEC, 0x17, 0x2D, 0x0C, 0x2D, 0xEC, 0x07,
  0xF3, 0x07, 0xE4, 0xFA, 0xF8, 0x3F, 0xDD, 0xEF, 0x12, 0x1A, 0x1E, 0x14,
  0x0C, 0x07, 0x0A, 0xF8, 0x0F, 0x2B, 0x22, 0x3A, 0x1D, 0xEE, 0xF8, 0x00,
  0x01, 0xF6, 0x04, 0x0B, 0x18, 0xD3, 0xE2, 0xE8, 0xE1, 0x08, 0x20, 0x19,
  0x0D, 0xEE, 0xFE, 0xFA, 0xDF, 0x0F, 0x15, 0x1E, 0x0F, 0xE6, 0x09, 0x0F,
  0x06, 0x0F, 0x18, 0xF6, 0x04, 0x13, 0xFA, 0x0A, 0xEB, 0x0E, 0x23, 0xED,
  0x01, 0x27, 0x04, 0x13, 0x01, 0x13, 0x27, 0xEE, 0x29, 0x2A, 0x27, 0x04,
  0x14, 0x0A, 0x35, 0xDA, 0x10, 0x20, 0x05, 0xEF, 0x08, 0x28, 0x1B, 0x08,
  0x04, 0xE0, 0x00, 0xEE, 0x04, 0x0D, 0x12, 0x0A, 0xFD, 0xD6, 0xF1, 0xF8,
  0x12, 0xF5, 0xF6, 0x17, 0x04, 0x01, 0xCB, 0x00, 0xFC, 0x0A, 0xE2, 0xF6,
  0x0E, 0x23, 0x1B, 0xF0, 0xF9, 0xE9, 0xF4, 0x0C, 0xFE, 0xF7, 0x14, 0xF7,
  0x13, 0xDC, 0x05, 0x35, 0x05, 0xF2, 0xE3, 0x01, 0xF7, 0xEC, 0xF9, 0x28,
  0xF0, 0x25, 0x02, 0xF5, 0xF6, 0x05, 0x06, 0x48, 0xDC, 0x43, 0x06, 0x07,
  0xF7, 0xF9, 0xF7, 0x55, 0xE5, 0x0A, 0xFE, 0xF2, 0xEF, 0xE7, 0xFD, 0x31,
  0xFB, 0x3E, 0xF3, 0xFD, 0xCC, 0x0D, 0xF0, 0xF8, 0xEF, 0x48, 0xD0, 0xFA,
  0xEB, 0x29, 0xF2, 0xEC, 0xF8, 0xF3, 0xF9, 0x06, 0xFB, 0x11, 0x22, 0x17,
  0xF4, 0xE6, 0x07, 0x06, 0xD6, 0x0D, 0xFF, 0x0D, 0x19, 0xEF, 0xFB, 0xE9,
  0xF4, 0x08, 0x06, 0x03, 0x20, 0xF5, 0xFF, 0xF4, 0xEF, 0x0F, 0x21, 0xF8,
  0x18, 0xF3, 0xF8, 0xE9, 0xF7, 0xF8, 0x16, 0xF9, 0x13, 0x15, 0xFA, 0xED,
  0x12, 0x07, 0x1A, 0xF7, 0x13, 0x40, 0x16, 0x14, 0x0D, 0x0A, 0x18, 0x04,
  0x17, 0x19, 0x17, 0xEC, 0xF7, 0x15, 0x21, 0x0B, 0x17, 0xEA, 0x0B, 0xD2,
  0x21, 0x0F, 0x0C, 0x09, 0x10, 0xBC, 0x1D, 0x01, 0x0D, 0x0F, 0x1A, 0x2B,
  0x06, 0xCB, 0xF8, 0x07, 0xE3, 0xFC, 0xC9, 0x02, 0xFF, 0xE1, 0xC3, 0xEF,
  0xE0, 0x00, 0xE5, 0x17, 0xF9, 0x20, 0x11, 0xF2, 0xF7, 0xE2, 0x10, 0x0A,
  0xFC, 0xCA, 0xFB, 0xFE, 0x1F, 0xEF, 0x01, 0x16, 0xF6, 0xEF, 0xF7, 0x17,
  0x02, 0xF6, 0xF1, 0x13, 0x06, 0xFC, 0xF0, 0x08, 0xFA, 0xE9, 0x09, 0x3B,
  0xFA, 0x1A, 0xEB, 0xFE, 0xF8, 0xBE, 0xF3, 0x29, 0xFA, 0xF3, 0xD4, 0xFE,
  0x0B, 0xBE, 0x03, 0x14, 0x0C, 0x1D, 0xE0, 0x06, 0xF3, 0x07, 0xDE, 0x10,
  0x19, 0x12, 0xEF, 0xFB, 0xF2, 0xF6, 0x14, 0xF2, 0x00, 0x07, 0xE0, 0x07,
  0xF0, 0x1F, 0xFE, 0xFA, 0xF2, 0xDD, 0x02, 0x06, 0xFE, 0xE5, 0x14, 0x01,
  0x0E, 0xEC, 0xE5, 0xF3, 0xF7, 0x06, 0x08, 0x03, 0x0F, 0x11, 0xF8, 0x13,
  0xED, 0x14, 0x29, 0xFF, 0x1B, 0x10, 0xF2, 0x05, 0xE1, 0x0F, 0x0B, 0x0D,
  0x0A, 0x09, 0xFE, 0x0A, 0xF4, 0x0A, 0xF5, 0xF1, 0x03, 0x27, 0xFE, 0x04,
  0x12, 0x11, 0x1B, 0xE8, 0x1E, 0x36, 0x15, 0xF9, 0x19, 0x02, 0x20, 0x0C,
  0x16, 0x1F, 0x00, 0x0B, 0x12, 0x10, 0x27, 0xFF, 0x14, 0xC7, 0x08, 0xFC,
  0x06, 0xFC, 0x01, 0x12, 0xF6, 0xD6, 0xD1, 0x04, 0x0B, 0xE9, 0xEE, 0xF4,
  0x09, 0x02, 0xAA, 0xF1, 0xF3, 0x13, 0x10, 0x03, 0x11, 0x3A, 0xED, 0x2C,
  0xFD, 0xE5, 0x10, 0xF5, 0x06, 0xF6, 0xF0, 0xF1, 0x0F, 0xDA, 0xFD, 0x16,
  0x05, 0x00, 0xE9, 0xF0, 0x0D, 0xF2, 0x02, 0x18, 0xFE, 0xD0, 0xDE, 0x02,
  0xF1, 0xF4, 0x0E, 0x27, 0x0A, 0x03, 0xBA, 0xFB, 0xEC, 0xEC, 0xE4, 0x26,
  0x00, 0xD2, 0xE3, 0xFC, 0x12, 0xE3, 0xCB, 0x25, 0x0E, 0x2E, 0xDF, 0x12,
  0x12, 0xE8, 0x04, 0x22, 0x0F, 0x01, 0x07, 0xFE, 0xE9, 0xF1, 0x08, 0x04,
  0x17, 0x0B, 0xD6, 0x06, 0x17, 0x0F, 0x01, 0x08, 0xFF, 0xF0, 0xF9, 0xF8,
  0x03, 0xF6, 0x1C, 0xF3, 0x11, 0xEF, 0x00, 0x02, 0xFC, 0x2F, 0x0E, 0x02,
  0x01, 0xFF, 0xDD, 0x0E, 0xFD, 0x27, 0x04, 0xE3, 0x0F, 0xF7, 0x1D, 0x13,
  0x01, 0x1E, 0x00, 0xFE, 0xED, 0x2C, 0x14, 0x04, 0xEA, 0x0D, 0x0F, 0xFF,
  0x0D, 0x11, 0x0F, 0x0A, 0x07, 0x07, 0x31, 0xFE, 0x17, 0x10, 0xFE, 0x0B,
  0x03, 0x17, 0x19, 0xEC, 0x16, 0x20, 0x0C, 0xEF, 0x17, 0xF8, 0x1E, 0xFF,
  0x0D, 0x06, 0x01, 0xE7, 0xFC, 0xF3, 0x04, 0x1F, 0xEC, 0xC7, 0xF6, 0xEB,
  0x05, 0x05, 0xEE, 0x0F, 0xE6, 0x00, 0xF3, 0xE5, 0xEC, 0xFC, 0x0A, 0xF0,
  0x16, 0xE8, 0x18, 0x09, 0x1E, 0x12, 0x1C, 0x0F, 0x17, 0x0F, 0x25, 0x03,
  0x12, 0x0F, 0x20, 0xF7, 0x08, 0xD7, 0xED, 0xEE, 0x29, 0xED, 0x19, 0xFD,
  0xF9, 0xF3, 0x07, 0x0D, 0x06, 0xD7, 0xFF, 0x0A, 0xE9, 0x2D, 0xF2, 0xFB,
  0xF0, 0x03, 0x02, 0x06, 0xED, 0xEA, 0xEA, 0x08, 0xEE, 0xF4, 0xFE, 0x14,
  0xF6, 0x13, 0xE5, 0x02, 0x07, 0x0E, 0xDD, 0x1E, 0x05, 0x04, 0xEF, 0xFD,
  0x04, 0x22, 0xF7, 0x0E, 0xF0, 0x04, 0xF7, 0xEC, 0x05, 0x22, 0xEB, 0x16,
  0x02, 0xF6, 0x14, 0x00, 0x0F, 0x00, 0x36, 0xF7, 0x0F, 0xF5, 0x12, 0xF3,
  0x17, 0x1A, 0x2C, 0x09, 0x0D, 0xF7, 0xE0, 0x04, 0xF6, 0x25, 0x01, 0xE6,
  0xFC, 0x21, 0x1C, 0x06, 0xF0, 0x32, 0x08, 0xFE, 0x01, 0x12, 0x1E, 0xFC,
  0xFE, 0x09, 0x22, 0xED, 0x11, 0x1A, 0x20, 0x11, 0x03, 0x1B, 0x09, 0x17,
  0x16, 0x0C, 0x1D, 0x16, 0x19, 0x18, 0xFC, 0xEF, 0xF1, 0xFC, 0xFC, 0x00,
  0x06, 0x12, 0xE7, 0xE8, 0x16, 0xCC, 0x05, 0xF6, 0x20, 0x11, 0xE9, 0x09,
  0x0E, 0xE5, 0xEE, 0xF3, 0xF4, 0xF9, 0xE4, 0x0D, 0xF9, 0xED, 0xE2, 0x00,
  0xEC, 0xF5, 0xE7, 0xF7, 0x16, 0xF8, 0xF5, 0x25, 0x03, 0xFD, 0xED, 0x0F,
  0x0E, 0xC2, 0xE1, 0x04, 0x11, 0x01, 0xE6, 0x23, 0x00, 0x23, 0xF2, 0x09,
  0x0F, 0xF8, 0xEC, 0x18, 0x0E, 0xE1, 0xF5, 0xE8, 0x08, 0xE0, 0x09, 0x18,
  0x01, 0xD7, 0xDE, 0x12, 0x31, 0xE3, 0xFB, 0x13, 0x0C, 0x08, 0xE2, 0x05,
  0xF7, 0x05, 0xEA, 0x04, 0xE4, 0x25, 0xDA, 0x0C, 0xD3, 0xE4, 0xC4, 0x16,
  0xFA, 0x01, 0xDA, 0x02, 0xF5, 0x11, 0xF1, 0x09, 0x0D, 0x0C, 0xFF, 0xF6,
  0xE0, 0x1F, 0xF4, 0xFF, 0xFB, 0xC7, 0xEC, 0xFF, 0xEA, 0x01, 0x08, 0xF1,
  0x00, 0xE2, 0x14, 0xEA, 0x00, 0x26, 0x08, 0x0A, 0x12, 0xFE, 0xCC, 0x00,
  0xEF, 0x36, 0x1C, 0xE2, 0x0E, 0xFF, 0xF8, 0x07, 0xE1, 0x14, 0x14, 0x23,
  0xFD, 0x0D, 0x1C, 0xEE, 0xE7, 0x0B, 0x1C, 0xFF, 0x18, 0x2E, 0x1A, 0x04,
  0x1C, 0x12, 0x25, 0x03, 0x09, 0x3A, 0x1B, 0xFC, 0xF8, 0x1A, 0x1E, 0x1F,
  0x01, 0xEF, 0xF4, 0xEB, 0x07, 0x1C, 0xF6, 0x0C, 0x02, 0xC2, 0x1A, 0xE5,
  0x00, 0x18, 0x0A, 0x21, 0x0D, 0xA5, 0x29, 0xF7, 0x09, 0x0B, 0x0D, 0xF1,
  0xFD, 0xD0, 0xE1, 0xE0, 0xFB, 0xDA, 0x0C, 0x11, 0xFF, 0x18, 0x01, 0xFA,
  0x11, 0xE9, 0xF7, 0xFF, 0xF7, 0xDE, 0xFD, 0xF3, 0x12, 0x0D, 0x0F, 0x1F,
  0xF9, 0x08, 0xF0, 0x02, 0x14, 0x0A, 0x03, 0xF6, 0x0A, 0xC7, 0xF6, 0xF2,
  0xED, 0xC5, 0x09, 0x02, 0x08, 0x81, 0xFC, 0xE7, 0x18, 0xF3, 0xFD, 0x04,
  0xF9, 0xD0, 0x0A, 0xF6, 0x24, 0xF0, 0xEB, 0x03, 0xEA, 0x26, 0xEF, 0x0F,
  0x07, 0xD9, 0xF0, 0xEB, 0xFC, 0xD1, 0xF2, 0x00, 0xF8, 0xC8, 0x1C, 0x19,
  0x0A, 0x07, 0xEA, 0x10, 0x04, 0x15, 0xF2, 0xEE, 0x05, 0x22, 0x0C, 0xF4,
  0xF3, 0xF4, 0xE6, 0x1A, 0xF2, 0xD0, 0x15, 0xE8, 0xEB, 0x22, 0xF0, 0x11,
  0xF6, 0xDE, 0xDA, 0xEF, 0xEE, 0x29, 0xFE, 0x0C, 0x00, 0xFA, 0x15, 0xFA,
  0xF1, 0x05, 0x18, 0x1E, 0xFB, 0x29, 0x16, 0xFA, 0x15, 0xFE, 0x18, 0x10,
  0x08, 0x1A, 0x26, 0x15, 0x0D, 0x28, 0x04, 0x03, 0x01, 0x1B, 0x31, 0x06,
  0x1A, 0x26, 0xFD, 0xFA, 0xEF, 0x27, 0x04, 0x12, 0x0D, 0x2A, 0x13, 0xFE,
  0x0D, 0x04, 0x0B, 0xEE, 0x01, 0x02, 0x07, 0x11, 0x1E, 0xE0, 0x10, 0x09,
  0x0C, 0x10, 0xBB, 0x15, 0x16, 0x30, 0xED, 0xFE, 0xE8, 0x1C, 0xF9, 0x0A,
  0x04, 0x30, 0xFC, 0x0A, 0xFF, 0xE2, 0x1E, 0x03, 0x09, 0xD9, 0x02, 0x1C,
  0xEA, 0xF0, 0x08, 0xF0, 0x16, 0x4A, 0xFC, 0x01, 0x01, 0x14, 0xFD, 0x0E,
  0xFF, 0xF5, 0x19, 0x07, 0xE0, 0xDC, 0x04, 0x31, 0xFE, 0xFB, 0xF0, 0xFA,
  0x23, 0xF3, 0xEE, 0xF2, 0x0B, 0xDD, 0xF2, 0xFA, 0xF8, 0xDF, 0xDD, 0xF4,
  0x0E, 0xE9, 0xF7, 0x0B, 0xF3, 0xB8, 0xE3, 0xFC, 0x06, 0xCE, 0xDB, 0x04,
  0x29, 0xBC, 0xFD, 0xE7, 0xFC, 0xFD, 0xFB, 0x14, 0x1C, 0xC5, 0x0F, 0xFC,
  0x20, 0x04, 0xF0, 0x09, 0xF2, 0x01, 0x0E, 0x0E, 0x0C, 0xDB, 0x21, 0x14,
  0xFD, 0xFB, 0xF1, 0xF3, 0xFF, 0xD2, 0x03, 0x00, 0x0E, 0x18, 0x0A, 0xCE,
  0x04, 0xE6, 0x15, 0xF5, 0xF7, 0x0B, 0x03, 0xEE, 0x02, 0x0C, 0x22, 0xEB,
  0xDD, 0x08, 0x0D, 0xEF, 0xFB, 0x3B, 0xFC, 0x09, 0x01, 0x14, 0x02, 0x01,
  0xF8, 0xED, 0x2B, 0x15, 0xF9, 0x2E, 0x0A, 0x14, 0x05, 0x24, 0x0E, 0x08,
  0xE6, 0x10, 0x01, 0xFF, 0x16, 0xFE, 0xD7, 0xEF, 0x0C, 0x17, 0x05, 0xF8,
  0xF8, 0xF5, 0xCF, 0x03, 0xF4, 0x1A, 0xF0, 0xFD, 0xFA, 0xD7, 0xBE, 0xFE,
  0xF3, 0x15, 0x0C, 0x03, 0x0E, 0xF3, 0x14, 0x0F, 0x09, 0x36, 0xED, 0x10,
  0x13, 0x03, 0x11, 0xF6, 0xF9, 0x20, 0x17, 0x1A, 0xF9, 0x30, 0xCF, 0xF9,
  0x16, 0x26, 0xF3, 0x0E, 0xFB, 0xA9, 0xF0, 0xF0, 0xF0, 0x04, 0x04, 0x09,
  0x04, 0xE6, 0xE1, 0x0D, 0x07, 0xC9, 0xEF, 0xF4, 0x08, 0xF1, 0xDE, 0x00,
  0x07, 0xB0, 0xE4, 0x0A, 0x05, 0x18, 0xD4, 0x02, 0xF5, 0xD9, 0xE8, 0xF7,
  0x02, 0xCD, 0xF8, 0xF3, 0x0A, 0x08, 0x14, 0x02, 0xEA, 0x04, 0xEA, 0x0E,
  0xED, 0xFD, 0xFB, 0xFC, 0x00, 0xE9, 0xFC, 0x10, 0xEA, 0xF8, 0xE4, 0x11,
  0x14, 0xE4, 0x01, 0xFA, 0x11, 0xF0, 0x01, 0x0D, 0x09, 0x29, 0xF7, 0xEB,
  0x0C, 0xFE, 0xFF, 0xF6, 0x0D, 0xFE, 0x0C, 0xF3, 0xE8, 0x0A, 0x10, 0x14,
  0x01, 0x01, 0x08, 0x08, 0xD5, 0xF0, 0x02, 0xF5, 0x05, 0x18, 0xF2, 0xF9,
  0x0C, 0x10, 0x23, 0x15, 0x0B, 0x2B, 0x1E, 0xF7, 0x11, 0xFB, 0x15, 0xF2,
  0x1B, 0xF9, 0x24, 0x11, 0x0B, 0x27, 0x0D, 0xE9, 0x0C, 0x1E, 0x11, 0x00,
  0x1E, 0x15, 0x00, 0x00, 0xED, 0xF4, 0x0D, 0xF7, 0x1E, 0x2A, 0x06, 0xFF,
  0xFA, 0x2D, 0xD4, 0x08, 0xE5, 0x16, 0x01, 0xF8, 0xFE, 0x3C, 0x15, 0x11,
  0x13, 0x06, 0x04, 0x14, 0x0A, 0x62, 0xF8, 0xF7, 0x17, 0x14, 0xFC, 0xF7,
  0x01, 0x51, 0xE1, 0x16, 0x0D, 0xEB, 0xFF, 0x03, 0xF0, 0xC9, 0x05, 0xFA,
  0xDD, 0x12, 0xCD, 0x08, 0xFD, 0x11, 0xEC, 0xF6, 0x03, 0xF0, 0xA7, 0x19,
  0xD4, 0x2B, 0xC9, 0x08, 0xEB, 0xE8, 0xC4, 0xF6, 0xDB, 0x03, 0xC4, 0x0B,
  0xFC, 0xF1, 0xE0, 0xFD, 0xF1, 0xFD, 0x0A, 0xEF, 0x00, 0x17, 0xFC, 0xFF,
  0xE2, 0xF4, 0x08, 0x13, 0xF6, 0x19, 0xBD, 0xEB, 0xD5, 0xDD, 0x02, 0xF8,
  0x24, 0xEA, 0xEE, 0x0D, 0xD7, 0xE7, 0x07, 0xFE, 0x18, 0xF1, 0x05, 0xFF,
  0xD4, 0x2E, 0xE9, 0x19, 0x13, 0xE4, 0xF0, 0x19, 0xFF, 0x0D, 0x11, 0x01,
  0xF7, 0x0F, 0xF8, 0xE5, 0xCD, 0x33, 0x1B, 0x04, 0x02, 0x14, 0xF3, 0xEE,
  0xF5, 0xF6, 0xE5, 0x00, 0x1C, 0xF4, 0x19, 0x17, 0x1A, 0xEC, 0x18, 0x02,
  0x18, 0xEF, 0x1D, 0xFF, 0x1F, 0x26, 0x30, 0xF6, 0x22, 0xEF, 0x00, 0xF8,
  0xEB, 0x20, 0xED, 0xF9, 0xE9, 0xF7, 0xBD, 0xFE, 0xC8, 0xE8, 0xD6, 0xFA,
  0xE3, 0xF5, 0xBB, 0x01, 0xE3, 0xF7, 0xC7, 0x16, 0xD1, 0x04, 0xCD, 0xED,
  0xDA, 0x2D, 0xFB, 0xE9, 0xDD, 0xED, 0xEC, 0x1A, 0xFA, 0x0F, 0x1F, 0x12,
  0x16, 0xE2, 0xE2, 0x04, 0xFD, 0x3E, 0xD6, 0x09, 0x17, 0x02, 0x25, 0x0E,
  0xEA, 0x27, 0x0C, 0xF8, 0x2D, 0xEA, 0x22, 0xED, 0xD4, 0x2E, 0x2A, 0x18,
  0x07, 0xF0, 0xEB, 0x01, 0x0D, 0x06, 0xF9, 0xFC, 0xEF, 0x0B, 0xBA, 0xF6,
  0x15, 0xAE, 0xDA, 0xF3, 0xF8, 0x11, 0xCC, 0xFB, 0xBB, 0xC8, 0xE3, 0x09,
  0xFC, 0xF6, 0xED, 0xFF, 0xC7, 0xF3, 0x04, 0xF9, 0xDF, 0xFD, 0x06, 0x21,
  0xD1, 0xC8, 0xC5, 0x00, 0x13, 0x06, 0xE6, 0x0E, 0xDA, 0xEA, 0x10, 0x13,
  0xE0, 0xF7, 0x30, 0xFC, 0x06, 0xF7, 0xEC, 0x00, 0xC1, 0x04, 0x37, 0x0C,
  0x22, 0x39, 0xE9, 0xFB, 0x05, 0xE9, 0x32, 0x06, 0x30, 0x01, 0xE7, 0xFC,
  0xE1, 0xF6, 0x37, 0xFE, 0x05, 0xF8, 0xFA, 0x10, 0xE8, 0xF6, 0x55, 0x12,
  0x19, 0xFF, 0x06, 0xFA, 0x28, 0xFA, 0x64, 0xF2, 0x37, 0x13, 0x20, 0x04,
  0x26, 0x05, 0x21, 0xFE, 0x31, 0x04, 0x0B, 0x11, 0xE5, 0x11, 0x35, 0xFF,
  0xDD, 0xFF, 0xE6, 0x01, 0xF0, 0xF7, 0x28, 0x0F, 0xDD, 0xDF, 0xCD, 0x0F,
  0xDA, 0xFA, 0xF7, 0x05, 0xDB, 0xF9, 0x15, 0xFF, 0xE0, 0xF2, 0x59, 0xF3,
  0xF7, 0xE5, 0x06, 0x0C, 0x1A, 0x09, 0xE7, 0x08, 0xE5, 0xF5, 0xFA, 0x0D,
  0x03, 0x00, 0x8D, 0x08, 0xFF, 0x0B, 0x1B, 0xEA, 0xFD, 0x0E, 0xB0, 0x0B,
  0xEF, 0x22, 0x34, 0xF9, 0xEF, 0x09, 0x93, 0x05, 0xF6, 0x04, 0xDE, 0xEE,
  0xCF, 0xFB, 0x9D, 0x13, 0xD6, 0x0A, 0xBD, 0x0D, 0xC0, 0x08, 0x9F, 0x01,
  0xDF, 0xF2, 0xF3, 0x0A, 0xD1, 0x0D, 0xFE, 0xEF, 0xDA, 0x14, 0xC0, 0xEA,
  0xDE, 0x0B, 0x04, 0x08, 0xEF, 0xE3, 0xB4, 0xEE, 0x82, 0xFE, 0xFF, 0xFF,
  0x04, 0x00, 0x00, 0x00, 0x0C, 0x00, 0x00, 0x00, 0x03, 0x02, 0x00, 0x00,
  0x36, 0x01, 0x00, 0x00, 0x86, 0xFD, 0xFF, 0xFF, 0x9A, 0xFE, 0xFF, 0xFF,
  0x04, 0x00, 0x00, 0x00, 0x04, 0x00, 0x00, 0x00, 0xA0, 0x0F, 0x00, 0x00,
  0xAA, 0xFE, 0xFF, 0xFF, 0x04, 0x00, 0x00, 0x00, 0x04, 0x00, 0x00, 0x00,
  0x01, 0x00, 0x00, 0x00, 0xBA, 0xFE, 0xFF, 0xFF, 0x04, 0x00, 0x00, 0x00,
  0x04, 0x00, 0x00, 0x00, 0x00, 0x00, 0x00, 0x00, 0x58, 0xF6, 0xFF, 0xFF,
  0x5C, 0xF6, 0xFF, 0xFF, 0x0F, 0x00, 0x00, 0x00, 0x4D, 0x4C, 0x49, 0x52,
  0x20, 0x43, 0x6F, 0x6E, 0x76, 0x65, 0x72, 0x74, 0x65, 0x64, 0x2E, 0x00,
  0x01, 0x00, 0x00, 0x00, 0x14, 0x00, 0x00, 0x00, 0x00, 0x00, 0x0E, 0x00,
  0x18, 0x00, 0x14, 0x00, 0x10, 0x00, 0x0C, 0x00, 0x08, 0x00, 0x04, 0x00,
  0x0E, 0x00, 0x00, 0x00, 0x14, 0x00, 0x00, 0x00, 0x1C, 0x00, 0x00, 0x00,
  0x04, 0x02, 0x00, 0x00, 0x08, 0x02, 0x00, 0x00, 0x0C, 0x02, 0x00, 0x00,
  0x04, 0x00, 0x00, 0x00, 0x6D, 0x61, 0x69, 0x6E, 0x00, 0x00, 0x00, 0x00,
  0x07, 0x00, 0x00, 0x00, 0xA0, 0x01, 0x00, 0x00, 0x54, 0x01, 0x00, 0x00,
  0xF4, 0x00, 0x00, 0x00, 0xB4, 0x00, 0x00, 0x00, 0x8C, 0x00, 0x00, 0x00,
  0x48, 0x00, 0x00, 0x00, 0x04, 0x00, 0x00, 0x00, 0xCE, 0xFF, 0xFF, 0xFF,
  0x14, 0x00, 0x00, 0x00, 0x00, 0x00, 0x00, 0x09, 0x14, 0x00, 0x00, 0x00,
  0x18, 0x00, 0x00, 0x00, 0x06, 0x00, 0x00, 0x00, 0x5A, 0xFF, 0xFF, 0xFF,
  0x00, 0x00, 0x80, 0x3F, 0x01, 0x00, 0x00, 0x00, 0x0E, 0x00, 0x00, 0x00,
  0x01, 0x00, 0x00, 0x00, 0x0D, 0x00, 0x00, 0x00, 0x00, 0x00, 0x0E, 0x00,
  0x18, 0x00, 0x14, 0x00, 0x10, 0x00, 0x0C, 0x00, 0x0B, 0x00, 0x04, 0x00,
  0x0E, 0x00, 0x00, 0x00, 0x14, 0x00, 0x00, 0x00, 0x00, 0x00, 0x00, 0x08,
  0x10, 0x00, 0x00, 0x00, 0x14, 0x00, 0x00, 0x00, 0x05, 0x00, 0x00, 0x00,
  0x28, 0xF7, 0xFF, 0xFF, 0x01, 0x00, 0x00, 0x00, 0x0D, 0x00, 0x00, 0x00,
  0x03, 0x00, 0x00, 0x00, 0x0C, 0x00, 0x00, 0x00, 0x05, 0x00, 0x00, 0x00,
  0x04, 0x00, 0x00, 0x00, 0x00, 0x00, 0x0A, 0x00, 0x10, 0x00, 0x0C, 0x00,
  0x08, 0x00, 0x04, 0x00, 0x0A, 0x00, 0x00, 0x00, 0x0C, 0x00, 0x00, 0x00,
  0x10, 0x00, 0x00, 0x00, 0x04, 0x00, 0x00, 0x00, 0x01, 0x00, 0x00, 0x00,
  0x0C, 0x00, 0x00, 0x00, 0x02, 0x00, 0x00, 0x00, 0x08, 0x00, 0x00, 0x00,
  0x0B, 0x00, 0x00, 0x00, 0x76, 0xFF, 0xFF, 0xFF, 0x1C, 0x00, 0x00, 0x00,
  0x00, 0x00, 0x00, 0x3B, 0x1C, 0x00, 0x00, 0x00, 0x20, 0x00, 0x00, 0x00,
  0x03, 0x00, 0x00, 0x00, 0x00, 0x00, 0x06, 0x00, 0x08, 0x00, 0x04, 0x00,
  0x06, 0x00, 0x00, 0x00, 0x02, 0x00, 0x00, 0x00, 0x01, 0x00, 0x00, 0x00,
  0x0B, 0x00, 0x00, 0x00, 0x02, 0x00, 0x00, 0x00, 0x0A, 0x00, 0x00, 0x00,
  0x03, 0x00, 0x00, 0x00, 0xB2, 0xFF, 0xFF, 0xFF, 0x24, 0x00, 0x00, 0x00,
  0x00, 0x00, 0x00, 0x20, 0x24, 0x00, 0x00, 0x00, 0x28, 0x00, 0x00, 0x00,
  0x02, 0x00, 0x00, 0x00, 0x00, 0x00, 0x0E, 0x00, 0x08, 0x00, 0x00, 0x00,
  0x00, 0x00, 0x00, 0x00, 0x00, 0x00, 0x04, 0x00, 0x0E, 0x00, 0x00, 0x00,
  0x01, 0x00, 0x00, 0x00, 0x01, 0x00, 0x00, 0x00, 0x0A, 0x00, 0x00, 0x00,
  0x04, 0x00, 0x00, 0x00, 0x09, 0x00, 0x00, 0x00, 0x01, 0x00, 0x00, 0x00,
  0x02, 0x00, 0x00, 0x00, 0x02, 0x00, 0x00, 0x00, 0x00, 0x00, 0x0E, 0x00,
  0x1A, 0x00, 0x14, 0x00, 0x10, 0x00, 0x0C, 0x00, 0x0B, 0x00, 0x04, 0x00,
  0x0E, 0x00, 0x00, 0x00, 0x1C, 0x00, 0x00, 0x00, 0x00, 0x00, 0x00, 0x37,
  0x1C, 0x00, 0x00, 0x00, 0x20, 0x00, 0x00, 0x00, 0x01, 0x00, 0x00, 0x00,
  0x00, 0x00, 0x06, 0x00, 0x08, 0x00, 0x07, 0x00, 0x06, 0x00, 0x00, 0x00,
  0x00, 0x00, 0x00, 0x02, 0x01, 0x00, 0x00, 0x00, 0x09, 0x00, 0x00, 0x00,
  0x01, 0x00, 0x00, 0x00, 0x08, 0x00, 0x00, 0x00, 0x00, 0x00, 0x0E, 0x00,
  0x14, 0x00, 0x00, 0x00, 0x10, 0x00, 0x0C, 0x00, 0x0B, 0x00, 0x04, 0x00,
  0x0E, 0x00, 0x00, 0x00, 0x1C, 0x00, 0x00, 0x00, 0x00, 0x00, 0x00, 0x01,
  0x24, 0x00, 0x00, 0x00, 0x28, 0x00, 0x00, 0x00, 0x0C, 0x00, 0x10, 0x00,
  0x00, 0x00, 0x0C, 0x00, 0x08, 0x00, 0x07, 0x00, 0x0C, 0x00, 0x00, 0x00,
  0x00, 0x00, 0x00, 0x01, 0x02, 0x00, 0x00, 0x00, 0x02, 0x00, 0x00, 0x00,
  0x01, 0x00, 0x00, 0x00, 0x08, 0x00, 0x00, 0x00, 0x03, 0x00, 0x00, 0x00,
  0x00, 0x00, 0x00, 0x00, 0x07, 0x00, 0x00, 0x00, 0x06, 0x00, 0x00, 0x00,
  0x01, 0x00, 0x00, 0x00, 0x0E, 0x00, 0x00, 0x00, 0x01, 0x00, 0x00, 0x00,
  0x00, 0x00, 0x00, 0x00, 0x0F, 0x00, 0x00, 0x00, 0xA8, 0x07, 0x00, 0x00,
  0x30, 0x07, 0x00, 0x00, 0xD8, 0x06, 0x00, 0x00, 0x84, 0x06, 0x00, 0x00,
  0xFC, 0x05, 0x00, 0x00, 0x78, 0x05, 0x00, 0x00, 0x5C, 0x04, 0x00, 0x00,
  0x88, 0x03, 0x00, 0x00, 0x9C, 0x02, 0x00, 0x00, 0x4C, 0x02, 0x00, 0x00,
  0xF8, 0x01, 0x00, 0x00, 0xA0, 0x01, 0x00, 0x00, 0x1C, 0x01, 0x00, 0x00,
  0x80, 0x00, 0x00, 0x00, 0x04, 0x00, 0x00, 0x00, 0xAA, 0xF8, 0xFF, 0xFF,
  0x00, 0x00, 0x00, 0x01, 0x18, 0x00, 0x00, 0x00, 0x20, 0x00, 0x00, 0x00,
  0x3C, 0x00, 0x00, 0x00, 0x0F, 0x00, 0x00, 0x00, 0x00, 0x00, 0x00, 0x09,
  0x50, 0x00, 0x00, 0x00, 0x02, 0x00, 0x00, 0x00, 0xFF, 0xFF, 0xFF, 0xFF,
  0x03, 0x00, 0x00, 0x00, 0x8C, 0xF8, 0xFF, 0xFF, 0x08, 0x00, 0x00, 0x00,
  0x10, 0x00, 0x00, 0x00, 0x01, 0x00, 0x00, 0x00, 0x80, 0xFF, 0xFF, 0xFF,
  0xFF, 0xFF, 0xFF, 0xFF, 0x01, 0x00, 0x00, 0x00, 0x00, 0x00, 0x80, 0x3B,
  0x1B, 0x00, 0x00, 0x00, 0x53, 0x74, 0x61, 0x74, 0x65, 0x66, 0x75, 0x6C,
  0x50, 0x61, 0x72, 0x74, 0x69, 0x74, 0x69, 0x6F, 0x6E, 0x65, 0x64, 0x43,
  0x61, 0x6C, 0x6C, 0x5F, 0x31, 0x3A, 0x30, 0x00, 0x02, 0x00, 0x00, 0x00,
  0x01, 0x00, 0x00, 0x00, 0x03, 0x00, 0x00, 0x00, 0x22, 0xF9, 0xFF, 0xFF,
  0x00, 0x00, 0x00, 0x01, 0x18, 0x00, 0x00, 0x00, 0x20, 0x00, 0x00, 0x00,
  0x3C, 0x00, 0x00, 0x00, 0x0E, 0x00, 0x00, 0x00, 0x00, 0x00, 0x00, 0x09,
  0x70, 0x00, 0x00, 0x00, 0x02, 0x00, 0x00, 0x00, 0xFF, 0xFF, 0xFF, 0xFF,
  0x03, 0x00, 0x00, 0x00, 0x04, 0xF9, 0xFF, 0xFF, 0x08, 0x00, 0x00, 0x00,
  0x10, 0x00, 0x00, 0x00, 0x01, 0x00, 0x00, 0x00, 0x3F, 0x00, 0x00, 0x00,
  0x00, 0x00, 0x00, 0x00, 0x01, 0x00, 0x00, 0x00, 0xE5, 0xA1, 0xD0, 0x3E,
  0x38, 0x00, 0x00, 0x00, 0x73, 0x65, 0x71, 0x75, 0x65, 0x6E, 0x74, 0x69,
  0x61, 0x6C, 0x5F, 0x31, 0x2F, 0x64, 0x65, 0x6E, 0x73, 0x65, 0x5F, 0x31,
  0x2F, 0x4D, 0x61, 0x74, 0x4D, 0x75, 0x6C, 0x3B, 0x73, 0x65, 0x71, 0x75,
  0x65, 0x6E, 0x74, 0x69, 0x61, 0x6C, 0x5F, 0x31, 0x2F, 0x64, 0x65, 0x6E,
  0x73, 0x65, 0x5F, 0x31, 0x2F, 0x42, 0x69, 0x61, 0x73, 0x41, 0x64, 0x64,
  0x00, 0x00, 0x00, 0x00, 0x02, 0x00, 0x00, 0x00, 0x01, 0x00, 0x00, 0x00,
  0x03, 0x00, 0x00, 0x00, 0xBA, 0xF9, 0xFF, 0xFF, 0x00, 0x00, 0x00, 0x01,
  0x18, 0x00, 0x00, 0x00, 0x20, 0x00, 0x00, 0x00, 0x40, 0x00, 0x00, 0x00,
  0x0D, 0x00, 0x00, 0x00, 0x00, 0x00, 0x00, 0x09, 0x58, 0x00, 0x00, 0x00,
  0x02, 0x00, 0x00, 0x00, 0xFF, 0xFF, 0xFF, 0xFF, 0xA0, 0x0F, 0x00, 0x00,
  0x9C, 0xF9, 0xFF, 0xFF, 0x08, 0x00, 0x00, 0x00, 0x14, 0x00, 0x00, 0x00,
  0x01, 0x00, 0x00, 0x00, 0x80, 0xFF, 0xFF, 0xFF, 0xFF, 0xFF, 0xFF, 0xFF,
  0x00, 0x00, 0x00, 0x00, 0x01, 0x00, 0x00, 0x00, 0x2A, 0xB0, 0x70, 0x3D,
  0x1E, 0x00, 0x00, 0x00, 0x73, 0x65, 0x71, 0x75, 0x65, 0x6E, 0x74, 0x69,
  0x61, 0x6C, 0x5F, 0x31, 0x2F, 0x66, 0x6C, 0x61, 0x74, 0x74, 0x65, 0x6E,
  0x5F, 0x31, 0x2F, 0x52, 0x65, 0x73, 0x68, 0x61, 0x70, 0x65, 0x00, 0x00,
  0x02, 0x00, 0x00, 0x00, 0x01, 0x00, 0x00, 0x00, 0xA0, 0x0F, 0x00, 0x00,
  0xAE, 0xFA, 0xFF, 0xFF, 0x00, 0x00, 0x00, 0x01, 0x14, 0x00, 0x00, 0x00,
  0x14, 0x00, 0x00, 0x00, 0x0C, 0x00, 0x00, 0x00, 0x00, 0x00, 0x00, 0x02,
  0x34, 0x00, 0x00, 0x00, 0x98, 0xFA, 0xFF, 0xFF, 0x24, 0x00, 0x00, 0x00,
  0x73, 0x65, 0x71, 0x75, 0x65, 0x6E, 0x74, 0x69, 0x61, 0x6C, 0x5F, 0x31,
  0x2F, 0x66, 0x6C, 0x61, 0x74, 0x74, 0x65, 0x6E, 0x5F, 0x31, 0x2F, 0x52,
  0x65, 0x73, 0x68, 0x61, 0x70, 0x65, 0x2F, 0x73, 0x68, 0x61, 0x70, 0x65,
  0x00, 0x00, 0x00, 0x00, 0x01, 0x00, 0x00, 0x00, 0x02, 0x00, 0x00, 0x00,
  0x02, 0xFB, 0xFF, 0xFF, 0x00, 0x00, 0x00, 0x01, 0x14, 0x00, 0x00, 0x00,
  0x14, 0x00, 0x00, 0x00, 0x0B, 0x00, 0x00, 0x00, 0x00, 0x00, 0x00, 0x02,
  0x34, 0x00, 0x00, 0x00, 0xEC, 0xFA, 0xFF, 0xFF, 0x24, 0x00, 0x00, 0x00,
  0x73, 0x65, 0x71, 0x75, 0x65, 0x6E, 0x74, 0x69, 0x61, 0x6C, 0x5F, 0x31,
  0x2F, 0x66, 0x6C, 0x61, 0x74, 0x74, 0x65, 0x6E, 0x5F, 0x31, 0x2F, 0x73,
  0x74, 0x72, 0x69, 0x64, 0x65, 0x64, 0x5F, 0x73, 0x6C, 0x69, 0x63, 0x65,
  0x00, 0x00, 0x00, 0x00, 0x00, 0x00, 0x00, 0x00, 0x52, 0xFB, 0xFF, 0xFF,
  0x00, 0x00, 0x00, 0x01, 0x14, 0x00, 0x00, 0x00, 0x14, 0x00, 0x00, 0x00,
  0x0A, 0x00, 0x00, 0x00, 0x00, 0x00, 0x00, 0x02, 0x2C, 0x00, 0x00, 0x00,
  0x3C, 0xFB, 0xFF, 0xFF, 0x1C, 0x00, 0x00, 0x00, 0x73, 0x65, 0x71, 0x75,
  0x65, 0x6E, 0x74, 0x69, 0x61, 0x6C, 0x5F, 0x31, 0x2F, 0x66, 0x6C, 0x61,
  0x74, 0x74, 0x65, 0x6E, 0x5F, 0x31, 0x2F, 0x53, 0x68, 0x61, 0x70, 0x65,
  0x00, 0x00, 0x00, 0x00, 0x01, 0x00, 0x00, 0x00, 0x04, 0x00, 0x00, 0x00,
  0x2A, 0xFB, 0xFF, 0xFF, 0x00, 0x00, 0x00, 0x01, 0x18, 0x00, 0x00, 0x00,
  0x28, 0x00, 0x00, 0x00, 0x44, 0x00, 0x00, 0x00, 0x09, 0x00, 0x00, 0x00,
  0x00, 0x00, 0x00, 0x09, 0xB8, 0x00, 0x00, 0x00, 0x04, 0x00, 0x00, 0x00,
  0xFF, 0xFF, 0xFF, 0xFF, 0x19, 0x00, 0x00, 0x00, 0x14, 0x00, 0x00, 0x00,
  0x08, 0x00, 0x00, 0x00, 0x14, 0xFB, 0xFF, 0xFF, 0x08, 0x00, 0x00, 0x00,
  0x10, 0x00, 0x00, 0x00, 0x01, 0x00, 0x00, 0x00, 0x80, 0xFF, 0xFF, 0xFF,
  0xFF, 0xFF, 0xFF, 0xFF, 0x01, 0x00, 0x00, 0x00, 0x2A, 0xB0, 0x70, 0x3D,
  0x79, 0x00, 0x00, 0x00, 0x73, 0x65, 0x71, 0x75, 0x65, 0x6E, 0x74, 0x69,
  0x61, 0x6C, 0x5F, 0x31, 0x2F, 0x63, 0x6F, 0x6E, 0x76, 0x32, 0x64, 0x5F,
  0x31, 0x2F, 0x52, 0x65, 0x6C, 0x75, 0x3B, 0x73, 0x65, 0x71, 0x75, 0x65,
  0x6E, 0x74, 0x69, 0x61, 0x6C, 0x5F, 0x31, 0x2F, 0x63, 0x6F, 0x6E, 0x76,
  0x32, 0x64, 0x5F, 0x31, 0x2F, 0x42, 0x69, 0x61, 0x73, 0x41, 0x64, 0x64,
  0x3B, 0x73, 0x65, 0x71, 0x75, 0x65, 0x6E, 0x74, 0x69, 0x61, 0x6C, 0x5F,
  0x31, 0x2F, 0x63, 0x6F, 0x6E, 0x76, 0x32, 0x64, 0x5F, 0x31, 0x2F, 0x63,
  0x6F, 0x6E, 0x76, 0x6F, 0x6C, 0x75, 0x74, 0x69, 0x6F, 0x6E, 0x3B, 0x73,
  0x65, 0x71, 0x75, 0x65, 0x6E, 0x74, 0x69, 0x61, 0x6C, 0x5F, 0x31, 0x2F,
  0x63, 0x6F, 0x6E, 0x76, 0x32, 0x64, 0x5F, 0x31, 0x2F, 0x53, 0x71, 0x75,
  0x65, 0x65, 0x7A, 0x65, 0x31, 0x00, 0x00, 0x00, 0x04, 0x00, 0x00, 0x00,
  0x01, 0x00, 0x00, 0x00, 0x19, 0x00, 0x00, 0x00, 0x14, 0x00, 0x00, 0x00,
  0x08, 0x00, 0x00, 0x00, 0x86, 0xFC, 0xFF, 0xFF, 0x00, 0x00, 0x00, 0x01,
  0x14, 0x00, 0x00, 0x00, 0x88, 0x00, 0x00, 0x00, 0x08, 0x00, 0x00, 0x00,
  0x00, 0x00, 0x00, 0x09, 0xA4, 0x00, 0x00, 0x00, 0xE4, 0xFB, 0xFF, 0xFF,
  0x08, 0x00, 0x00, 0x00, 0x4C, 0x00, 0x00, 0x00, 0x08, 0x00, 0x00, 0x00,
  0x00, 0x00, 0x00, 0x00, 0x00, 0x00, 0x00, 0x00, 0x00, 0x00, 0x00, 0x00,
  0x00, 0x00, 0x00, 0x00, 0x00, 0x00, 0x00, 0x00, 0x00, 0x00, 0x00, 0x00,
  0x00, 0x00, 0x00, 0x00, 0x00, 0x00, 0x00, 0x00, 0x00, 0x00, 0x00, 0x00,
  0x00, 0x00, 0x00, 0x00, 0x00, 0x00, 0x00, 0x00, 0x00, 0x00, 0x00, 0x00,
  0x00, 0x00, 0x00, 0x00, 0x00, 0x00, 0x00, 0x00, 0x00, 0x00, 0x00, 0x00,
  0x00, 0x00, 0x00, 0x00, 0x00, 0x00, 0x00, 0x00, 0x08, 0x00, 0x00, 0x00,
  0x1F, 0x2E, 0xB3, 0x3A, 0x33, 0xB4, 0x84, 0x3A, 0x7C, 0x7D, 0xBC, 0x3A,
  0xCD, 0x9C, 0xCA, 0x3A, 0xE9, 0xFF, 0xAC, 0x3A, 0xF4, 0x11, 0xED, 0x3A,
  0x00, 0x0C, 0xE9, 0x3A, 0x27, 0x45, 0x74, 0x3A, 0x21, 0x00, 0x00, 0x00,
  0x73, 0x65, 0x71, 0x75, 0x65, 0x6E, 0x74, 0x69, 0x61, 0x6C, 0x5F, 0x31,
  0x2F, 0x63, 0x6F, 0x6E, 0x76, 0x32, 0x64, 0x5F, 0x31, 0x2F, 0x63, 0x6F,
  0x6E, 0x76, 0x6F, 0x6C, 0x75, 0x74, 0x69, 0x6F, 0x6E, 0x00, 0x00, 0x00,
  0x04, 0x00, 0x00, 0x00, 0x08, 0x00, 0x00, 0x00, 0x0A, 0x00, 0x00, 0x00,
  0x08, 0x00, 0x00, 0x00, 0x01, 0x00, 0x00, 0x00, 0x56, 0xFD, 0xFF, 0xFF,
  0x00, 0x00, 0x00, 0x01, 0x14, 0x00, 0x00, 0x00, 0x84, 0x00, 0x00, 0x00,
  0x07, 0x00, 0x00, 0x00, 0x00, 0x00, 0x00, 0x02, 0xF8, 0x00, 0x00, 0x00,
  0xB4, 0xFC, 0xFF, 0xFF, 0x08, 0x00, 0x00, 0x00, 0x48, 0x00, 0x00, 0x00,
  0x08, 0x00, 0x00, 0x00, 0x00, 0x00, 0x00, 0x00, 0x00, 0x00, 0x00, 0x00,
  0x00, 0x00, 0x00, 0x00, 0x00, 0x00, 0x00, 0x00, 0x00, 0x00, 0x00, 0x00,
  0x00, 0x00, 0x00, 0x00, 0x00, 0x00, 0x00, 0x00, 0x00, 0x00, 0x00, 0x00,
  0x00, 0x00, 0x00, 0x00, 0x00, 0x00, 0x00, 0x00, 0x00, 0x00, 0x00, 0x00,
  0x00, 0x00, 0x00, 0x00, 0x00, 0x00, 0x00, 0x00, 0x00, 0x00, 0x00, 0x00,
  0x00, 0x00, 0x00, 0x00, 0x00, 0x00, 0x00, 0x00, 0x08, 0x00, 0x00, 0x00,
  0xEB, 0xBF, 0xD4, 0x38, 0xEA, 0x90, 0x9D, 0x38, 0xCE, 0xCD, 0xDF, 0x38,
  0x74, 0x92, 0xF0, 0x38, 0x47, 0x69, 0xCD, 0x38, 0x21, 0xBE, 0x0C, 0x39,
  0xAB, 0x5A, 0x0A, 0x39, 0x64, 0x04, 0x91, 0x38, 0x78, 0x00, 0x00, 0x00,
  0x73, 0x65, 0x71, 0x75, 0x65, 0x6E, 0x74, 0x69, 0x61, 0x6C, 0x5F, 0x31,
  0x2F, 0x63, 0x6F, 0x6E, 0x76, 0x32, 0x64, 0x5F, 0x31, 0x2F, 0x52, 0x65,
  0x6C, 0x75, 0x3B, 0x73, 0x65, 0x71, 0x75, 0x65, 0x6E, 0x74, 0x69, 0x61,
  0x6C, 0x5F, 0x31, 0x2F, 0x63, 0x6F, 0x6E, 0x76, 0x32, 0x64, 0x5F, 0x31,
  0x2F, 0x42, 0x69, 0x61, 0x73, 0x41, 0x64, 0x64, 0x3B, 0x73, 0x65, 0x71,
  0x75, 0x65, 0x6E, 0x74, 0x69, 0x61, 0x6C, 0x5F, 0x31, 0x2F, 0x63, 0x6F,
  0x6E, 0x76, 0x32, 0x64, 0x5F, 0x31, 0x2F, 0x63, 0x6F, 0x6E, 0x76, 0x6F,
  0x6C, 0x75, 0x74, 0x69, 0x6F, 0x6E, 0x3B, 0x73, 0x65, 0x71, 0x75, 0x65,
  0x6E, 0x74, 0x69, 0x61, 0x6C, 0x5F, 0x31, 0x2F, 0x63, 0x6F, 0x6E, 0x76,
  0x32, 0x64, 0x5F, 0x31, 0x2F, 0x53, 0x71, 0x75, 0x65, 0x65, 0x7A, 0x65,
  0x00, 0x00, 0x00, 0x00, 0x01, 0x00, 0x00, 0x00, 0x08, 0x00, 0x00, 0x00,
  0x6E, 0xFE, 0xFF, 0xFF, 0x00, 0x00, 0x00, 0x01, 0x14, 0x00, 0x00, 0x00,
  0x48, 0x00, 0x00, 0x00, 0x06, 0x00, 0x00, 0x00, 0x00, 0x00, 0x00, 0x09,
  0x5C, 0x00, 0x00, 0x00, 0xCC, 0xFD, 0xFF, 0xFF, 0x08, 0x00, 0x00, 0x00,
  0x20, 0x00, 0x00, 0x00, 0x03, 0x00, 0x00, 0x00, 0x00, 0x00, 0x00, 0x00,
  0x00, 0x00, 0x00, 0x00, 0x00, 0x00, 0x00, 0x00, 0x00, 0x00, 0x00, 0x00,
  0x00, 0x00, 0x00, 0x00, 0x00, 0x00, 0x00, 0x00, 0x03, 0x00, 0x00, 0x00,
  0x0B, 0xB1, 0x17, 0x3B, 0xCE, 0x59, 0x04, 0x3B, 0xD7, 0xE8, 0xF4, 0x3A,
  0x1B, 0x00, 0x00, 0x00, 0x73, 0x65, 0x71, 0x75, 0x65, 0x6E, 0x74, 0x69,
  0x61, 0x6C, 0x5F, 0x31, 0x2F, 0x64, 0x65, 0x6E, 0x73, 0x65, 0x5F, 0x31,
  0x2F, 0x4D, 0x61, 0x74, 0x4D, 0x75, 0x6C, 0x00, 0x02, 0x00, 0x00, 0x00,
  0x03, 0x00, 0x00, 0x00, 0xA0, 0x0F, 0x00, 0x00, 0xEE, 0xFE, 0xFF, 0xFF,
  0x00, 0x00, 0x00, 0x01, 0x14, 0x00, 0x00, 0x00, 0x4C, 0x00, 0x00, 0x00,
  0x05, 0x00, 0x00, 0x00, 0x00, 0x00, 0x00, 0x02, 0x64, 0x00, 0x00, 0x00,
  0x4C, 0xFE, 0xFF, 0xFF, 0x08, 0x00, 0x00, 0x00, 0x24, 0x00, 0x00, 0x00,
  0x03, 0x00, 0x00, 0x00, 0x00, 0x00, 0x00, 0x00, 0x00, 0x00, 0x00, 0x00,
  0x00, 0x00, 0x00, 0x00, 0x00, 0x00, 0x00, 0x00, 0x00, 0x00, 0x00, 0x00,
  0x00, 0x00, 0x00, 0x00, 0x00, 0x00, 0x00, 0x00, 0x03, 0x00, 0x00, 0x00,
  0x5D, 0x9E, 0x0E, 0x39, 0x89, 0xDE, 0xF8, 0x38, 0xD2, 0x42, 0xE6, 0x38,
  0x1C, 0x00, 0x00, 0x00, 0x73, 0x65, 0x71, 0x75, 0x65, 0x6E, 0x74, 0x69,
  0x61, 0x6C, 0x5F, 0x31, 0x2F, 0x64, 0x65, 0x6E, 0x73, 0x65, 0x5F, 0x31,
  0x2F, 0x42, 0x69, 0x61, 0x73, 0x41, 0x64, 0x64, 0x00, 0x00, 0x00, 0x00,
  0x01, 0x00, 0x00, 0x00, 0x03, 0x00, 0x00, 0x00, 0x72, 0xFF, 0xFF, 0xFF,
  0x00, 0x00, 0x00, 0x01, 0x14, 0x00, 0x00, 0x00, 0x14, 0x00, 0x00, 0x00,
  0x04, 0x00, 0x00, 0x00, 0x00, 0x00, 0x00, 0x02, 0x34, 0x00, 0x00, 0x00,
  0x5C, 0xFF, 0xFF, 0xFF, 0x26, 0x00, 0x00, 0x00, 0x73, 0x65, 0x71, 0x75,
  0x65, 0x6E, 0x74, 0x69, 0x61, 0x6C, 0x5F, 0x31, 0x2F, 0x66, 0x6C, 0x61,
  0x74, 0x74, 0x65, 0x6E, 0x5F, 0x31, 0x2F, 0x52, 0x65, 0x73, 0x68, 0x61,
  0x70, 0x65, 0x2F, 0x73, 0x68, 0x61, 0x70, 0x65, 0x2F, 0x31, 0x00, 0x00,
  0x00, 0x00, 0x00, 0x00, 0xC2, 0xFF, 0xFF, 0xFF, 0x00, 0x00, 0x00, 0x01,
  0x14, 0x00, 0x00, 0x00, 0x14, 0x00, 0x00, 0x00, 0x03, 0x00, 0x00, 0x00,
  0x00, 0x00, 0x00, 0x02, 0x1C, 0x00, 0x00, 0x00, 0xAC, 0xFF, 0xFF, 0xFF,
  0x0E, 0x00, 0x00, 0x00, 0x61, 0x72, 0x69, 0x74, 0x68, 0x2E, 0x63, 0x6F,
  0x6E, 0x73, 0x74, 0x61, 0x6E, 0x74, 0x00, 0x00, 0x01, 0x00, 0x00, 0x00,
  0x01, 0x00, 0x00, 0x00, 0x00, 0x00, 0x16, 0x00, 0x1C, 0x00, 0x18, 0x00,
  0x17, 0x00, 0x10, 0x00, 0x0C, 0x00, 0x08, 0x00, 0x00, 0x00, 0x00, 0x00,
  0x00, 0x00, 0x07, 0x00, 0x16, 0x00, 0x00, 0x00, 0x00, 0x00, 0x00, 0x01,
  0x18, 0x00, 0x00, 0x00, 0x18, 0x00, 0x00, 0x00, 0x02, 0x00, 0x00, 0x00,
  0x00, 0x00, 0x00, 0x02, 0x3C, 0x00, 0x00, 0x00, 0x04, 0x00, 0x04, 0x00,
  0x04, 0x00, 0x00, 0x00, 0x2A, 0x00, 0x00, 0x00, 0x73, 0x65, 0x71, 0x75,
  0x65, 0x6E, 0x74, 0x69, 0x61, 0x6C, 0x5F, 0x31, 0x2F, 0x66, 0x6C, 0x61,
  0x74, 0x74, 0x65, 0x6E, 0x5F, 0x31, 0x2F, 0x73, 0x74, 0x72, 0x69, 0x64,
  0x65, 0x64, 0x5F, 0x73, 0x6C, 0x69, 0x63, 0x65, 0x2F, 0x73, 0x74, 0x61,
  0x63, 0x6B, 0x00, 0x00, 0x01, 0x00, 0x00, 0x00, 0x01, 0x00, 0x00, 0x00,
  0x00, 0x00, 0x16, 0x00, 0x20, 0x00, 0x1C, 0x00, 0x1B, 0x00, 0x14, 0x00,
  0x10, 0x00, 0x0C, 0x00, 0x00, 0x00, 0x00, 0x00, 0x08, 0x00, 0x07, 0x00,
  0x16, 0x00, 0x00, 0x00, 0x00, 0x00, 0x00, 0x01, 0x18, 0x00, 0x00, 0x00,
  0x34, 0x00, 0x00, 0x00, 0x50, 0x00, 0x00, 0x00, 0x01, 0x00, 0x00, 0x00,
  0x00, 0x00, 0x00, 0x09, 0x68, 0x00, 0x00, 0x00, 0x04, 0x00, 0x00, 0x00,
  0xFF, 0xFF, 0xFF, 0xFF, 0x31, 0x00, 0x00, 0x00, 0x28, 0x00, 0x00, 0x00,
  0x01, 0x00, 0x00, 0x00, 0x0C, 0x00, 0x0C, 0x00, 0x00, 0x00, 0x00, 0x00,
  0x08, 0x00, 0x04, 0x00, 0x0C, 0x00, 0x00, 0x00, 0x08, 0x00, 0x00, 0x00,
  0x10, 0x00, 0x00, 0x00, 0x01, 0x00, 0x00, 0x00, 0x3A, 0x00, 0x00, 0x00,
  0x00, 0x00, 0x00, 0x00, 0x01, 0x00, 0x00, 0x00, 0x1B, 0xFB, 0x97, 0x3D,
  0x1E, 0x00, 0x00, 0x00, 0x73, 0x65, 0x72, 0x76, 0x69, 0x6E, 0x67, 0x5F,
  0x64, 0x65, 0x66, 0x61, 0x75, 0x6C, 0x74, 0x5F, 0x6B, 0x65, 0x72, 0x61,
  0x73, 0x5F, 0x74, 0x65, 0x6E, 0x73, 0x6F, 0x72, 0x3A, 0x30, 0x00, 0x00,
  0x04, 0x00, 0x00, 0x00, 0x01, 0x00, 0x00, 0x00, 0x31, 0x00, 0x00, 0x00,
  0x28, 0x00, 0x00, 0x00, 0x01, 0x00, 0x00, 0x00, 0x07, 0x00, 0x00, 0x00,
  0x84, 0x00, 0x00, 0x00, 0x68, 0x00, 0x00, 0x00, 0x4C, 0x00, 0x00, 0x00,
  0x3C, 0x00, 0x00, 0x00, 0x2C, 0x00, 0x00, 0x00, 0x18, 0x00, 0x00, 0x00,
  0x04, 0x00, 0x00, 0x00, 0xA4, 0xFF, 0xFF, 0xFF, 0x19, 0x00, 0x00, 0x00,
  0x02, 0x00, 0x00, 0x00, 0x00, 0x00, 0x00, 0x19, 0xB4, 0xFF, 0xFF, 0xFF,
  0x09, 0x00, 0x00, 0x00, 0x04, 0x00, 0x00, 0x00, 0x00, 0x00, 0x00, 0x09,
  0xDC, 0xFF, 0xFF, 0xFF, 0x16, 0x00, 0x00, 0x00, 0x00, 0x00, 0x00, 0x16,
  0xE8, 0xFF, 0xFF, 0xFF, 0x53, 0x00, 0x00, 0x00, 0x00, 0x00, 0x00, 0x53,
  0xF4, 0xFF, 0xFF, 0xFF, 0x2D, 0x00, 0x00, 0x00, 0x00, 0x00, 0x00, 0x2D,
  0x0C, 0x00, 0x0C, 0x00, 0x0B, 0x00, 0x00, 0x00, 0x00, 0x00, 0x04, 0x00,
  0x0C, 0x00, 0x00, 0x00, 0x4D, 0x00, 0x00, 0x00, 0x00, 0x00, 0x00, 0x4D,
  0x0C, 0x00, 0x10, 0x00, 0x0F, 0x00, 0x00, 0x00, 0x08, 0x00, 0x04, 0x00,
  0x0C, 0x00, 0x00, 0x00, 0x03, 0x00, 0x00, 0x00, 0x03, 0x00, 0x00, 0x00,
  0x00, 0x00, 0x00, 0x03,
};
const uint32_t model_stop_size = sizeof(model_stop);

/* Aliases: a sketch can switch model by changing only its #include. */
#undef KWS_MODEL
#undef KWS_MODEL_SIZE
#define KWS_MODEL       model_stop
#define KWS_MODEL_SIZE  model_stop_size
