const
unsigned char microphone_node_base_bin[] = {
  0x00, 0x00, 0x03, 0x20, 0x4d, 0x14, 0x00, 0x08, 0xa9, 0x12, 0x00, 0x08,
  0xb1, 0x12, 0x00, 0x08, 0xb9, 0x12, 0x00, 0x08, 0xc1, 0x12, 0x00, 0x08,
  0xc9, 0x12, 0x00, 0x08, 0x9d, 0x14, 0x00, 0x08, 0x00, 0x00, 0x00, 0x00,
  0x00, 0x00, 0x00, 0x00, 0x00, 0x00, 0x00, 0x00, 0xd1, 0x12, 0x00, 0x08,
  0xdf, 0x12, 0x00, 0x08, 0x00, 0x00, 0x00, 0x00, 0xed, 0x12, 0x00, 0x08,
  0xfb, 0x12, 0x00, 0x08, 0x9d, 0x14, 0x00, 0x08, 0x9d, 0x14, 0x00, 0x08,
  0x9d, 0x14, 0x00, 0x08, 0x9d, 0x14, 0x00, 0x08, 0x9d, 0x14, 0x00, 0x08,
  0x9d, 0x14, 0x00, 0x08, 0x9d, 0x14, 0x00, 0x08, 0x9d, 0x14, 0x00, 0x08,
  0x9d, 0x14, 0x00, 0x08, 0x9d, 0x14, 0x00, 0x08, 0x9d, 0x14, 0x00, 0x08,
  0x9d, 0x14, 0x00, 0x08, 0x9d, 0x14, 0x00, 0x08, 0x9d, 0x14, 0x00, 0x08,
  0x9d, 0x14, 0x00, 0x08, 0x9d, 0x14, 0x00, 0x08, 0x9d, 0x14, 0x00, 0x08,
  0x9d, 0x14, 0x00, 0x08, 0x9d, 0x14, 0x00, 0x08, 0x9d, 0x14, 0x00, 0x08,
  0x9d, 0x14, 0x00, 0x08, 0x9d, 0x14, 0x00, 0x08, 0x9d, 0x14, 0x00, 0x08,
  0x9d, 0x14, 0x00, 0x08, 0x9d, 0x14, 0x00, 0x08, 0x9d, 0x14, 0x00, 0x08,
  0x9d, 0x14, 0x00, 0x08, 0x9d, 0x14, 0x00, 0x08, 0x00, 0x00, 0x00, 0x00,
  0x09, 0x13, 0x00, 0x08, 0x9d, 0x14, 0x00, 0x08, 0x9d, 0x14, 0x00, 0x08,
  0x9d, 0x14, 0x00, 0x08, 0x9d, 0x14, 0x00, 0x08, 0x9d, 0x14, 0x00, 0x08,
  0x9d, 0x14, 0x00, 0x08, 0x9d, 0x14, 0x00, 0x08, 0x9d, 0x14, 0x00, 0x08,
  0x9d, 0x14, 0x00, 0x08, 0x9d, 0x14, 0x00, 0x08, 0x9d, 0x14, 0x00, 0x08,
  0x9d, 0x14, 0x00, 0x08, 0x9d, 0x14, 0x00, 0x08, 0x9d, 0x14, 0x00, 0x08,
  0x9d, 0x14, 0x00, 0x08, 0x9d, 0x14, 0x00, 0x08, 0x9d, 0x14, 0x00, 0x08,
  0x9d, 0x14, 0x00, 0x08, 0x00, 0x00, 0x00, 0x00, 0x9d, 0x14, 0x00, 0x08,
  0x9d, 0x14, 0x00, 0x08, 0x00, 0x00, 0x00, 0x00, 0x00, 0x00, 0x00, 0x00,
  0x9d, 0x14, 0x00, 0x08, 0x9d, 0x14, 0x00, 0x08, 0x1d, 0x13, 0x00, 0x08,
  0x31, 0x13, 0x00, 0x08, 0x9d, 0x14, 0x00, 0x08, 0x9d, 0x14, 0x00, 0x08,
  0x9d, 0x14, 0x00, 0x08, 0x9d, 0x14, 0x00, 0x08, 0x9d, 0x14, 0x00, 0x08,
  0x00, 0x00, 0x00, 0x00, 0x9d, 0x14, 0x00, 0x08, 0x9d, 0x14, 0x00, 0x08,
  0x9d, 0x14, 0x00, 0x08, 0x9d, 0x14, 0x00, 0x08, 0x9d, 0x14, 0x00, 0x08,
  0x9d, 0x14, 0x00, 0x08, 0x9d, 0x14, 0x00, 0x08, 0x9d, 0x14, 0x00, 0x08,
  0x9d, 0x14, 0x00, 0x08, 0x9d, 0x14, 0x00, 0x08, 0x9d, 0x14, 0x00, 0x08,
  0x9d, 0x14, 0x00, 0x08, 0x00, 0x00, 0x00, 0x00, 0x9d, 0x14, 0x00, 0x08,
  0x00, 0x00, 0x00, 0x00, 0x9d, 0x14, 0x00, 0x08, 0x00, 0x00, 0x00, 0x00,
  0x9d, 0x14, 0x00, 0x08, 0x9d, 0x14, 0x00, 0x08, 0x9d, 0x14, 0x00, 0x08,
  0x9d, 0x14, 0x00, 0x08, 0x00, 0x00, 0x00, 0x00, 0x00, 0x00, 0x00, 0x00,
  0x00, 0x00, 0x00, 0x00, 0x00, 0x00, 0x00, 0x00, 0x9d, 0x14, 0x00, 0x08,
  0x9d, 0x14, 0x00, 0x08, 0x9d, 0x14, 0x00, 0x08, 0x00, 0x00, 0x00, 0x00,
  0x9d, 0x14, 0x00, 0x08, 0x00, 0x00, 0x00, 0x00, 0x9d, 0x14, 0x00, 0x08,
  0x9d, 0x14, 0x00, 0x08, 0x9d, 0x14, 0x00, 0x08, 0x00, 0x00, 0x00, 0x00,
  0x9d, 0x14, 0x00, 0x08, 0x9d, 0x14, 0x00, 0x08, 0x9d, 0x14, 0x00, 0x08,
  0x9d, 0x14, 0x00, 0x08, 0x00, 0x00, 0x00, 0x00, 0x00, 0x00, 0x00, 0x00,
  0x00, 0x00, 0x00, 0x00, 0x00, 0x00, 0x00, 0x00, 0x00, 0x00, 0x00, 0x00,
  0x9d, 0x14, 0x00, 0x08, 0x00, 0x00, 0x00, 0x00, 0x00, 0x00, 0x00, 0x00,
  0x9d, 0x14, 0x00, 0x08, 0x00, 0x00, 0x00, 0x00, 0x45, 0x13, 0x00, 0x08,
  0x9d, 0x14, 0x00, 0x08, 0x00, 0x00, 0x00, 0x00, 0x00, 0x00, 0x00, 0x00,
  0x00, 0x00, 0x00, 0x00, 0x00, 0x00, 0x00, 0x00, 0x00, 0x00, 0x00, 0x00,
  0x00, 0x00, 0x00, 0x00, 0x00, 0x00, 0x00, 0x00, 0x00, 0x00, 0x00, 0x00,
  0x00, 0x00, 0x00, 0x00, 0x9d, 0x14, 0x00, 0x08, 0x9d, 0x14, 0x00, 0x08,
  0x10, 0xb5, 0x05, 0x4c, 0x23, 0x78, 0x33, 0xb9, 0x04, 0x4b, 0x13, 0xb1,
  0x04, 0x48, 0xaf, 0xf3, 0x00, 0x80, 0x01, 0x23, 0x23, 0x70, 0x10, 0xbd,
  0x0c, 0x00, 0x00, 0x20, 0x00, 0x00, 0x00, 0x00, 0x8c, 0x77, 0x00, 0x08,
  0x08, 0xb5, 0x03, 0x4b, 0x1b, 0xb1, 0x03, 0x49, 0x03, 0x48, 0xaf, 0xf3,
  0x00, 0x80, 0x08, 0xbd, 0x00, 0x00, 0x00, 0x00, 0x10, 0x00, 0x00, 0x20,
  0x8c, 0x77, 0x00, 0x08, 0x53, 0xb9, 0x4a, 0xb9, 0x00, 0x29, 0x08, 0xbf,
  0x00, 0x28, 0x1c, 0xbf, 0x4f, 0xf0, 0xff, 0x31, 0x4f, 0xf0, 0xff, 0x30,
  0x00, 0xf0, 0xb2, 0xb9, 0xad, 0xf1, 0x08, 0x0c, 0x6d, 0xe9, 0x04, 0xce,
  0x00, 0xf0, 0x06, 0xf8, 0xdd, 0xf8, 0x04, 0xe0, 0xdd, 0xe9, 0x02, 0x23,
  0x04, 0xb0, 0x70, 0x47, 0x2d, 0xe9, 0xf0, 0x4f, 0x8c, 0x46, 0x09, 0x9e,
  0x04, 0x46, 0x0f, 0x46, 0x00, 0x2b, 0x48, 0xd1, 0x8a, 0x42, 0x15, 0x46,
  0x5e, 0xd9, 0xb2, 0xfa, 0x82, 0xf3, 0x3b, 0xb1, 0xc3, 0xf1, 0x20, 0x02,
  0x9f, 0x40, 0x9d, 0x40, 0x9c, 0x40, 0x20, 0xfa, 0x02, 0xf2, 0x17, 0x43,
  0x4f, 0xea, 0x15, 0x4e, 0x1f, 0xfa, 0x85, 0xfc, 0x22, 0x0c, 0xb7, 0xfb,
  0xfe, 0xf1, 0x0e, 0xfb, 0x11, 0x77, 0x01, 0xfb, 0x0c, 0xf0, 0x42, 0xea,
  0x07, 0x42, 0x90, 0x42, 0x07, 0xd9, 0xaa, 0x18, 0x01, 0xf1, 0xff, 0x37,
  0x02, 0xd2, 0x90, 0x42, 0x00, 0xf2, 0x58, 0x81, 0x39, 0x46, 0x12, 0x1a,
  0xa4, 0xb2, 0xb2, 0xfb, 0xfe, 0xf0, 0x0e, 0xfb, 0x10, 0x22, 0x00, 0xfb,
  0x0c, 0xfc, 0x44, 0xea, 0x02, 0x44, 0xa4, 0x45, 0x0b, 0xd9, 0x2c, 0x19,
  0x00, 0xf1, 0xff, 0x32, 0x2c, 0xbf, 0x01, 0x27, 0x00, 0x27, 0xa4, 0x45,
  0x02, 0xd9, 0x00, 0x2f, 0x00, 0xf0, 0x43, 0x81, 0x10, 0x46, 0x40, 0xea,
  0x01, 0x40, 0xa4, 0xeb, 0x0c, 0x04, 0x00, 0x21, 0x1e, 0xb1, 0xdc, 0x40,
  0x00, 0x23, 0xc6, 0xe9, 0x00, 0x43, 0xbd, 0xe8, 0xf0, 0x8f, 0x8b, 0x42,
  0x06, 0xd9, 0x0e, 0xb1, 0xc6, 0xe9, 0x00, 0x01, 0x00, 0x21, 0x08, 0x46,
  0xbd, 0xe8, 0xf0, 0x8f, 0xb3, 0xfa, 0x83, 0xf1, 0x00, 0x29, 0x51, 0xd1,
  0x63, 0x45, 0xc0, 0xf0, 0x16, 0x81, 0x82, 0x42, 0x40, 0xf2, 0x13, 0x81,
  0x08, 0x46, 0x00, 0x2e, 0xe7, 0xd0, 0xc6, 0xe9, 0x00, 0x47, 0xe4, 0xe7,
  0x00, 0x2a, 0x00, 0xf0, 0xaf, 0x80, 0xb2, 0xfa, 0x82, 0xf3, 0x00, 0x2b,
  0x40, 0xf0, 0xc2, 0x80, 0x8a, 0x1a, 0x4f, 0xea, 0x15, 0x4e, 0xaf, 0xb2,
  0x01, 0x21, 0x20, 0x0c, 0xb2, 0xfb, 0xfe, 0xfc, 0x0e, 0xfb, 0x1c, 0x22,
  0x40, 0xea, 0x02, 0x42, 0x07, 0xfb, 0x0c, 0xf0, 0x90, 0x42, 0x0e, 0xd9,
  0xaa, 0x18, 0x0c, 0xf1, 0xff, 0x38, 0x2c, 0xbf, 0x4f, 0xf0, 0x01, 0x09,
  0x4f, 0xf0, 0x00, 0x09, 0x90, 0x42, 0x03, 0xd9, 0xb9, 0xf1, 0x00, 0x0f,
  0x00, 0xf0, 0xf0, 0x80, 0xc4, 0x46, 0x12, 0x1a, 0xa4, 0xb2, 0xb2, 0xfb,
  0xfe, 0xf0, 0x0e, 0xfb, 0x10, 0x22, 0x00, 0xfb, 0x07, 0xf7, 0x44, 0xea,
  0x02, 0x44, 0xa7, 0x42, 0x0e, 0xd9, 0x2c, 0x19, 0x00, 0xf1, 0xff, 0x32,
  0x2c, 0xbf, 0x4f, 0xf0, 0x01, 0x0e, 0x4f, 0xf0, 0x00, 0x0e, 0xa7, 0x42,
  0x03, 0xd9, 0xbe, 0xf1, 0x00, 0x0f, 0x00, 0xf0, 0xd2, 0x80, 0x10, 0x46,
  0xe4, 0x1b, 0x40, 0xea, 0x0c, 0x40, 0x99, 0xe7, 0xc1, 0xf1, 0x20, 0x05,
  0x8b, 0x40, 0x0c, 0xfa, 0x01, 0xf4, 0x00, 0xfa, 0x01, 0xf9, 0x22, 0xfa,
  0x05, 0xf7, 0x2c, 0xfa, 0x05, 0xfc, 0x8a, 0x40, 0x1f, 0x43, 0x20, 0xfa,
  0x05, 0xf3, 0x38, 0x0c, 0x23, 0x43, 0x1f, 0xfa, 0x87, 0xfe, 0x1c, 0x0c,
  0xbc, 0xfb, 0xf0, 0xf8, 0x00, 0xfb, 0x18, 0xcc, 0x44, 0xea, 0x0c, 0x44,
  0x08, 0xfb, 0x0e, 0xfc, 0xa4, 0x45, 0x0e, 0xd9, 0x3c, 0x19, 0x08, 0xf1,
  0xff, 0x3a, 0x2c, 0xbf, 0x4f, 0xf0, 0x01, 0x0b, 0x4f, 0xf0, 0x00, 0x0b,
  0xa4, 0x45, 0x03, 0xd9, 0xbb, 0xf1, 0x00, 0x0f, 0x00, 0xf0, 0xb8, 0x80,
  0xd0, 0x46, 0xa4, 0xeb, 0x0c, 0x04, 0x1f, 0xfa, 0x83, 0xfc, 0xb4, 0xfb,
  0xf0, 0xf3, 0x00, 0xfb, 0x13, 0x44, 0x03, 0xfb, 0x0e, 0xfe, 0x4c, 0xea,
  0x04, 0x44, 0xa6, 0x45, 0x0e, 0xd9, 0x3c, 0x19, 0x03, 0xf1, 0xff, 0x30,
  0x2c, 0xbf, 0x4f, 0xf0, 0x01, 0x0c, 0x4f, 0xf0, 0x00, 0x0c, 0xa6, 0x45,
  0x03, 0xd9, 0xbc, 0xf1, 0x00, 0x0f, 0x00, 0xf0, 0x9f, 0x80, 0x03, 0x46,
  0x43, 0xea, 0x08, 0x40, 0xa4, 0xeb, 0x0e, 0x04, 0xa0, 0xfb, 0x02, 0xec,
  0x64, 0x45, 0x73, 0x46, 0xe0, 0x46, 0x02, 0xd3, 0x07, 0xd1, 0xf1, 0x45,
  0x05, 0xd2, 0xbe, 0xeb, 0x02, 0x03, 0x6c, 0xeb, 0x07, 0x0c, 0x01, 0x38,
  0xe0, 0x46, 0x5e, 0xb1, 0xb9, 0xeb, 0x03, 0x02, 0x64, 0xeb, 0x08, 0x04,
  0x04, 0xfa, 0x05, 0xf5, 0x22, 0xfa, 0x01, 0xf3, 0xcc, 0x40, 0x1d, 0x43,
  0xc6, 0xe9, 0x00, 0x54, 0x00, 0x21, 0x32, 0xe7, 0x42, 0x08, 0x2f, 0x46,
  0x4b, 0x08, 0xac, 0x46, 0x42, 0xea, 0xc1, 0x72, 0xae, 0x46, 0xc4, 0x07,
  0x11, 0x0c, 0x92, 0xb2, 0x41, 0xea, 0x03, 0x41, 0x42, 0xea, 0x01, 0x42,
  0xb1, 0xfb, 0xf5, 0xf1, 0xb3, 0xfb, 0xf5, 0xf0, 0x1f, 0x23, 0xa2, 0xeb,
  0x0c, 0x02, 0x41, 0xea, 0x00, 0x41, 0x42, 0xe7, 0x9d, 0x40, 0xc3, 0xf1,
  0x20, 0x02, 0x99, 0x40, 0x9c, 0x40, 0x2c, 0xfa, 0x02, 0xfc, 0x4f, 0xea,
  0x15, 0x4e, 0x20, 0xfa, 0x02, 0xf2, 0xaf, 0xb2, 0xbc, 0xfb, 0xfe, 0xf8,
  0x0a, 0x43, 0x0e, 0xfb, 0x18, 0xcc, 0x11, 0x0c, 0x41, 0xea, 0x0c, 0x41,
  0x08, 0xfb, 0x07, 0xfc, 0x8c, 0x45, 0x50, 0xd9, 0x69, 0x18, 0x08, 0xf1,
  0xff, 0x30, 0x2c, 0xbf, 0x4f, 0xf0, 0x01, 0x09, 0x4f, 0xf0, 0x00, 0x09,
  0x8c, 0x45, 0x02, 0xd9, 0xb9, 0xf1, 0x00, 0x0f, 0x30, 0xd0, 0xa1, 0xeb,
  0x0c, 0x01, 0xb1, 0xfb, 0xfe, 0xf8, 0x08, 0xfb, 0x07, 0xfc, 0x0e, 0xfb,
  0x18, 0x11, 0x92, 0xb2, 0x42, 0xea, 0x01, 0x42, 0x62, 0x45, 0x34, 0xd2,
  0xaa, 0x18, 0x08, 0xf1, 0xff, 0x31, 0x2c, 0xbf, 0x4f, 0xf0, 0x01, 0x09,
  0x4f, 0xf0, 0x00, 0x09, 0x62, 0x45, 0xbe, 0xd2, 0xb9, 0xf1, 0x00, 0x0f,
  0xbb, 0xd1, 0xa8, 0xf1, 0x02, 0x01, 0x2a, 0x44, 0xb7, 0xe7, 0x84, 0x1a,
  0x6c, 0xeb, 0x03, 0x02, 0x01, 0x20, 0x17, 0x46, 0xe7, 0xe6, 0x2c, 0x44,
  0x02, 0x38, 0x2b, 0xe7, 0xac, 0xf1, 0x02, 0x0c, 0x2a, 0x44, 0x0c, 0xe7,
  0x02, 0x39, 0x2a, 0x44, 0xa5, 0xe6, 0x2c, 0x44, 0x02, 0x38, 0xba, 0xe6,
  0xa5, 0xeb, 0x0c, 0x0c, 0xa8, 0xf1, 0x02, 0x00, 0x61, 0x44, 0xb1, 0xfb,
  0xfe, 0xf8, 0x08, 0xfb, 0x07, 0xfc, 0xca, 0xe7, 0xa8, 0xf1, 0x02, 0x08,
  0x3c, 0x44, 0x44, 0xe7, 0x02, 0x3b, 0x3c, 0x44, 0x5e, 0xe7, 0x41, 0x46,
  0x91, 0xe7, 0xa1, 0xeb, 0x0c, 0x01, 0x40, 0x46, 0xb1, 0xfb, 0xfe, 0xf8,
  0x08, 0xfb, 0x07, 0xfc, 0xb9, 0xe7, 0x00, 0xbf, 0x70, 0x47, 0x00, 0xbf,
  0x80, 0xb4, 0x00, 0xaf, 0xbf, 0xf3, 0x4f, 0x8f, 0x00, 0xbf, 0x06, 0x4b,
  0xdb, 0x68, 0x03, 0xf4, 0xe0, 0x62, 0x04, 0x49, 0x04, 0x4b, 0x13, 0x43,
  0xcb, 0x60, 0xbf, 0xf3, 0x4f, 0x8f, 0x00, 0xbf, 0x00, 0xbf, 0xfd, 0xe7,
  0x00, 0xed, 0x00, 0xe0, 0x04, 0x00, 0xfa, 0x05, 0x80, 0xb5, 0x84, 0xb0,
  0x00, 0xaf, 0x00, 0xf0, 0x3b, 0xff, 0x00, 0xf0, 0x83, 0xf8, 0x00, 0xf0,
  0xcd, 0xf9, 0x00, 0xf0, 0x1f, 0xf9, 0x00, 0xf0, 0x7d, 0xf9, 0x00, 0xf0,
  0xc1, 0xf8, 0x00, 0xf0, 0x39, 0xf9, 0x3b, 0x46, 0x00, 0x22, 0x1a, 0x60,
  0x5a, 0x60, 0x9a, 0x60, 0x2f, 0x4b, 0x3b, 0x60, 0x4f, 0xf4, 0x80, 0x73,
  0x7b, 0x60, 0x01, 0x23, 0x3b, 0x72, 0x3b, 0x46, 0x1a, 0x46, 0x2c, 0x49,
  0x2c, 0x48, 0x04, 0xf0, 0x5b, 0xfb, 0x03, 0x46, 0x00, 0x2b, 0x01, 0xd0,
  0x00, 0xf0, 0xec, 0xfb, 0x29, 0x48, 0x02, 0xf0, 0xc9, 0xfe, 0x03, 0x46,
  0x00, 0x2b, 0x01, 0xd0, 0x00, 0xf0, 0xe4, 0xfb, 0x26, 0x4b, 0x1b, 0x78,
  0xdb, 0xb2, 0x01, 0x2b, 0x01, 0xd1, 0x00, 0xf0, 0xbb, 0xfa, 0x24, 0x4b,
  0x1b, 0x68, 0x01, 0x2b, 0x25, 0xd1, 0x22, 0x4b, 0x00, 0x22, 0x1a, 0x60,
  0x1e, 0x4b, 0x9b, 0x68, 0xda, 0xb2, 0x20, 0x4b, 0x1a, 0x70, 0x4f, 0xf0,
  0x00, 0x73, 0x21, 0x22, 0x1d, 0x49, 0x1a, 0x48, 0x02, 0xf0, 0x46, 0xfd,
  0x03, 0x46, 0x00, 0x2b, 0x01, 0xd0, 0x00, 0xf0, 0xc5, 0xfb, 0x4c, 0xf2,
  0x50, 0x33, 0xfb, 0x60, 0x07, 0xe0, 0xfb, 0x68, 0x01, 0x3b, 0xfb, 0x60,
  0xfb, 0x68, 0x00, 0x2b, 0x01, 0xd1, 0xff, 0xf7, 0x8f, 0xff, 0x10, 0x48,
  0x02, 0xf0, 0x63, 0xff, 0x03, 0x46, 0x28, 0x2b, 0xf1, 0xd1, 0x11, 0x4b,
  0x1b, 0x78, 0xdb, 0xb2, 0x01, 0x2b, 0xc9, 0xd1, 0x0e, 0x4b, 0x00, 0x22,
  0x1a, 0x70, 0x0e, 0x4b, 0x1b, 0x68, 0x00, 0x2b, 0xc2, 0xd0, 0x0c, 0x4b,
  0x1b, 0x68, 0x40, 0x22, 0x0b, 0x49, 0x18, 0x46, 0x00, 0xf0, 0x58, 0xfb,
  0xba, 0xe7, 0x00, 0xbf, 0x6c, 0x02, 0x00, 0x20, 0x68, 0x00, 0x00, 0x20,
  0x28, 0x00, 0x00, 0x20, 0x84, 0x01, 0x00, 0x20, 0xc4, 0x03, 0x00, 0x20,
  0x74, 0x03, 0x00, 0x20, 0x78, 0x03, 0x00, 0x20, 0x6c, 0x03, 0x00, 0x20,
  0x70, 0x03, 0x00, 0x20, 0x79, 0x03, 0x00, 0x20, 0x80, 0xb5, 0x94, 0xb0,
  0x00, 0xaf, 0x07, 0xf1, 0x18, 0x03, 0x38, 0x22, 0x00, 0x21, 0x18, 0x46,
  0x06, 0xf0, 0xf6, 0xff, 0x3b, 0x46, 0x00, 0x22, 0x1a, 0x60, 0x5a, 0x60,
  0x9a, 0x60, 0xda, 0x60, 0x1a, 0x61, 0x5a, 0x61, 0x01, 0x20, 0x04, 0xf0,
  0xe9, 0xfd, 0x03, 0x46, 0x00, 0x2b, 0x01, 0xd0, 0x00, 0xf0, 0x70, 0xfb,
  0x20, 0x23, 0xbb, 0x61, 0x01, 0x23, 0xbb, 0x63, 0x00, 0x23, 0xfb, 0x63,
  0x00, 0x23, 0x3b, 0x64, 0x07, 0xf1, 0x18, 0x03, 0x18, 0x46, 0x04, 0xf0,
  0x95, 0xfe, 0x03, 0x46, 0x00, 0x2b, 0x01, 0xd0, 0x00, 0xf0, 0x5e, 0xfb,
  0x1f, 0x23, 0x3b, 0x60, 0x00, 0x23, 0x7b, 0x60, 0x0a, 0x23, 0xbb, 0x60,
  0x00, 0x23, 0xfb, 0x60, 0x00, 0x23, 0x3b, 0x61, 0x00, 0x23, 0x7b, 0x61,
  0x3b, 0x46, 0x00, 0x21, 0x18, 0x46, 0x05, 0xf0, 0xd5, 0xf9, 0x03, 0x46,
  0x00, 0x2b, 0x01, 0xd0, 0x00, 0xf0, 0x48, 0xfb, 0x00, 0xbf, 0x50, 0x37,
  0xbd, 0x46, 0x80, 0xbd, 0x80, 0xb5, 0x00, 0xaf, 0x28, 0x4b, 0x29, 0x4a,
  0x1a, 0x60, 0x27, 0x4b, 0x06, 0x22, 0x5a, 0x60, 0x25, 0x4b, 0x01, 0x22,
  0x1a, 0x72, 0x24, 0x4b, 0x20, 0x22, 0xda, 0x60, 0x22, 0x4b, 0x01, 0x22,
  0x1a, 0x61, 0x21, 0x4b, 0x00, 0x22, 0x1a, 0x75, 0x1f, 0x4b, 0x01, 0x22,
  0x83, 0xf8, 0x20, 0x20, 0x1d, 0x4b, 0x00, 0x22, 0x5a, 0x62, 0x1c, 0x4b,
  0x00, 0x22, 0x9a, 0x62, 0x1a, 0x4b, 0x04, 0x22, 0xda, 0x62, 0x19, 0x4b,
  0x01, 0x22, 0x1a, 0x63, 0x17, 0x48, 0x04, 0xf0, 0xbf, 0xf9, 0x03, 0x46,
  0x00, 0x2b, 0x01, 0xd0, 0x00, 0xf0, 0x18, 0xfb, 0x15, 0x4b, 0x00, 0x22,
  0x1a, 0x60, 0x14, 0x4b, 0x00, 0x22, 0x5a, 0x60, 0x12, 0x4b, 0x40, 0x22,
  0x9a, 0x60, 0x11, 0x4b, 0x20, 0x22, 0xda, 0x60, 0x0f, 0x4b, 0x05, 0x22,
  0x1a, 0x61, 0x0e, 0x4b, 0x01, 0x22, 0x1a, 0x75, 0x0c, 0x4b, 0x00, 0x22,
  0x9a, 0x61, 0x0b, 0x4b, 0x00, 0x22, 0x1a, 0x77, 0x09, 0x4b, 0x00, 0x22,
  0x83, 0xf8, 0x24, 0x20, 0x07, 0x4b, 0x00, 0x22, 0x5a, 0x65, 0x06, 0x4b,
  0x00, 0x22, 0x9a, 0x65, 0x04, 0x4b, 0x00, 0x22, 0xda, 0x65, 0x00, 0xbf,
  0x80, 0xbd, 0x00, 0xbf, 0x28, 0x00, 0x00, 0x20, 0x80, 0x40, 0x03, 0x40,
  0x68, 0x00, 0x00, 0x20, 0x80, 0xb5, 0x82, 0xb0, 0x00, 0xaf, 0x0d, 0x4b,
  0xd3, 0xf8, 0x88, 0x30, 0x0b, 0x4a, 0x43, 0xf0, 0x01, 0x03, 0xc2, 0xf8,
  0x88, 0x30, 0x09, 0x4b, 0xd3, 0xf8, 0x88, 0x30, 0x03, 0xf0, 0x01, 0x03,
  0x7b, 0x60, 0x7b, 0x68, 0x00, 0x22, 0x00, 0x21, 0x1d, 0x20, 0x00, 0xf0,
  0xbd, 0xff, 0x1d, 0x20, 0x00, 0xf0, 0xd4, 0xff, 0x00, 0xbf, 0x08, 0x37,
  0xbd, 0x46, 0x80, 0xbd, 0x00, 0x0c, 0x03, 0x40, 0x80, 0xb5, 0x00, 0xaf,
  0x1b, 0x4b, 0x1c, 0x4a, 0x1a, 0x60, 0x1a, 0x4b, 0x1b, 0x4a, 0x5a, 0x60,
  0x18, 0x4b, 0x54, 0x22, 0x9a, 0x60, 0x17, 0x4b, 0x01, 0x22, 0xda, 0x60,
  0x15, 0x4b, 0x00, 0x22, 0x1a, 0x61, 0x14, 0x4b, 0x00, 0x22, 0x5a, 0x61,
  0x12, 0x4b, 0x00, 0x22, 0x9a, 0x61, 0x11, 0x4b, 0x00, 0x22, 0xda, 0x61,
  0x0f, 0x4b, 0x00, 0x22, 0x1a, 0x62, 0x0e, 0x48, 0x02, 0xf0, 0x5c, 0xfb,
  0x03, 0x46, 0x00, 0x2b, 0x01, 0xd0, 0x00, 0xf0, 0xa5, 0xfa, 0x00, 0x21,
  0x09, 0x48, 0x04, 0xf0, 0xab, 0xf8, 0x03, 0x46, 0x00, 0x2b, 0x01, 0xd0,
  0x00, 0xf0, 0x9c, 0xfa, 0x00, 0x21, 0x05, 0x48, 0x04, 0xf0, 0xed, 0xf8,
  0x03, 0x46, 0x00, 0x2b, 0x01, 0xd0, 0x00, 0xf0, 0x93, 0xfa, 0x00, 0xbf,
  0x80, 0xbd, 0x00, 0xbf, 0x84, 0x01, 0x00, 0x20, 0x00, 0x54, 0x00, 0x40,
  0x0b, 0x0a, 0x00, 0x40, 0x80, 0xb5, 0x00, 0xaf, 0x22, 0x4b, 0x23, 0x4a,
  0x1a, 0x60, 0x21, 0x4b, 0x4f, 0xf4, 0xe1, 0x32, 0x5a, 0x60, 0x1f, 0x4b,
  0x00, 0x22, 0x9a, 0x60, 0x1d, 0x4b, 0x00, 0x22, 0xda, 0x60, 0x1c, 0x4b,
  0x00, 0x22, 0x1a, 0x61, 0x1a, 0x4b, 0x0c, 0x22, 0x5a, 0x61, 0x19, 0x4b,
  0x00, 0x22, 0x9a, 0x61, 0x17, 0x4b, 0x00, 0x22, 0xda, 0x61, 0x16, 0x4b,
  0x00, 0x22, 0x1a, 0x62, 0x14, 0x4b, 0x00, 0x22, 0x5a, 0x62, 0x13, 0x4b,
  0x00, 0x22, 0x9a, 0x62, 0x11, 0x48, 0x06, 0xf0, 0xf3, 0xf9, 0x03, 0x46,
  0x00, 0x2b, 0x01, 0xd0, 0x00, 0xf0, 0x5e, 0xfa, 0x00, 0x21, 0x0d, 0x48,
  0x06, 0xf0, 0x06, 0xfe, 0x03, 0x46, 0x00, 0x2b, 0x01, 0xd0, 0x00, 0xf0,
  0x55, 0xfa, 0x00, 0x21, 0x08, 0x48, 0x06, 0xf0, 0x3b, 0xfe, 0x03, 0x46,
  0x00, 0x2b, 0x01, 0xd0, 0x00, 0xf0, 0x4c, 0xfa, 0x04, 0x48, 0x06, 0xf0,
  0xbc, 0xfd, 0x03, 0x46, 0x00, 0x2b, 0x01, 0xd0, 0x00, 0xf0, 0x44, 0xfa,
  0x00, 0xbf, 0x80, 0xbd, 0xd8, 0x01, 0x00, 0x20, 0x00, 0x38, 0x01, 0x40,
  0x80, 0xb5, 0x88, 0xb0, 0x00, 0xaf, 0x07, 0xf1, 0x0c, 0x03, 0x00, 0x22,
  0x1a, 0x60, 0x5a, 0x60, 0x9a, 0x60, 0xda, 0x60, 0x1a, 0x61, 0x20, 0x4b,
  0xd3, 0xf8, 0x8c, 0x30, 0x1e, 0x4a, 0x43, 0xf0, 0x01, 0x03, 0xc2, 0xf8,
  0x8c, 0x30, 0x1c, 0x4b, 0xd3, 0xf8, 0x8c, 0x30, 0x03, 0xf0, 0x01, 0x03,
  0xbb, 0x60, 0xbb, 0x68, 0x18, 0x4b, 0xd3, 0xf8, 0x8c, 0x30, 0x17, 0x4a,
  0x43, 0xf0, 0x02, 0x03, 0xc2, 0xf8, 0x8c, 0x30, 0x14, 0x4b, 0xd3, 0xf8,
  0x8c, 0x30, 0x03, 0xf0, 0x02, 0x03, 0x7b, 0x60, 0x7b, 0x68, 0x00, 0x22,
  0x02, 0x21, 0x11, 0x48, 0x02, 0xf0, 0xaa, 0xfa, 0x01, 0x23, 0xfb, 0x60,
  0x00, 0x23, 0x3b, 0x61, 0x00, 0x23, 0x7b, 0x61, 0x07, 0xf1, 0x0c, 0x03,
  0x19, 0x46, 0x0b, 0x48, 0x02, 0xf0, 0x26, 0xf8, 0x02, 0x23, 0xfb, 0x60,
  0x01, 0x23, 0x3b, 0x61, 0x00, 0x23, 0x7b, 0x61, 0x00, 0x23, 0xbb, 0x61,
  0x07, 0xf1, 0x0c, 0x03, 0x19, 0x46, 0x04, 0x48, 0x02, 0xf0, 0x18, 0xf8,
  0x00, 0xbf, 0x20, 0x37, 0xbd, 0x46, 0x80, 0xbd, 0x00, 0x0c, 0x03, 0x40,
  0x00, 0x00, 0x02, 0x42, 0x80, 0xb4, 0x83, 0xb0, 0x00, 0xaf, 0x78, 0x60,
  0x7b, 0x68, 0x1b, 0x68, 0x07, 0x4a, 0x93, 0x42, 0x05, 0xd1, 0x07, 0x4b,
  0x07, 0x4a, 0x1a, 0x60, 0x07, 0x4b, 0x01, 0x22, 0x1a, 0x70, 0x00, 0xbf,
  0x0c, 0x37, 0xbd, 0x46, 0x5d, 0xf8, 0x04, 0x7b, 0x70, 0x47, 0x00, 0xbf,
  0x80, 0x40, 0x03, 0x40, 0x70, 0x03, 0x00, 0x20, 0x6c, 0x02, 0x00, 0x20,
  0x6c, 0x03, 0x00, 0x20, 0x80, 0xb4, 0x83, 0xb0, 0x00, 0xaf, 0x78, 0x60,
  0x7b, 0x68, 0x1b, 0x68, 0x07, 0x4a, 0x93, 0x42, 0x05, 0xd1, 0x07, 0x4b,
  0x07, 0x4a, 0x1a, 0x60, 0x07, 0x4b, 0x01, 0x22, 0x1a, 0x70, 0x00, 0xbf,
  0x0c, 0x37, 0xbd, 0x46, 0x5d, 0xf8, 0x04, 0x7b, 0x70, 0x47, 0x00, 0xbf,
  0x80, 0x40, 0x03, 0x40, 0x70, 0x03, 0x00, 0x20, 0xec, 0x02, 0x00, 0x20,
  0x6c, 0x03, 0x00, 0x20, 0x80, 0xb5, 0x82, 0xb0, 0x00, 0xaf, 0x78, 0x60,
  0x0b, 0x46, 0xfb, 0x70, 0x13, 0x46, 0x3b, 0x80, 0xfb, 0x78, 0x01, 0x2b,
  0x03, 0xd1, 0x07, 0x4b, 0x01, 0x22, 0x1a, 0x60, 0x06, 0xe0, 0x4f, 0xf0,
  0x00, 0x73, 0x28, 0x22, 0x04, 0x49, 0x78, 0x68, 0x02, 0xf0, 0xca, 0xfb,
  0x00, 0xbf, 0x08, 0x37, 0xbd, 0x46, 0x80, 0xbd, 0x74, 0x03, 0x00, 0x20,
  0x9c, 0x03, 0x00, 0x20, 0x80, 0xb4, 0x83, 0xb0, 0x00, 0xaf, 0x78, 0x60,
  0x7b, 0x68, 0x1b, 0x68, 0x05, 0x4a, 0x93, 0x42, 0x02, 0xd1, 0x05, 0x4b,
  0x00, 0x22, 0x1a, 0x60, 0x00, 0xbf, 0x0c, 0x37, 0xbd, 0x46, 0x5d, 0xf8,
  0x04, 0x7b, 0x70, 0x47, 0x00, 0x54, 0x00, 0x40, 0x74, 0x03, 0x00, 0x20,
  0x80, 0xb4, 0x83, 0xb0, 0x00, 0xaf, 0x78, 0x60, 0x7b, 0x68, 0x1b, 0x68,
  0x0b, 0x4a, 0x93, 0x42, 0x0e, 0xd1, 0x0b, 0x4b, 0x1b, 0x78, 0x44, 0x2b,
  0x0a, 0xd1, 0x09, 0x4b, 0x5b, 0x78, 0x49, 0x2b, 0x06, 0xd1, 0x07, 0x4b,
  0x9b, 0x78, 0x45, 0x2b, 0x02, 0xd1, 0x06, 0x4b, 0x01, 0x22, 0x1a, 0x70,
  0x00, 0xbf, 0x0c, 0x37, 0xbd, 0x46, 0x5d, 0xf8, 0x04, 0x7b, 0x70, 0x47,
  0x00, 0x54, 0x00, 0x40, 0x9c, 0x03, 0x00, 0x20, 0xc4, 0x03, 0x00, 0x20,
  0x80, 0xb5, 0x82, 0xb0, 0x00, 0xaf, 0x78, 0x60, 0x7b, 0x68, 0x1b, 0x68,
  0x07, 0x4a, 0x93, 0x42, 0x07, 0xd1, 0x07, 0x4b, 0x1b, 0x78, 0xdb, 0xb2,
  0x00, 0x2b, 0x02, 0xd1, 0x78, 0x68, 0x02, 0xf0, 0x29, 0xfc, 0x00, 0xbf,
  0x08, 0x37, 0xbd, 0x46, 0x80, 0xbd, 0x00, 0xbf, 0x00, 0x54, 0x00, 0x40,
  0xc4, 0x03, 0x00, 0x20, 0x80, 0xb5, 0x82, 0xb0, 0x00, 0xaf, 0x78, 0x60,
  0x78, 0x68, 0x02, 0xf0, 0xf4, 0xfc, 0x03, 0x46, 0x01, 0x2b, 0x06, 0xd1,
  0x78, 0x68, 0x02, 0xf0, 0x80, 0xfa, 0x78, 0x68, 0x02, 0xf0, 0xe2, 0xf9,
  0x07, 0xe0, 0x78, 0x68, 0x02, 0xf0, 0xe7, 0xfc, 0x03, 0x46, 0x04, 0x2b,
  0x01, 0xd0, 0x00, 0xf0, 0x27, 0xf9, 0x00, 0xbf, 0x08, 0x37, 0xbd, 0x46,
  0x80, 0xbd, 0x00, 0x00, 0x80, 0xb5, 0x84, 0xb0, 0x00, 0xaf, 0x00, 0x23,
  0xfb, 0x60, 0x18, 0x4b, 0xbb, 0x60, 0x72, 0xb6, 0x00, 0xbf, 0x17, 0x4b,
  0x00, 0x22, 0x1a, 0x60, 0x04, 0xf0, 0xc6, 0xfb, 0x00, 0x23, 0xfb, 0x60,
  0x10, 0xe0, 0x14, 0x4a, 0xfb, 0x68, 0x20, 0x33, 0x4f, 0xf0, 0xff, 0x31,
  0x42, 0xf8, 0x23, 0x10, 0x10, 0x4a, 0xfb, 0x68, 0x60, 0x33, 0x4f, 0xf0,
  0xff, 0x31, 0x42, 0xf8, 0x23, 0x10, 0xfb, 0x68, 0x01, 0x33, 0xfb, 0x60,
  0xfb, 0x68, 0x04, 0x2b, 0xeb, 0xd9, 0x62, 0xb6, 0x00, 0xbf, 0xbb, 0x68,
  0x04, 0x33, 0x1b, 0x68, 0x7b, 0x60, 0xbb, 0x68, 0x1b, 0x68, 0x3b, 0x60,
  0x3b, 0x68, 0x83, 0xf3, 0x08, 0x88, 0x00, 0xbf, 0x7b, 0x68, 0x98, 0x47,
  0x00, 0xbf, 0xfd, 0xe7, 0x00, 0xf0, 0xf8, 0x0b, 0x10, 0xe0, 0x00, 0xe0,
  0x00, 0xe1, 0x00, 0xe0, 0x80, 0xb4, 0x89, 0xb0, 0x00, 0xaf, 0x03, 0x46,
  0x39, 0x60, 0xfb, 0x80, 0x3b, 0x68, 0xb3, 0xf9, 0x00, 0x30, 0xfb, 0x61,
  0x3b, 0x68, 0x93, 0xf9, 0x02, 0x30, 0xbb, 0x61, 0x44, 0x4a, 0xbb, 0x69,
  0x52, 0xf8, 0x23, 0x30, 0xbb, 0x60, 0xb7, 0xf9, 0x06, 0x20, 0xfb, 0x69,
  0xd3, 0x1a, 0x7b, 0x61, 0x00, 0x23, 0xfb, 0x74, 0x7b, 0x69, 0x00, 0x2b,
  0x04, 0xda, 0x08, 0x23, 0xfb, 0x74, 0x7b, 0x69, 0x5b, 0x42, 0x7b, 0x61,
  0xbb, 0x68, 0xdb, 0x10, 0xfb, 0x60, 0x7a, 0x69, 0xbb, 0x68, 0x9a, 0x42,
  0x0b, 0xdb, 0xfb, 0x7c, 0x43, 0xf0, 0x04, 0x03, 0xfb, 0x74, 0x7a, 0x69,
  0xbb, 0x68, 0xd3, 0x1a, 0x7b, 0x61, 0xfa, 0x68, 0xbb, 0x68, 0x13, 0x44,
  0xfb, 0x60, 0xbb, 0x68, 0x5b, 0x10, 0x7a, 0x69, 0x9a, 0x42, 0x0d, 0xdb,
  0xfb, 0x7c, 0x43, 0xf0, 0x02, 0x03, 0xfb, 0x74, 0xbb, 0x68, 0x5b, 0x10,
  0x7a, 0x69, 0xd3, 0x1a, 0x7b, 0x61, 0xbb, 0x68, 0x5b, 0x10, 0xfa, 0x68,
  0x13, 0x44, 0xfb, 0x60, 0xbb, 0x68, 0x9b, 0x10, 0x7a, 0x69, 0x9a, 0x42,
  0x08, 0xdb, 0xfb, 0x7c, 0x43, 0xf0, 0x01, 0x03, 0xfb, 0x74, 0xbb, 0x68,
  0x9b, 0x10, 0xfa, 0x68, 0x13, 0x44, 0xfb, 0x60, 0xfb, 0x7c, 0x03, 0xf0,
  0x08, 0x03, 0x00, 0x2b, 0x04, 0xd0, 0xfa, 0x69, 0xfb, 0x68, 0xd3, 0x1a,
  0xfb, 0x61, 0x03, 0xe0, 0xfa, 0x69, 0xfb, 0x68, 0x13, 0x44, 0xfb, 0x61,
  0xfb, 0x69, 0xb3, 0xf5, 0x00, 0x4f, 0x03, 0xdb, 0x47, 0xf6, 0xff, 0x73,
  0xfb, 0x61, 0x05, 0xe0, 0xfb, 0x69, 0x13, 0xf5, 0x00, 0x4f, 0x01, 0xda,
  0x14, 0x4b, 0xfb, 0x61, 0xfb, 0x7c, 0x03, 0xf0, 0x07, 0x03, 0x13, 0x4a,
  0x52, 0xf8, 0x23, 0x30, 0xba, 0x69, 0x13, 0x44, 0xbb, 0x61, 0xbb, 0x69,
  0x00, 0x2b, 0x01, 0xda, 0x00, 0x23, 0xbb, 0x61, 0xbb, 0x69, 0x58, 0x2b,
  0x01, 0xdd, 0x58, 0x23, 0xbb, 0x61, 0xfb, 0x69, 0x1a, 0xb2, 0x3b, 0x68,
  0x1a, 0x80, 0xbb, 0x69, 0x5a, 0xb2, 0x3b, 0x68, 0x9a, 0x70, 0xfb, 0x7c,
  0x03, 0xf0, 0x0f, 0x03, 0xdb, 0xb2, 0x18, 0x46, 0x24, 0x37, 0xbd, 0x46,
  0x5d, 0xf8, 0x04, 0x7b, 0x70, 0x47, 0x00, 0xbf, 0xe4, 0x77, 0x00, 0x08,
  0x00, 0x80, 0xff, 0xff, 0xa4, 0x77, 0x00, 0x08, 0x80, 0xb5, 0x88, 0xb0,
  0x00, 0xaf, 0xf8, 0x60, 0xb9, 0x60, 0x7a, 0x60, 0x00, 0x23, 0xfb, 0x61,
  0x1e, 0x4b, 0x00, 0x22, 0x1a, 0x80, 0x1d, 0x4b, 0x00, 0x22, 0x9a, 0x70,
  0x00, 0x23, 0xbb, 0x61, 0x2a, 0xe0, 0xbb, 0x69, 0x5b, 0x00, 0xfa, 0x68,
  0x13, 0x44, 0xb3, 0xf9, 0x00, 0x30, 0x17, 0x49, 0x18, 0x46, 0xff, 0xf7,
  0x47, 0xff, 0x03, 0x46, 0xfb, 0x75, 0xbb, 0x69, 0x01, 0x33, 0x5b, 0x00,
  0xfa, 0x68, 0x13, 0x44, 0xb3, 0xf9, 0x00, 0x30, 0x10, 0x49, 0x18, 0x46,
  0xff, 0xf7, 0x3a, 0xff, 0x03, 0x46, 0xbb, 0x75, 0x97, 0xf9, 0x16, 0x30,
  0x1b, 0x01, 0x5a, 0xb2, 0x97, 0xf9, 0x17, 0x30, 0x13, 0x43, 0x59, 0xb2,
  0xfb, 0x69, 0x5a, 0x1c, 0xfa, 0x61, 0xba, 0x68, 0x13, 0x44, 0xca, 0xb2,
  0x1a, 0x70, 0xbb, 0x69, 0x02, 0x33, 0xbb, 0x61, 0xba, 0x69, 0x7b, 0x68,
  0x9a, 0x42, 0xd0, 0xd3, 0x00, 0xbf, 0x00, 0xbf, 0x20, 0x37, 0xbd, 0x46,
  0x80, 0xbd, 0x00, 0xbf, 0xc8, 0x03, 0x00, 0x20, 0x80, 0xb5, 0x00, 0xaf,
  0xff, 0xf7, 0xd2, 0xfb, 0x80, 0xb4, 0x83, 0xb0, 0x00, 0xaf, 0x0a, 0x4b,
  0xd3, 0xf8, 0x94, 0x30, 0x08, 0x4a, 0x43, 0xf0, 0x04, 0x03, 0xc2, 0xf8,
  0x94, 0x30, 0x06, 0x4b, 0xd3, 0xf8, 0x94, 0x30, 0x03, 0xf0, 0x04, 0x03,
  0x7b, 0x60, 0x7b, 0x68, 0x00, 0xbf, 0x0c, 0x37, 0xbd, 0x46, 0x5d, 0xf8,
  0x04, 0x7b, 0x70, 0x47, 0x00, 0x0c, 0x03, 0x40, 0x80, 0xb5, 0xc2, 0xb0,
  0x00, 0xaf, 0x07, 0xf5, 0x84, 0x73, 0xa3, 0xf5, 0x82, 0x73, 0x18, 0x60,
  0x07, 0xf1, 0xf4, 0x03, 0x00, 0x22, 0x1a, 0x60, 0x5a, 0x60, 0x9a, 0x60,
  0xda, 0x60, 0x1a, 0x61, 0x07, 0xf1, 0x10, 0x03, 0x78, 0x22, 0x00, 0x21,
  0x18, 0x46, 0x06, 0xf0, 0x41, 0xfc, 0x07, 0xf5, 0x84, 0x73, 0xa3, 0xf5,
  0x82, 0x73, 0x1b, 0x68, 0x1b, 0x68, 0x72, 0x4a, 0x93, 0x42, 0x40, 0xf0,
  0xdb, 0x80, 0x4f, 0xf4, 0x80, 0x33, 0x3b, 0x61, 0x00, 0x23, 0x7b, 0x65,
  0x07, 0xf1, 0x10, 0x03, 0x18, 0x46, 0x04, 0xf0, 0xff, 0xff, 0x03, 0x46,
  0x00, 0x2b, 0x01, 0xd0, 0xff, 0xf7, 0xb2, 0xff, 0x69, 0x4b, 0xd3, 0xf8,
  0x88, 0x30, 0x68, 0x4a, 0x43, 0xf0, 0x08, 0x03, 0xc2, 0xf8, 0x88, 0x30,
  0x65, 0x4b, 0xd3, 0xf8, 0x88, 0x30, 0x03, 0xf0, 0x08, 0x03, 0xfb, 0x60,
  0xfb, 0x68, 0x62, 0x4b, 0xd3, 0xf8, 0x8c, 0x30, 0x60, 0x4a, 0x43, 0xf0,
  0x02, 0x03, 0xc2, 0xf8, 0x8c, 0x30, 0x5e, 0x4b, 0xd3, 0xf8, 0x8c, 0x30,
  0x03, 0xf0, 0x02, 0x02, 0x07, 0xf5, 0x84, 0x73, 0xa3, 0xf5, 0x80, 0x73,
  0x1a, 0x60, 0x07, 0xf5, 0x84, 0x73, 0xa3, 0xf5, 0x80, 0x73, 0x1b, 0x68,
  0x18, 0x23, 0xc7, 0xf8, 0xf4, 0x30, 0x02, 0x23, 0xc7, 0xf8, 0xf8, 0x30,
  0x00, 0x23, 0xc7, 0xf8, 0xfc, 0x30, 0x00, 0x23, 0xc7, 0xf8, 0x00, 0x31,
  0x03, 0x23, 0xc7, 0xf8, 0x04, 0x31, 0x07, 0xf1, 0xf4, 0x03, 0x19, 0x46,
  0x4e, 0x48, 0x01, 0xf0, 0x99, 0xfd, 0x21, 0x23, 0xc7, 0xf8, 0x88, 0x30,
  0x62, 0x23, 0xc7, 0xf8, 0x8c, 0x30, 0x00, 0x23, 0xc7, 0xf8, 0x90, 0x30,
  0x00, 0x23, 0xc7, 0xf8, 0x94, 0x30, 0x00, 0x23, 0xc7, 0xf8, 0x98, 0x30,
  0x4f, 0xf4, 0x00, 0x23, 0xc7, 0xf8, 0x9c, 0x30, 0x01, 0x23, 0xc7, 0xf8,
  0xa0, 0x30, 0x4f, 0xf4, 0x80, 0x33, 0xc7, 0xf8, 0xa4, 0x30, 0x01, 0x23,
  0xc7, 0xf8, 0xac, 0x30, 0x01, 0x23, 0xc7, 0xf8, 0xb0, 0x30, 0x00, 0x23,
  0xc7, 0xf8, 0xb4, 0x30, 0x00, 0x23, 0xc7, 0xf8, 0xb8, 0x30, 0x00, 0x23,
  0xc7, 0xf8, 0xbc, 0x30, 0x00, 0x23, 0xc7, 0xf8, 0xcc, 0x30, 0x00, 0x23,
  0xc7, 0xf8, 0xc0, 0x30, 0x00, 0x23, 0xc7, 0xf8, 0xc4, 0x30, 0x07, 0xf1,
  0x88, 0x03, 0x34, 0x49, 0x18, 0x46, 0x01, 0xf0, 0x61, 0xf8, 0x03, 0x46,
  0x00, 0x2b, 0x01, 0xd0, 0xff, 0xf7, 0x3a, 0xff, 0x2f, 0x4a, 0x00, 0x21,
  0x2f, 0x48, 0x01, 0xf0, 0x6d, 0xf8, 0x03, 0x46, 0x00, 0x2b, 0x01, 0xd0,
  0xff, 0xf7, 0x30, 0xff, 0x2b, 0x48, 0x01, 0xf0, 0x2e, 0xf9, 0x03, 0x46,
  0x00, 0x2b, 0x01, 0xd0, 0xff, 0xf7, 0x28, 0xff, 0x28, 0x4b, 0x29, 0x4a,
  0x1a, 0x60, 0x27, 0x4b, 0x00, 0x22, 0x9a, 0x63, 0x25, 0x4b, 0x00, 0x22,
  0xda, 0x63, 0x24, 0x4b, 0x00, 0x22, 0x1a, 0x64, 0x22, 0x4b, 0x00, 0x22,
  0x5a, 0x64, 0x21, 0x4b, 0x81, 0x22, 0x9a, 0x64, 0x1f, 0x48, 0x00, 0xf0,
  0x07, 0xff, 0x03, 0x46, 0x00, 0x2b, 0x01, 0xd0, 0xff, 0xf7, 0x0e, 0xff,
  0x1a, 0x49, 0x1b, 0x48, 0x01, 0xf0, 0x6c, 0xf9, 0x03, 0x46, 0x00, 0x2b,
  0x01, 0xd0, 0xff, 0xf7, 0x05, 0xff, 0x07, 0xf5, 0x84, 0x73, 0xa3, 0xf5,
  0x82, 0x73, 0x1b, 0x68, 0x14, 0x4a, 0x5a, 0x63, 0x13, 0x4a, 0x07, 0xf5,
  0x84, 0x73, 0xa3, 0xf5, 0x82, 0x73, 0x1b, 0x68, 0xd3, 0x65, 0x10, 0x21,
  0x0f, 0x48, 0x00, 0xf0, 0x85, 0xfe, 0x03, 0x46, 0x00, 0x2b, 0x01, 0xd0,
  0xff, 0xf7, 0xee, 0xfe, 0x00, 0x22, 0x00, 0x21, 0x70, 0x20, 0x00, 0xf0,
  0xd3, 0xfb, 0x70, 0x20, 0x00, 0xf0, 0xea, 0xfb, 0x00, 0xbf, 0x07, 0xf5,
  0x84, 0x77, 0xbd, 0x46, 0x80, 0xbd, 0x00, 0xbf, 0x80, 0x40, 0x03, 0x40,
  0x00, 0x0c, 0x03, 0x40, 0x00, 0x04, 0x02, 0x42, 0xd0, 0x00, 0x00, 0x20,
  0xf4, 0x00, 0x00, 0x20, 0x0c, 0x01, 0x00, 0x20, 0x50, 0x00, 0x02, 0x40,
  0x80, 0xb5, 0xa8, 0xb0, 0x00, 0xaf, 0x78, 0x60, 0x07, 0xf1, 0x8c, 0x03,
  0x00, 0x22, 0x1a, 0x60, 0x5a, 0x60, 0x9a, 0x60, 0xda, 0x60, 0x1a, 0x61,
  0x07, 0xf1, 0x14, 0x03, 0x78, 0x22, 0x00, 0x21, 0x18, 0x46, 0x06, 0xf0,
  0x35, 0xfb, 0x7b, 0x68, 0x1b, 0x68, 0x2c, 0x4a, 0x93, 0x42, 0x50, 0xd1,
  0x20, 0x23, 0x7b, 0x61, 0x00, 0x23, 0xfb, 0x62, 0x07, 0xf1, 0x14, 0x03,
  0x18, 0x46, 0x04, 0xf0, 0xf9, 0xfe, 0x03, 0x46, 0x00, 0x2b, 0x01, 0xd0,
  0xff, 0xf7, 0xac, 0xfe, 0x24, 0x4b, 0xd3, 0xf8, 0x8c, 0x30, 0x23, 0x4a,
  0x43, 0xf0, 0x02, 0x03, 0xc2, 0xf8, 0x8c, 0x30, 0x20, 0x4b, 0xd3, 0xf8,
  0x8c, 0x30, 0x03, 0xf0, 0x02, 0x03, 0x3b, 0x61, 0x3b, 0x69, 0xc0, 0x23,
  0xc7, 0xf8, 0x8c, 0x30, 0x12, 0x23, 0xc7, 0xf8, 0x90, 0x30, 0x00, 0x23,
  0xc7, 0xf8, 0x94, 0x30, 0x00, 0x23, 0xc7, 0xf8, 0x98, 0x30, 0x04, 0x23,
  0xc7, 0xf8, 0x9c, 0x30, 0x07, 0xf1, 0x8c, 0x03, 0x19, 0x46, 0x15, 0x48,
  0x01, 0xf0, 0xaa, 0xfc, 0x12, 0x4b, 0xd3, 0xf8, 0x9c, 0x30, 0x11, 0x4a,
  0x43, 0xf4, 0x00, 0x13, 0xc2, 0xf8, 0x9c, 0x30, 0x0e, 0x4b, 0xd3, 0xf8,
  0x9c, 0x30, 0x03, 0xf4, 0x00, 0x13, 0xfb, 0x60, 0xfb, 0x68, 0x00, 0x22,
  0x00, 0x21, 0x37, 0x20, 0x00, 0xf0, 0x5e, 0xfb, 0x37, 0x20, 0x00, 0xf0,
  0x75, 0xfb, 0x00, 0x22, 0x00, 0x21, 0x38, 0x20, 0x00, 0xf0, 0x56, 0xfb,
  0x38, 0x20, 0x00, 0xf0, 0x6d, 0xfb, 0x00, 0xbf, 0xa0, 0x37, 0xbd, 0x46,
  0x80, 0xbd, 0x00, 0xbf, 0x00, 0x54, 0x00, 0x40, 0x00, 0x0c, 0x03, 0x40,
  0x00, 0x04, 0x02, 0x42, 0x80, 0xb5, 0x82, 0xb0, 0x00, 0xaf, 0x78, 0x60,
  0x7b, 0x68, 0x1b, 0x68, 0x0e, 0x4a, 0x93, 0x42, 0x15, 0xd1, 0x0e, 0x4b,
  0xd3, 0xf8, 0x9c, 0x30, 0x0c, 0x4a, 0x23, 0xf4, 0x00, 0x13, 0xc2, 0xf8,
  0x9c, 0x30, 0x40, 0x21, 0x0a, 0x48, 0x01, 0xf0, 0xf5, 0xfd, 0x80, 0x21,
  0x08, 0x48, 0x01, 0xf0, 0xf1, 0xfd, 0x37, 0x20, 0x00, 0xf0, 0x54, 0xfb,
  0x38, 0x20, 0x00, 0xf0, 0x51, 0xfb, 0x00, 0xbf, 0x08, 0x37, 0xbd, 0x46,
  0x80, 0xbd, 0x00, 0xbf, 0x00, 0x54, 0x00, 0x40, 0x00, 0x0c, 0x03, 0x40,
  0x00, 0x04, 0x02, 0x42, 0x80, 0xb5, 0xa8, 0xb0, 0x00, 0xaf, 0x78, 0x60,
  0x07, 0xf1, 0x8c, 0x03, 0x00, 0x22, 0x1a, 0x60, 0x5a, 0x60, 0x9a, 0x60,
  0xda, 0x60, 0x1a, 0x61, 0x07, 0xf1, 0x14, 0x03, 0x78, 0x22, 0x00, 0x21,
  0x18, 0x46, 0x06, 0xf0, 0x97, 0xfa, 0x7b, 0x68, 0x1b, 0x68, 0x24, 0x4a,
  0x93, 0x42, 0x41, 0xd1, 0x01, 0x23, 0x7b, 0x61, 0x00, 0x23, 0xbb, 0x61,
  0x07, 0xf1, 0x14, 0x03, 0x18, 0x46, 0x04, 0xf0, 0x5b, 0xfe, 0x03, 0x46,
  0x00, 0x2b, 0x01, 0xd0, 0xff, 0xf7, 0x0e, 0xfe, 0x1c, 0x4b, 0xd3, 0xf8,
  0xa4, 0x30, 0x1b, 0x4a, 0x43, 0xf4, 0x80, 0x43, 0xc2, 0xf8, 0xa4, 0x30,
  0x18, 0x4b, 0xd3, 0xf8, 0xa4, 0x30, 0x03, 0xf4, 0x80, 0x43, 0x3b, 0x61,
  0x3b, 0x69, 0x15, 0x4b, 0xd3, 0xf8, 0x8c, 0x30, 0x13, 0x4a, 0x43, 0xf0,
  0x01, 0x03, 0xc2, 0xf8, 0x8c, 0x30, 0x11, 0x4b, 0xd3, 0xf8, 0x8c, 0x30,
  0x03, 0xf0, 0x01, 0x03, 0xfb, 0x60, 0xfb, 0x68, 0x4f, 0xf4, 0xc0, 0x63,
  0xc7, 0xf8, 0x8c, 0x30, 0x02, 0x23, 0xc7, 0xf8, 0x90, 0x30, 0x00, 0x23,
  0xc7, 0xf8, 0x94, 0x30, 0x00, 0x23, 0xc7, 0xf8, 0x98, 0x30, 0x07, 0x23,
  0xc7, 0xf8, 0x9c, 0x30, 0x07, 0xf1, 0x8c, 0x03, 0x19, 0x46, 0x05, 0x48,
  0x01, 0xf0, 0xfc, 0xfb, 0x00, 0xbf, 0xa0, 0x37, 0xbd, 0x46, 0x80, 0xbd,
  0x00, 0x38, 0x01, 0x40, 0x00, 0x0c, 0x03, 0x40, 0x00, 0x00, 0x02, 0x42,
  0x80, 0xb4, 0x00, 0xaf, 0x00, 0xbf, 0xfd, 0xe7, 0x80, 0xb4, 0x00, 0xaf,
  0x00, 0xbf, 0xfd, 0xe7, 0x80, 0xb4, 0x00, 0xaf, 0x00, 0xbf, 0xfd, 0xe7,
  0x80, 0xb4, 0x00, 0xaf, 0x00, 0xbf, 0xfd, 0xe7, 0x80, 0xb4, 0x00, 0xaf,
  0x00, 0xbf, 0xfd, 0xe7, 0x80, 0xb4, 0x00, 0xaf, 0x00, 0xbf, 0xbd, 0x46,
  0x5d, 0xf8, 0x04, 0x7b, 0x70, 0x47, 0x80, 0xb4, 0x00, 0xaf, 0x00, 0xbf,
  0xbd, 0x46, 0x5d, 0xf8, 0x04, 0x7b, 0x70, 0x47, 0x80, 0xb4, 0x00, 0xaf,
  0x00, 0xbf, 0xbd, 0x46, 0x5d, 0xf8, 0x04, 0x7b, 0x70, 0x47, 0x80, 0xb5,
  0x00, 0xaf, 0x00, 0xf0, 0x6d, 0xf9, 0x00, 0xbf, 0x80, 0xbd, 0x00, 0x00,
  0x80, 0xb5, 0x00, 0xaf, 0x02, 0x48, 0x00, 0xf0, 0xbe, 0xfb, 0x00, 0xbf,
  0x80, 0xbd, 0x00, 0xbf, 0x0c, 0x01, 0x00, 0x20, 0x80, 0xb5, 0x00, 0xaf,
  0x02, 0x48, 0x02, 0xf0, 0x91, 0xf8, 0x00, 0xbf, 0x80, 0xbd, 0x00, 0xbf,
  0x84, 0x01, 0x00, 0x20, 0x80, 0xb5, 0x00, 0xaf, 0x02, 0x48, 0x02, 0xf0,
  0xa1, 0xf8, 0x00, 0xbf, 0x80, 0xbd, 0x00, 0xbf, 0x84, 0x01, 0x00, 0x20,
  0x80, 0xb5, 0x00, 0xaf, 0x02, 0x48, 0x03, 0xf0, 0xd5, 0xfd, 0x00, 0xbf,
  0x80, 0xbd, 0x00, 0xbf, 0x28, 0x00, 0x00, 0x20, 0x80, 0xb4, 0x00, 0xaf,
  0x06, 0x4b, 0xd3, 0xf8, 0x88, 0x30, 0x05, 0x4a, 0x43, 0xf4, 0x70, 0x03,
  0xc2, 0xf8, 0x88, 0x30, 0x00, 0xbf, 0xbd, 0x46, 0x5d, 0xf8, 0x04, 0x7b,
  0x70, 0x47, 0x00, 0xbf, 0x00, 0xed, 0x00, 0xe0, 0x80, 0xb4, 0x83, 0xb0,
  0x00, 0xaf, 0x2c, 0x4b, 0xdb, 0x69, 0x03, 0xf0, 0x0c, 0x03, 0x08, 0x2b,
  0x34, 0xd0, 0x08, 0x2b, 0x36, 0xd8, 0x00, 0x2b, 0x02, 0xd0, 0x04, 0x2b,
  0x2a, 0xd0, 0x31, 0xe0, 0x25, 0x4b, 0x9b, 0x68, 0x3b, 0x60, 0x3b, 0x68,
  0x03, 0xf4, 0x00, 0x03, 0x00, 0x2b, 0x0f, 0xd0, 0x3b, 0x68, 0x00, 0x2b,
  0x03, 0xda, 0x21, 0x4b, 0x21, 0x4a, 0x1a, 0x60, 0x02, 0xe0, 0x1f, 0x4b,
  0x20, 0x4a, 0x1a, 0x60, 0x3b, 0x68, 0x5b, 0x0f, 0x03, 0xf0, 0x03, 0x03,
  0x7b, 0x60, 0x09, 0xe0, 0x1a, 0x4b, 0x1b, 0x4a, 0x1a, 0x60, 0x18, 0x4b,
  0xd3, 0xf8, 0x14, 0x31, 0x1b, 0x0b, 0x03, 0xf0, 0x03, 0x03, 0x7b, 0x60,
  0x15, 0x4b, 0x1a, 0x68, 0x7b, 0x68, 0x22, 0xfa, 0x03, 0xf3, 0x13, 0x4a,
  0x13, 0x60, 0x0c, 0xe0, 0x11, 0x4b, 0x14, 0x4a, 0x1a, 0x60, 0x08, 0xe0,
  0x0f, 0x4b, 0x12, 0x4a, 0x1a, 0x60, 0x04, 0xe0, 0x0d, 0x4b, 0x4f, 0xf0,
  0xff, 0x32, 0x1a, 0x60, 0x00, 0xbf, 0x0a, 0x4b, 0x1b, 0x6a, 0x03, 0xf0,
  0x0f, 0x03, 0x0d, 0x4a, 0xd3, 0x5c, 0x3b, 0x60, 0x07, 0x4b, 0x1a, 0x68,
  0x3b, 0x68, 0x22, 0xfa, 0x03, 0xf3, 0x05, 0x4a, 0x13, 0x60, 0x00, 0xbf,
  0x0c, 0x37, 0xbd, 0x46, 0x5d, 0xf8, 0x04, 0x7b, 0x70, 0x47, 0x00, 0xbf,
  0x00, 0x0c, 0x03, 0x40, 0x00, 0x00, 0x00, 0x20, 0x00, 0x36, 0x6e, 0x01,
  0x00, 0xd8, 0xb8, 0x05, 0x00, 0x24, 0xf4, 0x00, 0x48, 0x79, 0x00, 0x08,
  0xdf, 0xf8, 0x34, 0xd0, 0xff, 0xf7, 0x82, 0xff, 0x00, 0x21, 0x03, 0xe0,
  0x0b, 0x4b, 0x5b, 0x58, 0x43, 0x50, 0x04, 0x31, 0x0a, 0x48, 0x0b, 0x4b,
  0x42, 0x18, 0x9a, 0x42, 0xf6, 0xd3, 0x0a, 0x4a, 0x02, 0xe0, 0x00, 0x23,
  0x42, 0xf8, 0x04, 0x3b, 0x08, 0x4b, 0x9a, 0x42, 0xf9, 0xd3, 0x06, 0xf0,
  0x63, 0xf9, 0xff, 0xf7, 0xcf, 0xf8, 0xfe, 0xe7, 0x00, 0x00, 0x03, 0x20,
  0x98, 0x79, 0x00, 0x08, 0x00, 0x00, 0x00, 0x20, 0x0c, 0x00, 0x00, 0x20,
  0x0c, 0x00, 0x00, 0x20, 0xd4, 0x03, 0x00, 0x20, 0xfe, 0xe7, 0x00, 0x00,
  0x80, 0xb5, 0x00, 0xaf, 0x0d, 0x4b, 0x1b, 0x68, 0x0c, 0x4a, 0x43, 0xf4,
  0x80, 0x73, 0x13, 0x60, 0x03, 0x20, 0x00, 0xf0, 0xa8, 0xf9, 0xff, 0xf7,
  0x61, 0xff, 0x04, 0x20, 0x00, 0xf0, 0x06, 0xfa, 0x0f, 0x20, 0x00, 0xf0,
  0x0d, 0xf8, 0x03, 0x46, 0x00, 0x2b, 0x01, 0xd0, 0x01, 0x23, 0x02, 0xe0,
  0xff, 0xf7, 0xbe, 0xfc, 0x00, 0x23, 0x18, 0x46, 0x80, 0xbd, 0x00, 0xbf,
  0x00, 0x20, 0x02, 0x40, 0x80, 0xb5, 0x84, 0xb0, 0x00, 0xaf, 0x78, 0x60,
  0x00, 0x23, 0xfb, 0x60, 0x36, 0x4b, 0x1b, 0x78, 0x00, 0x2b, 0x01, 0xd1,
  0x01, 0x23, 0x62, 0xe0, 0x34, 0x4b, 0x1b, 0x68, 0x03, 0xf0, 0x04, 0x03,
  0x04, 0x2b, 0x0c, 0xd1, 0x32, 0x4b, 0x1a, 0x68, 0x2f, 0x4b, 0x1b, 0x78,
  0x19, 0x46, 0x4f, 0xf4, 0x7a, 0x73, 0xb3, 0xfb, 0xf1, 0xf3, 0xb2, 0xfb,
  0xf3, 0xf3, 0xfb, 0x60, 0x3d, 0xe0, 0x2d, 0x4b, 0xd3, 0xf8, 0x00, 0x31,
  0x03, 0xf4, 0x40, 0x03, 0xbb, 0x60, 0xbb, 0x68, 0xb3, 0xf5, 0x00, 0x0f,
  0x25, 0xd0, 0xbb, 0x68, 0xb3, 0xf5, 0x00, 0x0f, 0x2e, 0xd8, 0xbb, 0x68,
  0x00, 0x2b, 0x04, 0xd0, 0xbb, 0x68, 0xb3, 0xf5, 0x80, 0x0f, 0x0d, 0xd0,
  0x26, 0xe0, 0x21, 0x4b, 0x1a, 0x68, 0x1e, 0x4b, 0x1b, 0x78, 0x19, 0x46,
  0x4f, 0xf4, 0xfa, 0x53, 0xb3, 0xfb, 0xf1, 0xf3, 0xb2, 0xfb, 0xf3, 0xf3,
  0xfb, 0x60, 0x1a, 0xe0, 0x18, 0x4b, 0x1b, 0x78, 0x1a, 0x46, 0x4f, 0xf4,
  0x7a, 0x73, 0xb3, 0xfb, 0xf2, 0xf3, 0x4f, 0xf4, 0xfa, 0x42, 0xb2, 0xfb,
  0xf3, 0xf3, 0xfb, 0x60, 0x0d, 0xe0, 0x12, 0x4b, 0x1b, 0x78, 0x1a, 0x46,
  0x4f, 0xf4, 0x7a, 0x73, 0xb3, 0xfb, 0xf2, 0xf3, 0x4f, 0xf4, 0x00, 0x42,
  0xb2, 0xfb, 0xf3, 0xf3, 0xfb, 0x60, 0x00, 0xe0, 0x00, 0xbf, 0xf8, 0x68,
  0x00, 0xf0, 0x74, 0xf9, 0x03, 0x46, 0x00, 0x2b, 0x01, 0xd0, 0x01, 0x23,
  0x09, 0xe0, 0x00, 0x22, 0x79, 0x68, 0x4f, 0xf0, 0xff, 0x30, 0x00, 0xf0,
  0x33, 0xf9, 0x08, 0x4a, 0x7b, 0x68, 0x13, 0x60, 0x00, 0x23, 0x18, 0x46,
  0x10, 0x37, 0xbd, 0x46, 0x80, 0xbd, 0x00, 0xbf, 0x08, 0x00, 0x00, 0x20,
  0x10, 0xe0, 0x00, 0xe0, 0x00, 0x00, 0x00, 0x20, 0x00, 0x0c, 0x03, 0x40,
  0x04, 0x00, 0x00, 0x20, 0x80, 0xb4, 0x00, 0xaf, 0x06, 0x4b, 0x1b, 0x78,
  0x1a, 0x46, 0x06, 0x4b, 0x1b, 0x68, 0x13, 0x44, 0x04, 0x4a, 0x13, 0x60,
  0x00, 0xbf, 0xbd, 0x46, 0x5d, 0xf8, 0x04, 0x7b, 0x70, 0x47, 0x00, 0xbf,
  0x08, 0x00, 0x00, 0x20, 0xcc, 0x03, 0x00, 0x20, 0x80, 0xb4, 0x00, 0xaf,
  0x03, 0x4b, 0x1b, 0x68, 0x18, 0x46, 0xbd, 0x46, 0x5d, 0xf8, 0x04, 0x7b,
  0x70, 0x47, 0x00, 0xbf, 0xcc, 0x03, 0x00, 0x20, 0x80, 0xb5, 0x84, 0xb0,
  0x00, 0xaf, 0x78, 0x60, 0xff, 0xf7, 0xee, 0xff, 0xb8, 0x60, 0x7b, 0x68,
  0xfb, 0x60, 0xfb, 0x68, 0xb3, 0xf1, 0xff, 0x3f, 0x05, 0xd0, 0x0a, 0x4b,
  0x1b, 0x78, 0x1a, 0x46, 0xfb, 0x68, 0x13, 0x44, 0xfb, 0x60, 0x00, 0xbf,
  0xff, 0xf7, 0xde, 0xff, 0x02, 0x46, 0xbb, 0x68, 0xd3, 0x1a, 0xfa, 0x68,
  0x9a, 0x42, 0xf7, 0xd8, 0x00, 0xbf, 0x00, 0xbf, 0x10, 0x37, 0xbd, 0x46,
  0x80, 0xbd, 0x00, 0xbf, 0x08, 0x00, 0x00, 0x20, 0x80, 0xb4, 0x85, 0xb0,
  0x00, 0xaf, 0x78, 0x60, 0x7b, 0x68, 0x03, 0xf0, 0x07, 0x03, 0xfb, 0x60,
  0x0c, 0x4b, 0xdb, 0x68, 0xbb, 0x60, 0xba, 0x68, 0x4f, 0xf6, 0xff, 0x03,
  0x13, 0x40, 0xbb, 0x60, 0xfb, 0x68, 0x1a, 0x02, 0xbb, 0x68, 0x13, 0x43,
  0x43, 0xf0, 0xbf, 0x63, 0x43, 0xf4, 0x00, 0x33, 0xbb, 0x60, 0x04, 0x4a,
  0xbb, 0x68, 0xd3, 0x60, 0x00, 0xbf, 0x14, 0x37, 0xbd, 0x46, 0x5d, 0xf8,
  0x04, 0x7b, 0x70, 0x47, 0x00, 0xed, 0x00, 0xe0, 0x80, 0xb4, 0x00, 0xaf,
  0x04, 0x4b, 0xdb, 0x68, 0x1b, 0x0a, 0x03, 0xf0, 0x07, 0x03, 0x18, 0x46,
  0xbd, 0x46, 0x5d, 0xf8, 0x04, 0x7b, 0x70, 0x47, 0x00, 0xed, 0x00, 0xe0,
  0x80, 0xb4, 0x83, 0xb0, 0x00, 0xaf, 0x03, 0x46, 0xfb, 0x71, 0x97, 0xf9,
  0x07, 0x30, 0x00, 0x2b, 0x0b, 0xdb, 0xfb, 0x79, 0x03, 0xf0, 0x1f, 0x02,
  0x07, 0x49, 0x97, 0xf9, 0x07, 0x30, 0x5b, 0x09, 0x01, 0x20, 0x00, 0xfa,
  0x02, 0xf2, 0x41, 0xf8, 0x23, 0x20, 0x00, 0xbf, 0x0c, 0x37, 0xbd, 0x46,
  0x5d, 0xf8, 0x04, 0x7b, 0x70, 0x47, 0x00, 0xbf, 0x00, 0xe1, 0x00, 0xe0,
  0x80, 0xb4, 0x83, 0xb0, 0x00, 0xaf, 0x03, 0x46, 0xfb, 0x71, 0x97, 0xf9,
  0x07, 0x30, 0x00, 0x2b, 0x12, 0xdb, 0xfb, 0x79, 0x03, 0xf0, 0x1f, 0x02,
  0x0a, 0x49, 0x97, 0xf9, 0x07, 0x30, 0x5b, 0x09, 0x01, 0x20, 0x00, 0xfa,
  0x02, 0xf2, 0x20, 0x33, 0x41, 0xf8, 0x23, 0x20, 0xbf, 0xf3, 0x4f, 0x8f,
  0x00, 0xbf, 0xbf, 0xf3, 0x6f, 0x8f, 0x00, 0xbf, 0x00, 0xbf, 0x0c, 0x37,
  0xbd, 0x46, 0x5d, 0xf8, 0x04, 0x7b, 0x70, 0x47, 0x00, 0xe1, 0x00, 0xe0,
  0x80, 0xb4, 0x83, 0xb0, 0x00, 0xaf, 0x03, 0x46, 0x39, 0x60, 0xfb, 0x71,
  0x97, 0xf9, 0x07, 0x30, 0x00, 0x2b, 0x0a, 0xdb, 0x3b, 0x68, 0xda, 0xb2,
  0x0c, 0x49, 0x97, 0xf9, 0x07, 0x30, 0x12, 0x01, 0xd2, 0xb2, 0x0b, 0x44,
  0x83, 0xf8, 0x00, 0x23, 0x0a, 0xe0, 0x3b, 0x68, 0xda, 0xb2, 0x08, 0x49,
  0xfb, 0x79, 0x03, 0xf0, 0x0f, 0x03, 0x04, 0x3b, 0x12, 0x01, 0xd2, 0xb2,
  0x0b, 0x44, 0x1a, 0x76, 0x00, 0xbf, 0x0c, 0x37, 0xbd, 0x46, 0x5d, 0xf8,
  0x04, 0x7b, 0x70, 0x47, 0x00, 0xe1, 0x00, 0xe0, 0x00, 0xed, 0x00, 0xe0,
  0x80, 0xb4, 0x89, 0xb0, 0x00, 0xaf, 0xf8, 0x60, 0xb9, 0x60, 0x7a, 0x60,
  0xfb, 0x68, 0x03, 0xf0, 0x07, 0x03, 0xfb, 0x61, 0xfb, 0x69, 0xc3, 0xf1,
  0x07, 0x03, 0x04, 0x2b, 0x28, 0xbf, 0x04, 0x23, 0xbb, 0x61, 0xfb, 0x69,
  0x04, 0x33, 0x06, 0x2b, 0x02, 0xd9, 0xfb, 0x69, 0x03, 0x3b, 0x00, 0xe0,
  0x00, 0x23, 0x7b, 0x61, 0x4f, 0xf0, 0xff, 0x32, 0xbb, 0x69, 0x02, 0xfa,
  0x03, 0xf3, 0xda, 0x43, 0xbb, 0x68, 0x1a, 0x40, 0x7b, 0x69, 0x9a, 0x40,
  0x4f, 0xf0, 0xff, 0x31, 0x7b, 0x69, 0x01, 0xfa, 0x03, 0xf3, 0xd9, 0x43,
  0x7b, 0x68, 0x0b, 0x40, 0x13, 0x43, 0x18, 0x46, 0x24, 0x37, 0xbd, 0x46,
  0x5d, 0xf8, 0x04, 0x7b, 0x70, 0x47, 0x80, 0xb5, 0x82, 0xb0, 0x00, 0xaf,
  0x78, 0x60, 0x78, 0x68, 0xff, 0xf7, 0x28, 0xff, 0x00, 0xbf, 0x08, 0x37,
  0xbd, 0x46, 0x80, 0xbd, 0x80, 0xb5, 0x86, 0xb0, 0x00, 0xaf, 0x03, 0x46,
  0xb9, 0x60, 0x7a, 0x60, 0xfb, 0x73, 0xff, 0xf7, 0x3f, 0xff, 0x78, 0x61,
  0x7a, 0x68, 0xb9, 0x68, 0x78, 0x69, 0xff, 0xf7, 0xb3, 0xff, 0x02, 0x46,
  0x97, 0xf9, 0x0f, 0x30, 0x11, 0x46, 0x18, 0x46, 0xff, 0xf7, 0x82, 0xff,
  0x00, 0xbf, 0x18, 0x37, 0xbd, 0x46, 0x80, 0xbd, 0x80, 0xb5, 0x82, 0xb0,
  0x00, 0xaf, 0x03, 0x46, 0xfb, 0x71, 0x97, 0xf9, 0x07, 0x30, 0x18, 0x46,
  0xff, 0xf7, 0x32, 0xff, 0x00, 0xbf, 0x08, 0x37, 0xbd, 0x46, 0x80, 0xbd,
  0x80, 0xb5, 0x82, 0xb0, 0x00, 0xaf, 0x03, 0x46, 0xfb, 0x71, 0x97, 0xf9,
  0x07, 0x30, 0x18, 0x46, 0xff, 0xf7, 0x42, 0xff, 0x00, 0xbf, 0x08, 0x37,
  0xbd, 0x46, 0x80, 0xbd, 0x80, 0xb4, 0x83, 0xb0, 0x00, 0xaf, 0x78, 0x60,
  0x7b, 0x68, 0x01, 0x3b, 0xb3, 0xf1, 0x80, 0x7f, 0x01, 0xd3, 0x01, 0x23,
  0x0d, 0xe0, 0x0a, 0x4a, 0x7b, 0x68, 0x01, 0x3b, 0x53, 0x60, 0x08, 0x4b,
  0x00, 0x22, 0x9a, 0x60, 0x06, 0x4b, 0x1b, 0x68, 0x05, 0x4a, 0x43, 0xf0,
  0x03, 0x03, 0x13, 0x60, 0x00, 0x23, 0x18, 0x46, 0x0c, 0x37, 0xbd, 0x46,
  0x5d, 0xf8, 0x04, 0x7b, 0x70, 0x47, 0x00, 0xbf, 0x10, 0xe0, 0x00, 0xe0,
  0x80, 0xb4, 0x83, 0xb0, 0x00, 0xaf, 0x78, 0x60, 0x7b, 0x68, 0x04, 0x2b,
  0x44, 0xd8, 0x01, 0xa2, 0x52, 0xf8, 0x23, 0xf0, 0x03, 0x19, 0x00, 0x08,
  0x21, 0x19, 0x00, 0x08, 0x43, 0x19, 0x00, 0x08, 0x65, 0x19, 0x00, 0x08,
  0xf5, 0x18, 0x00, 0x08, 0x1f, 0x4b, 0x1b, 0x68, 0x1e, 0x4a, 0x43, 0xf0,
  0x04, 0x03, 0x13, 0x60, 0x31, 0xe0, 0x1c, 0x4b, 0x1b, 0x68, 0x1b, 0x4a,
  0x23, 0xf0, 0x04, 0x03, 0x13, 0x60, 0x1a, 0x4b, 0xd3, 0xf8, 0x00, 0x31,
  0x18, 0x4a, 0x23, 0xf4, 0x40, 0x03, 0xc2, 0xf8, 0x00, 0x31, 0x22, 0xe0,
  0x14, 0x4b, 0x1b, 0x68, 0x13, 0x4a, 0x23, 0xf0, 0x04, 0x03, 0x13, 0x60,
  0x12, 0x4b, 0xd3, 0xf8, 0x00, 0x31, 0x23, 0xf4, 0x40, 0x03, 0x10, 0x4a,
  0x43, 0xf4, 0x80, 0x03, 0xc2, 0xf8, 0x00, 0x31, 0x11, 0xe0, 0x0c, 0x4b,
  0x1b, 0x68, 0x0b, 0x4a, 0x23, 0xf0, 0x04, 0x03, 0x13, 0x60, 0x0a, 0x4b,
  0xd3, 0xf8, 0x00, 0x31, 0x23, 0xf4, 0x40, 0x03, 0x07, 0x4a, 0x43, 0xf4,
  0x00, 0x03, 0xc2, 0xf8, 0x00, 0x31, 0x00, 0xe0, 0x00, 0xbf, 0x00, 0xbf,
  0x0c, 0x37, 0xbd, 0x46, 0x5d, 0xf8, 0x04, 0x7b, 0x70, 0x47, 0x00, 0xbf,
  0x10, 0xe0, 0x00, 0xe0, 0x00, 0x0c, 0x03, 0x40, 0x80, 0xb5, 0x84, 0xb0,
  0x00, 0xaf, 0xf8, 0x60, 0xb9, 0x60, 0x7a, 0x60, 0x3b, 0x60, 0xfb, 0x68,
  0x00, 0x2b, 0x01, 0xd1, 0x01, 0x23, 0x4f, 0xe0, 0xfb, 0x68, 0x93, 0xf8,
  0x4c, 0x30, 0x01, 0x2b, 0x01, 0xd1, 0x02, 0x23, 0x48, 0xe0, 0xfb, 0x68,
  0x01, 0x22, 0x83, 0xf8, 0x4c, 0x20, 0xfb, 0x68, 0x93, 0xf8, 0x54, 0x30,
  0xdb, 0xb2, 0x01, 0x2b, 0x36, 0xd1, 0xfb, 0x68, 0x02, 0x22, 0x83, 0xf8,
  0x54, 0x20, 0xfb, 0x68, 0x00, 0x22, 0x9a, 0x65, 0x3b, 0x68, 0x7a, 0x68,
  0xb9, 0x68, 0xf8, 0x68, 0x00, 0xf0, 0x0a, 0xfa, 0xfb, 0x68, 0x1b, 0x68,
  0x5a, 0x69, 0xfb, 0x68, 0x1b, 0x68, 0x42, 0xf4, 0xba, 0x42, 0x5a, 0x61,
  0xfb, 0x68, 0x5b, 0x6e, 0x00, 0x2b, 0x07, 0xd0, 0xfb, 0x68, 0x1b, 0x68,
  0x5a, 0x69, 0xfb, 0x68, 0x1b, 0x68, 0x42, 0xf4, 0x00, 0x72, 0x5a, 0x61,
  0xfb, 0x68, 0x1b, 0x6f, 0x00, 0x2b, 0x07, 0xd0, 0xfb, 0x68, 0x1b, 0x68,
  0x5a, 0x69, 0xfb, 0x68, 0x1b, 0x68, 0x42, 0xf4, 0x00, 0x52, 0x5a, 0x61,
  0xfb, 0x68, 0x1b, 0x68, 0x5a, 0x69, 0xfb, 0x68, 0x1b, 0x68, 0x42, 0xf0,
  0x01, 0x02, 0x5a, 0x61, 0x00, 0x23, 0x07, 0xe0, 0xfb, 0x68, 0x40, 0x22,
  0x9a, 0x65, 0xfb, 0x68, 0x00, 0x22, 0x83, 0xf8, 0x4c, 0x20, 0x01, 0x23,
  0x18, 0x46, 0x10, 0x37, 0xbd, 0x46, 0x80, 0xbd, 0x80, 0xb4, 0x83, 0xb0,
  0x00, 0xaf, 0x78, 0x60, 0x7b, 0x68, 0x00, 0x2b, 0x01, 0xd1, 0x01, 0x23,
  0x19, 0xe0, 0x7b, 0x68, 0x93, 0xf8, 0x54, 0x30, 0xdb, 0xb2, 0x02, 0x2b,
  0x04, 0xd0, 0x7b, 0x68, 0x20, 0x22, 0x9a, 0x65, 0x01, 0x23, 0x0e, 0xe0,
  0x7b, 0x68, 0x04, 0x22, 0x83, 0xf8, 0x54, 0x20, 0x7b, 0x68, 0x1b, 0x68,
  0x5b, 0x69, 0x7a, 0x68, 0x12, 0x68, 0x43, 0xf4, 0x00, 0x53, 0x43, 0xf0,
  0x04, 0x03, 0x53, 0x61, 0x00, 0x23, 0x18, 0x46, 0x0c, 0x37, 0xbd, 0x46,
  0x5d, 0xf8, 0x04, 0x7b, 0x70, 0x47, 0x80, 0xb5, 0x86, 0xb0, 0x00, 0xaf,
  0x78, 0x60, 0x7b, 0x68, 0x1b, 0x68, 0x23, 0xf4, 0x7f, 0x63, 0x23, 0xf0,
  0x0f, 0x03, 0x7b, 0x61, 0x7b, 0x68, 0x1b, 0x68, 0xc3, 0xf3, 0x0b, 0x03,
  0x50, 0x3b, 0xdb, 0x09, 0x03, 0xf0, 0x1f, 0x03, 0x01, 0x22, 0x02, 0xfa,
  0x03, 0xf3, 0x3b, 0x61, 0x7b, 0x69, 0xdb, 0x68, 0x3a, 0x69, 0x13, 0x40,
  0xfb, 0x60, 0xfb, 0x68, 0x00, 0x2b, 0x00, 0xf0, 0x3b, 0x81, 0x7b, 0x68,
  0x1b, 0x68, 0x1b, 0x69, 0x03, 0xf4, 0x80, 0x63, 0x00, 0x2b, 0x11, 0xd0,
  0x7b, 0x68, 0x1b, 0x68, 0x5b, 0x69, 0x03, 0xf4, 0x80, 0x63, 0x00, 0x2b,
  0x0a, 0xd0, 0x7b, 0x68, 0x1b, 0x68, 0x4f, 0xf4, 0x80, 0x62, 0xda, 0x60,
  0x7b, 0x68, 0x9b, 0x6d, 0x43, 0xf0, 0x01, 0x02, 0x7b, 0x68, 0x9a, 0x65,
  0x7b, 0x68, 0x1b, 0x68, 0x1b, 0x69, 0x03, 0xf4, 0x00, 0x63, 0x00, 0x2b,
  0x11, 0xd0, 0x7b, 0x68, 0x1b, 0x68, 0x5b, 0x69, 0x03, 0xf4, 0x00, 0x63,
  0x00, 0x2b, 0x0a, 0xd0, 0x7b, 0x68, 0x1b, 0x68, 0x4f, 0xf4, 0x00, 0x62,
  0xda, 0x60, 0x7b, 0x68, 0x9b, 0x6d, 0x43, 0xf0, 0x02, 0x02, 0x7b, 0x68,
  0x9a, 0x65, 0x7b, 0x68, 0x1b, 0x68, 0x1b, 0x69, 0x03, 0xf4, 0x80, 0x53,
  0x00, 0x2b, 0x11, 0xd0, 0x7b, 0x68, 0x1b, 0x68, 0x5b, 0x69, 0x03, 0xf4,
  0x80, 0x53, 0x00, 0x2b, 0x0a, 0xd0, 0x7b, 0x68, 0x1b, 0x68, 0x4f, 0xf4,
  0x80, 0x52, 0xda, 0x60, 0x7b, 0x68, 0x9b, 0x6d, 0x43, 0xf0, 0x04, 0x02,
  0x7b, 0x68, 0x9a, 0x65, 0x7b, 0x68, 0x1b, 0x68, 0x1b, 0x69, 0x03, 0xf4,
  0x80, 0x43, 0x00, 0x2b, 0x11, 0xd0, 0x7b, 0x68, 0x1b, 0x68, 0x5b, 0x69,
  0x03, 0xf4, 0x80, 0x43, 0x00, 0x2b, 0x0a, 0xd0, 0x7b, 0x68, 0x1b, 0x68,
  0x4f, 0xf4, 0x80, 0x42, 0xda, 0x60, 0x7b, 0x68, 0x9b, 0x6d, 0x43, 0xf0,
  0x08, 0x02, 0x7b, 0x68, 0x9a, 0x65, 0x7b, 0x68, 0x1b, 0x68, 0x1b, 0x69,
  0x03, 0xf4, 0x00, 0x73, 0x00, 0x2b, 0x13, 0xd0, 0x7b, 0x68, 0x1b, 0x68,
  0x5b, 0x69, 0x03, 0xf4, 0x00, 0x73, 0x00, 0x2b, 0x0c, 0xd0, 0x7b, 0x68,
  0x1b, 0x68, 0x4f, 0xf4, 0x00, 0x72, 0xda, 0x60, 0x7b, 0x68, 0x5b, 0x6e,
  0x00, 0x2b, 0x03, 0xd0, 0x7b, 0x68, 0x5b, 0x6e, 0x78, 0x68, 0x98, 0x47,
  0x7b, 0x68, 0x1b, 0x68, 0x1b, 0x69, 0x03, 0xf4, 0x00, 0x53, 0x00, 0x2b,
  0x4c, 0xd0, 0x7b, 0x68, 0x1b, 0x68, 0x5b, 0x69, 0x03, 0xf4, 0x00, 0x53,
  0x00, 0x2b, 0x45, 0xd0, 0x7b, 0x68, 0x1b, 0x68, 0x4f, 0xf4, 0x00, 0x52,
  0xda, 0x60, 0x7b, 0x68, 0x93, 0xf8, 0x54, 0x30, 0xdb, 0xb2, 0x04, 0x2b,
  0x2e, 0xd1, 0x7b, 0x68, 0x1b, 0x68, 0x5a, 0x69, 0x7b, 0x68, 0x1b, 0x68,
  0x22, 0xf4, 0x00, 0x52, 0x5a, 0x61, 0x7b, 0x68, 0x1b, 0x68, 0x5a, 0x69,
  0x7b, 0x68, 0x1b, 0x68, 0x42, 0xf0, 0x02, 0x02, 0x5a, 0x61, 0x7b, 0x68,
  0x01, 0x22, 0x83, 0xf8, 0x54, 0x20, 0x7b, 0x68, 0x1b, 0x6d, 0x03, 0xf0,
  0x80, 0x03, 0x00, 0x2b, 0x07, 0xd0, 0x7b, 0x68, 0x5b, 0x6f, 0x01, 0x22,
  0x1a, 0x73, 0x7b, 0x68, 0x1b, 0x68, 0x00, 0x22, 0x9a, 0x64, 0x7b, 0x68,
  0x00, 0x22, 0x83, 0xf8, 0x4c, 0x20, 0x7b, 0x68, 0xdb, 0x6e, 0x00, 0x2b,
  0x7a, 0xd0, 0x7b, 0x68, 0xdb, 0x6e, 0x78, 0x68, 0x98, 0x47, 0x75, 0xe0,
  0x7b, 0x68, 0x05, 0x22, 0x83, 0xf8, 0x54, 0x20, 0x7b, 0x68, 0x1b, 0x6f,
  0x00, 0x2b, 0x03, 0xd0, 0x7b, 0x68, 0x1b, 0x6f, 0x78, 0x68, 0x98, 0x47,
  0x7b, 0x68, 0x1b, 0x68, 0x1b, 0x69, 0x03, 0xf4, 0x80, 0x73, 0x00, 0x2b,
  0x39, 0xd0, 0x7b, 0x68, 0x1b, 0x68, 0x5b, 0x69, 0x03, 0xf4, 0x80, 0x73,
  0x00, 0x2b, 0x32, 0xd0, 0x7b, 0x68, 0x1b, 0x6d, 0x03, 0xf0, 0x80, 0x03,
  0x00, 0x2b, 0x12, 0xd0, 0x7b, 0x68, 0x1b, 0x68, 0xdb, 0x6f, 0x00, 0x2b,
  0x16, 0xd1, 0x7b, 0x68, 0x1b, 0x68, 0x9b, 0x6c, 0x00, 0x2b, 0x11, 0xd1,
  0x7b, 0x68, 0x01, 0x22, 0x83, 0xf8, 0x54, 0x20, 0x7b, 0x68, 0x5b, 0x6f,
  0x01, 0x22, 0x1a, 0x73, 0x08, 0xe0, 0x7b, 0x68, 0x1b, 0x68, 0x9b, 0x6c,
  0x00, 0x2b, 0x03, 0xd1, 0x7b, 0x68, 0x01, 0x22, 0x83, 0xf8, 0x54, 0x20,
  0x7b, 0x68, 0x1b, 0x68, 0x4f, 0xf4, 0x40, 0x72, 0xda, 0x60, 0x7b, 0x68,
  0x00, 0x22, 0x83, 0xf8, 0x4c, 0x20, 0x7b, 0x68, 0x1b, 0x6e, 0x00, 0x2b,
  0x03, 0xd0, 0x7b, 0x68, 0x1b, 0x6e, 0x78, 0x68, 0x98, 0x47, 0x7b, 0x68,
  0x9b, 0x6d, 0x00, 0x2b, 0x25, 0xd0, 0x7b, 0x68, 0x1b, 0x68, 0x5a, 0x69,
  0x7b, 0x68, 0x1b, 0x68, 0x42, 0xf0, 0x02, 0x02, 0x5a, 0x61, 0x7b, 0x68,
  0x01, 0x22, 0x83, 0xf8, 0x54, 0x20, 0x7b, 0x68, 0x1b, 0x6d, 0x03, 0xf0,
  0x80, 0x03, 0x00, 0x2b, 0x03, 0xd0, 0x7b, 0x68, 0x5b, 0x6f, 0x01, 0x22,
  0x1a, 0x73, 0x7b, 0x68, 0x00, 0x22, 0x83, 0xf8, 0x4c, 0x20, 0x7b, 0x68,
  0x9b, 0x6e, 0x00, 0x2b, 0x07, 0xd0, 0x7b, 0x68, 0x9b, 0x6e, 0x78, 0x68,
  0x98, 0x47, 0x02, 0xe0, 0x00, 0xbf, 0x00, 0xe0, 0x00, 0xbf, 0x18, 0x37,
  0xbd, 0x46, 0x80, 0xbd, 0x80, 0xb4, 0x83, 0xb0, 0x00, 0xaf, 0x78, 0x60,
  0x7b, 0x68, 0x93, 0xf8, 0x54, 0x30, 0xdb, 0xb2, 0x18, 0x46, 0x0c, 0x37,
  0xbd, 0x46, 0x5d, 0xf8, 0x04, 0x7b, 0x70, 0x47, 0x80, 0xb4, 0x85, 0xb0,
  0x00, 0xaf, 0x78, 0x60, 0x39, 0x60, 0x7b, 0x68, 0x00, 0x2b, 0x01, 0xd1,
  0x01, 0x23, 0x2b, 0xe0, 0x7b, 0x68, 0x1b, 0x68, 0x23, 0xf4, 0x7f, 0x63,
  0x23, 0xf0, 0x0f, 0x03, 0xfb, 0x60, 0x7b, 0x68, 0x1b, 0x68, 0xc3, 0xf3,
  0x0b, 0x03, 0x50, 0x3b, 0xdb, 0x09, 0x03, 0xf0, 0x1f, 0x03, 0x01, 0x22,
  0x02, 0xfa, 0x03, 0xf3, 0xbb, 0x60, 0x3b, 0x68, 0x03, 0xf0, 0x10, 0x03,
  0x00, 0x2b, 0x12, 0xd0, 0x3b, 0x68, 0x03, 0xf0, 0x11, 0x03, 0x11, 0x2b,
  0x06, 0xd1, 0xfb, 0x68, 0x5a, 0x68, 0xbb, 0x68, 0x1a, 0x43, 0xfb, 0x68,
  0x5a, 0x60, 0x06, 0xe0, 0xfb, 0x68, 0x5a, 0x68, 0xbb, 0x68, 0xdb, 0x43,
  0x1a, 0x40, 0xfb, 0x68, 0x5a, 0x60, 0x00, 0x23, 0x18, 0x46, 0x14, 0x37,
  0xbd, 0x46, 0x5d, 0xf8, 0x04, 0x7b, 0x70, 0x47, 0x80, 0xb4, 0x85, 0xb0,
  0x00, 0xaf, 0xf8, 0x60, 0xb9, 0x60, 0x7a, 0x60, 0x3b, 0x60, 0xfb, 0x68,
  0x1b, 0x68, 0x9b, 0x6c, 0x1b, 0x0c, 0x1b, 0x04, 0x3a, 0x68, 0x91, 0xb2,
  0xfa, 0x68, 0x12, 0x68, 0x0b, 0x43, 0x93, 0x64, 0xfb, 0x68, 0x1b, 0x68,
  0x4f, 0xf4, 0xfe, 0x42, 0xda, 0x60, 0xfb, 0x68, 0x1b, 0x68, 0xba, 0x68,
  0xda, 0x64, 0xfb, 0x68, 0x1b, 0x68, 0x7a, 0x68, 0x1a, 0x65, 0x00, 0xbf,
  0x14, 0x37, 0xbd, 0x46, 0x5d, 0xf8, 0x04, 0x7b, 0x70, 0x47, 0x00, 0x00,
  0x80, 0xb5, 0x84, 0xb0, 0x00, 0xaf, 0x78, 0x60, 0xff, 0xf7, 0xe4, 0xfb,
  0xf8, 0x60, 0x7b, 0x68, 0x00, 0x2b, 0x01, 0xd1, 0x01, 0x23, 0x71, 0xe0,
  0x7b, 0x68, 0x1b, 0x68, 0x39, 0x4a, 0x93, 0x42, 0x35, 0xd0, 0x7b, 0x68,
  0x1b, 0x68, 0x38, 0x4a, 0x93, 0x42, 0x30, 0xd0, 0x7b, 0x68, 0x1b, 0x68,
  0x36, 0x4a, 0x93, 0x42, 0x2b, 0xd0, 0x7b, 0x68, 0x1b, 0x68, 0x35, 0x4a,
  0x93, 0x42, 0x26, 0xd0, 0x7b, 0x68, 0x1b, 0x68, 0x33, 0x4a, 0x93, 0x42,
  0x21, 0xd0, 0x7b, 0x68, 0x1b, 0x68, 0x32, 0x4a, 0x93, 0x42, 0x1c, 0xd0,
  0x7b, 0x68, 0x1b, 0x68, 0x30, 0x4a, 0x93, 0x42, 0x17, 0xd0, 0x7b, 0x68,
  0x1b, 0x68, 0x2f, 0x4a, 0x93, 0x42, 0x12, 0xd0, 0x7b, 0x68, 0x1b, 0x68,
  0x2d, 0x4a, 0x93, 0x42, 0x0d, 0xd0, 0x7b, 0x68, 0x1b, 0x68, 0x2c, 0x4a,
  0x93, 0x42, 0x08, 0xd0, 0x7b, 0x68, 0x1b, 0x68, 0x2a, 0x4a, 0x93, 0x42,
  0x03, 0xd0, 0x7b, 0x68, 0x1b, 0x68, 0x29, 0x4a, 0x93, 0x42, 0x7b, 0x68,
  0x00, 0x22, 0x83, 0xf8, 0x4c, 0x20, 0x7b, 0x68, 0x02, 0x22, 0x83, 0xf8,
  0x54, 0x20, 0x7b, 0x68, 0x1b, 0x68, 0x5a, 0x69, 0x7b, 0x68, 0x1b, 0x68,
  0x42, 0xf0, 0x06, 0x02, 0x5a, 0x61, 0x0f, 0xe0, 0xff, 0xf7, 0x90, 0xfb,
  0x02, 0x46, 0xfb, 0x68, 0xd3, 0x1a, 0x05, 0x2b, 0x08, 0xd9, 0x7b, 0x68,
  0x10, 0x22, 0x9a, 0x65, 0x7b, 0x68, 0x03, 0x22, 0x83, 0xf8, 0x54, 0x20,
  0x01, 0x23, 0x15, 0xe0, 0x7b, 0x68, 0x1b, 0x68, 0x5b, 0x69, 0x03, 0xf0,
  0x01, 0x03, 0x00, 0x2b, 0xe8, 0xd1, 0x78, 0x68, 0x00, 0xf0, 0x78, 0xfa,
  0x7b, 0x68, 0x9a, 0x6c, 0x7b, 0x68, 0x1a, 0x65, 0x7b, 0x68, 0x00, 0x22,
  0x9a, 0x65, 0x7b, 0x68, 0x01, 0x22, 0x83, 0xf8, 0x54, 0x20, 0x00, 0x23,
  0x18, 0x46, 0x10, 0x37, 0xbd, 0x46, 0x80, 0xbd, 0x50, 0x00, 0x02, 0x40,
  0xd0, 0x00, 0x02, 0x40, 0x50, 0x01, 0x02, 0x40, 0xd0, 0x01, 0x02, 0x40,
  0x50, 0x02, 0x02, 0x40, 0xd0, 0x02, 0x02, 0x40, 0x50, 0x03, 0x02, 0x40,
  0xd0, 0x03, 0x02, 0x40, 0x50, 0x04, 0x02, 0x40, 0xd0, 0x04, 0x02, 0x40,
  0x50, 0x05, 0x02, 0x40, 0xd0, 0x05, 0x02, 0x40, 0x80, 0xb5, 0x86, 0xb0,
  0x00, 0xaf, 0x78, 0x60, 0x7b, 0x68, 0x00, 0x2b, 0x03, 0xd0, 0x7b, 0x68,
  0x5b, 0x6f, 0x00, 0x2b, 0x01, 0xd1, 0x01, 0x23, 0x82, 0xe0, 0x7b, 0x68,
  0x93, 0xf8, 0x54, 0x30, 0xfb, 0x75, 0x7b, 0x68, 0x1b, 0x68, 0x5b, 0x69,
  0x03, 0xf4, 0x80, 0x33, 0x3b, 0x61, 0xfb, 0x7d, 0x01, 0x2b, 0x05, 0xd0,
  0xfb, 0x7d, 0x02, 0x2b, 0x6a, 0xd1, 0x3b, 0x69, 0x00, 0x2b, 0x67, 0xd0,
  0x7b, 0x68, 0x93, 0xf8, 0x54, 0x30, 0xdb, 0xb2, 0x01, 0x2b, 0x57, 0xd1,
  0x7b, 0x68, 0x93, 0xf8, 0x4c, 0x30, 0x01, 0x2b, 0x01, 0xd1, 0x02, 0x23,
  0x62, 0xe0, 0x7b, 0x68, 0x01, 0x22, 0x83, 0xf8, 0x4c, 0x20, 0x7b, 0x68,
  0x02, 0x22, 0x83, 0xf8, 0x54, 0x20, 0x7b, 0x68, 0x5b, 0x6f, 0x02, 0x22,
  0x1a, 0x73, 0x7b, 0x68, 0x00, 0x22, 0x9a, 0x65, 0x7b, 0x68, 0x5b, 0x6f,
  0x00, 0x22, 0x1a, 0x61, 0x7b, 0x68, 0x1b, 0x68, 0x5a, 0x69, 0x7b, 0x68,
  0x1b, 0x68, 0x42, 0xf4, 0xba, 0x42, 0x5a, 0x61, 0x7b, 0x68, 0x5b, 0x6e,
  0x00, 0x2b, 0x07, 0xd0, 0x7b, 0x68, 0x1b, 0x68, 0x5a, 0x69, 0x7b, 0x68,
  0x1b, 0x68, 0x42, 0xf4, 0x00, 0x72, 0x5a, 0x61, 0x7b, 0x68, 0x1b, 0x6f,
  0x00, 0x2b, 0x07, 0xd0, 0x7b, 0x68, 0x1b, 0x68, 0x5a, 0x69, 0x7b, 0x68,
  0x1b, 0x68, 0x42, 0xf4, 0x00, 0x52, 0x5a, 0x61, 0x7b, 0x68, 0x5b, 0x6f,
  0x1b, 0x68, 0x07, 0xf1, 0x0c, 0x01, 0x00, 0x22, 0x18, 0x46, 0x00, 0xf0,
  0x5b, 0xfc, 0x7b, 0x68, 0x5b, 0x6f, 0x1b, 0x68, 0x19, 0x46, 0x7b, 0x68,
  0x1a, 0x68, 0x0b, 0x0c, 0x1b, 0x04, 0x13, 0x60, 0x7b, 0x68, 0x5b, 0x6f,
  0x1b, 0x68, 0x1a, 0x46, 0x4f, 0xf6, 0xfc, 0x73, 0x13, 0x40, 0xf9, 0x68,
  0x7a, 0x68, 0x12, 0x68, 0x0b, 0x43, 0xd3, 0x67, 0x7b, 0x68, 0x1b, 0x68,
  0x5a, 0x69, 0x7b, 0x68, 0x1b, 0x68, 0x42, 0xf0, 0x01, 0x02, 0x5a, 0x61,
  0x00, 0x23, 0x07, 0xe0, 0x7b, 0x68, 0x40, 0x22, 0x9a, 0x65, 0x7b, 0x68,
  0x00, 0x22, 0x83, 0xf8, 0x4c, 0x20, 0x01, 0x23, 0x18, 0x46, 0x18, 0x37,
  0xbd, 0x46, 0x80, 0xbd, 0x80, 0xb5, 0x82, 0xb0, 0x00, 0xaf, 0x78, 0x60,
  0x39, 0x60, 0x7b, 0x68, 0x00, 0x2b, 0x02, 0xd0, 0x3b, 0x68, 0x00, 0x2b,
  0x01, 0xd1, 0x01, 0x23, 0x04, 0xe0, 0x39, 0x68, 0x78, 0x68, 0x00, 0xf0,
  0x53, 0xfa, 0x00, 0x23, 0x18, 0x46, 0x08, 0x37, 0xbd, 0x46, 0x80, 0xbd,
  0x80, 0xb5, 0x8c, 0xb0, 0x00, 0xaf, 0xf8, 0x60, 0xb9, 0x60, 0x7a, 0x60,
  0xfb, 0x68, 0x00, 0x2b, 0x02, 0xd0, 0x7b, 0x68, 0x00, 0x2b, 0x01, 0xd1,
  0x01, 0x23, 0xb6, 0xe0, 0xfb, 0x68, 0x5b, 0x69, 0x01, 0x2b, 0x04, 0xd1,
  0xfb, 0x68, 0x04, 0x22, 0x1a, 0x61, 0x01, 0x23, 0xad, 0xe0, 0xfb, 0x68,
  0x1b, 0x68, 0x7a, 0x68, 0xb9, 0x68, 0x18, 0x46, 0x00, 0xf0, 0x90, 0xfb,
  0x03, 0x46, 0x00, 0x2b, 0x04, 0xd0, 0xfb, 0x68, 0x05, 0x22, 0x1a, 0x61,
  0x01, 0x23, 0x9e, 0xe0, 0xfb, 0x68, 0x1b, 0x68, 0x7a, 0x68, 0xb9, 0x68,
  0x18, 0x46, 0x00, 0xf0, 0xb1, 0xfb, 0x03, 0x46, 0x00, 0x2b, 0x04, 0xd0,
  0xfb, 0x68, 0x04, 0x22, 0x1a, 0x61, 0x01, 0x23, 0x8f, 0xe0, 0xfb, 0x68,
  0x02, 0x22, 0x1a, 0x73, 0xfb, 0x68, 0x00, 0x22, 0x1a, 0x61, 0x07, 0xf1,
  0x28, 0x02, 0x07, 0xf1, 0x2c, 0x03, 0x19, 0x46, 0x78, 0x68, 0x00, 0xf0,
  0xd7, 0xfb, 0xfb, 0x68, 0x1b, 0x68, 0x00, 0x2b, 0x1a, 0xd1, 0xbb, 0x68,
  0x00, 0x2b, 0x06, 0xd1, 0xfb, 0x68, 0x7a, 0x68, 0x1a, 0x60, 0xfb, 0x68,
  0x01, 0x22, 0x9a, 0x60, 0x6c, 0xe0, 0xfb, 0x68, 0xba, 0x68, 0x1a, 0x60,
  0x7a, 0x68, 0x4f, 0xf6, 0xfc, 0x73, 0x13, 0x40, 0xf9, 0x6a, 0xba, 0x6a,
  0x19, 0x43, 0xbb, 0x68, 0x43, 0xf8, 0x22, 0x10, 0xfb, 0x68, 0x02, 0x22,
  0x9a, 0x60, 0x5b, 0xe0, 0xbb, 0x68, 0x00, 0x2b, 0x0f, 0xd1, 0xfb, 0x68,
  0x1b, 0x68, 0x1a, 0x46, 0x4f, 0xf6, 0xfc, 0x73, 0x13, 0x40, 0xf9, 0x6a,
  0xba, 0x6a, 0x19, 0x43, 0x7b, 0x68, 0x43, 0xf8, 0x22, 0x10, 0xfb, 0x68,
  0x7a, 0x68, 0x1a, 0x60, 0x43, 0xe0, 0xbb, 0x6a, 0x7b, 0x61, 0x07, 0xf1,
  0x14, 0x03, 0x1a, 0x46, 0xb9, 0x68, 0xf8, 0x68, 0x00, 0xf0, 0xcc, 0xfb,
  0x03, 0x46, 0x00, 0x2b, 0x32, 0xd1, 0xfa, 0x69, 0xfb, 0x68, 0x9b, 0x68,
  0x9a, 0x42, 0x1a, 0xd1, 0xfb, 0x68, 0x5b, 0x68, 0x00, 0x2b, 0x0b, 0xd0,
  0xfb, 0x68, 0x5b, 0x68, 0x1a, 0x46, 0x4f, 0xf6, 0xfc, 0x73, 0x13, 0x40,
  0xf9, 0x6a, 0xba, 0x6a, 0x19, 0x43, 0x7b, 0x68, 0x43, 0xf8, 0x22, 0x10,
  0x7a, 0x68, 0x4f, 0xf6, 0xfc, 0x73, 0x13, 0x40, 0xf9, 0x6a, 0xba, 0x6a,
  0x19, 0x43, 0xbb, 0x68, 0x43, 0xf8, 0x22, 0x10, 0x17, 0xe0, 0xb9, 0x6a,
  0xba, 0x6a, 0xbb, 0x68, 0x53, 0xf8, 0x21, 0x10, 0x7b, 0x68, 0x43, 0xf8,
  0x22, 0x10, 0x7a, 0x68, 0x4f, 0xf6, 0xfc, 0x73, 0x13, 0x40, 0xf9, 0x6a,
  0xba, 0x6a, 0x19, 0x43, 0xbb, 0x68, 0x43, 0xf8, 0x22, 0x10, 0x04, 0xe0,
  0xfb, 0x68, 0x06, 0x22, 0x1a, 0x61, 0x01, 0x23, 0x0b, 0xe0, 0xfb, 0x68,
  0x9b, 0x68, 0x5a, 0x1c, 0xfb, 0x68, 0x9a, 0x60, 0xfb, 0x68, 0x00, 0x22,
  0x1a, 0x61, 0xfb, 0x68, 0x01, 0x22, 0x1a, 0x73, 0x00, 0x23, 0x18, 0x46,
  0x30, 0x37, 0xbd, 0x46, 0x80, 0xbd, 0x80, 0xb5, 0x8a, 0xb0, 0x00, 0xaf,
  0x78, 0x60, 0x7b, 0x68, 0x00, 0x2b, 0x01, 0xd1, 0x01, 0x23, 0x52, 0xe0,
  0x7b, 0x68, 0x1b, 0x68, 0x00, 0x2b, 0x04, 0xd1, 0x7b, 0x68, 0x02, 0x22,
  0x1a, 0x61, 0x01, 0x23, 0x49, 0xe0, 0x7b, 0x68, 0x5b, 0x68, 0x00, 0x2b,
  0x0c, 0xd0, 0x7b, 0x68, 0x5a, 0x68, 0x7b, 0x68, 0x1b, 0x68, 0x9a, 0x42,
  0x01, 0xd1, 0x00, 0x23, 0x3d, 0xe0, 0x7b, 0x68, 0x04, 0x22, 0x1a, 0x61,
  0x01, 0x23, 0x38, 0xe0, 0x7b, 0x68, 0x5b, 0x69, 0x01, 0x2b, 0x04, 0xd1,
  0x7b, 0x68, 0x04, 0x22, 0x1a, 0x61, 0x01, 0x23, 0x2f, 0xe0, 0x7b, 0x68,
  0x02, 0x22, 0x1a, 0x73, 0x7b, 0x68, 0x00, 0x22, 0x1a, 0x61, 0x7b, 0x68,
  0x1b, 0x68, 0x07, 0xf1, 0x20, 0x02, 0x07, 0xf1, 0x24, 0x01, 0x18, 0x46,
  0x00, 0xf0, 0x16, 0xfb, 0x3b, 0x6a, 0xfb, 0x60, 0x07, 0xf1, 0x0c, 0x03,
  0x1a, 0x46, 0x00, 0x21, 0x78, 0x68, 0x00, 0xf0, 0x3d, 0xfb, 0x7b, 0x68,
  0x1b, 0x68, 0x1a, 0x46, 0x4f, 0xf6, 0xfc, 0x73, 0x13, 0x40, 0x79, 0x6a,
  0xba, 0x69, 0x10, 0x46, 0x3a, 0x6a, 0x0b, 0x43, 0x40, 0xf8, 0x22, 0x30,
  0x7b, 0x68, 0x1a, 0x68, 0x7b, 0x68, 0x5a, 0x60, 0x7b, 0x68, 0x00, 0x22,
  0x1a, 0x61, 0x7b, 0x68, 0x01, 0x22, 0x1a, 0x73, 0x00, 0x23, 0x18, 0x46,
  0x28, 0x37, 0xbd, 0x46, 0x80, 0xbd, 0x00, 0x00, 0x80, 0xb4, 0x85, 0xb0,
  0x00, 0xaf, 0x78, 0x60, 0x39, 0x60, 0x7b, 0x68, 0x00, 0x2b, 0x02, 0xd0,
  0x3b, 0x68, 0x00, 0x2b, 0x01, 0xd1, 0x01, 0x23, 0x54, 0xe0, 0x7b, 0x68,
  0x93, 0xf8, 0x54, 0x30, 0xfb, 0x73, 0x7b, 0x68, 0x93, 0xf8, 0x54, 0x30,
  0xdb, 0xb2, 0x02, 0x2b, 0x02, 0xd0, 0xfb, 0x7b, 0x05, 0x2b, 0x08, 0xd1,
  0x7b, 0x68, 0x40, 0x22, 0x9a, 0x65, 0x7b, 0x68, 0x00, 0x22, 0x83, 0xf8,
  0x4c, 0x20, 0x01, 0x23, 0x3e, 0xe0, 0x3b, 0x68, 0x1b, 0x7b, 0xdb, 0xb2,
  0x02, 0x2b, 0x04, 0xd1, 0x3b, 0x68, 0x01, 0x22, 0x1a, 0x61, 0x01, 0x23,
  0x34, 0xe0, 0x7b, 0x68, 0x1b, 0x68, 0x1c, 0x4a, 0x93, 0x42, 0x04, 0xd0,
  0x7b, 0x68, 0x1b, 0x68, 0x1a, 0x4a, 0x93, 0x42, 0x01, 0xd1, 0x01, 0x23,
  0x00, 0xe0, 0x00, 0x23, 0x00, 0x2b, 0x0b, 0xd1, 0x3b, 0x68, 0x1b, 0x68,
  0x1b, 0x6a, 0x03, 0xf0, 0x02, 0x03, 0x00, 0x2b, 0x04, 0xd0, 0x3b, 0x68,
  0x03, 0x22, 0x1a, 0x61, 0x01, 0x23, 0x19, 0xe0, 0x7b, 0x68, 0x1b, 0x6d,
  0x81, 0x2b, 0x08, 0xd1, 0x3b, 0x68, 0x5b, 0x68, 0x00, 0x2b, 0x0d, 0xd1,
  0x3b, 0x68, 0x04, 0x22, 0x1a, 0x61, 0x01, 0x23, 0x0c, 0xe0, 0x3b, 0x68,
  0x5b, 0x68, 0x00, 0x2b, 0x04, 0xd0, 0x3b, 0x68, 0x04, 0x22, 0x1a, 0x61,
  0x01, 0x23, 0x03, 0xe0, 0x7b, 0x68, 0x3a, 0x68, 0x5a, 0x67, 0x00, 0x23,
  0x18, 0x46, 0x14, 0x37, 0xbd, 0x46, 0x5d, 0xf8, 0x04, 0x7b, 0x70, 0x47,
  0x50, 0x05, 0x02, 0x40, 0xd0, 0x05, 0x02, 0x40, 0x80, 0xb4, 0x83, 0xb0,
  0x00, 0xaf, 0x78, 0x60, 0x7b, 0x68, 0x1b, 0x68, 0x1b, 0x69, 0x1b, 0x0c,
  0xdb, 0xb2, 0x18, 0x46, 0x0c, 0x37, 0xbd, 0x46, 0x5d, 0xf8, 0x04, 0x7b,
  0x70, 0x47, 0x00, 0x00, 0x80, 0xb4, 0x85, 0xb0, 0x00, 0xaf, 0x78, 0x60,
  0x7b, 0x68, 0x9a, 0x6b, 0x7b, 0x68, 0xdb, 0x6b, 0x13, 0x43, 0xfb, 0x60,
  0x7b, 0x68, 0x1b, 0x68, 0x41, 0x4a, 0x93, 0x42, 0x36, 0xd0, 0x7b, 0x68,
  0x1b, 0x68, 0x40, 0x4a, 0x93, 0x42, 0x31, 0xd0, 0x7b, 0x68, 0x1b, 0x68,
  0x3e, 0x4a, 0x93, 0x42, 0x2c, 0xd0, 0x7b, 0x68, 0x1b, 0x68, 0x3d, 0x4a,
  0x93, 0x42, 0x27, 0xd0, 0x7b, 0x68, 0x1b, 0x68, 0x3b, 0x4a, 0x93, 0x42,
  0x22, 0xd0, 0x7b, 0x68, 0x1b, 0x68, 0x3a, 0x4a, 0x93, 0x42, 0x1d, 0xd0,
  0x7b, 0x68, 0x1b, 0x68, 0x38, 0x4a, 0x93, 0x42, 0x18, 0xd0, 0x7b, 0x68,
  0x1b, 0x68, 0x37, 0x4a, 0x93, 0x42, 0x13, 0xd0, 0x7b, 0x68, 0x1b, 0x68,
  0x35, 0x4a, 0x93, 0x42, 0x0e, 0xd0, 0x7b, 0x68, 0x1b, 0x68, 0x34, 0x4a,
  0x93, 0x42, 0x09, 0xd0, 0x7b, 0x68, 0x1b, 0x68, 0x32, 0x4a, 0x93, 0x42,
  0x04, 0xd0, 0x7b, 0x68, 0x1b, 0x68, 0x31, 0x4a, 0x93, 0x42, 0x01, 0xd1,
  0x01, 0x23, 0x00, 0xe0, 0x00, 0x23, 0x00, 0x2b, 0x04, 0xd0, 0x7b, 0x68,
  0x1b, 0x6c, 0xfa, 0x68, 0x13, 0x43, 0xfb, 0x60, 0x7b, 0x68, 0x1b, 0x68,
  0x5b, 0x69, 0x23, 0xf4, 0x43, 0x01, 0x7b, 0x68, 0x1b, 0x68, 0xfa, 0x68,
  0x0a, 0x43, 0x5a, 0x61, 0x7b, 0x68, 0x1b, 0x68, 0x00, 0x22, 0x1a, 0x64,
  0x7b, 0x68, 0x1b, 0x68, 0x7a, 0x68, 0x52, 0x6c, 0x5a, 0x64, 0x7b, 0x68,
  0x1b, 0x68, 0x00, 0x22, 0x9a, 0x64, 0x7b, 0x68, 0x1b, 0x68, 0x00, 0x22,
  0xda, 0x64, 0x7b, 0x68, 0x1b, 0x68, 0x00, 0x22, 0x1a, 0x65, 0x7b, 0x68,
  0x1b, 0x68, 0x19, 0x4a, 0x93, 0x42, 0x04, 0xd0, 0x7b, 0x68, 0x1b, 0x68,
  0x17, 0x4a, 0x93, 0x42, 0x01, 0xd1, 0x01, 0x23, 0x00, 0xe0, 0x00, 0x23,
  0x00, 0x2b, 0x07, 0xd0, 0x7b, 0x68, 0x1b, 0x68, 0x00, 0x22, 0x5a, 0x65,
  0x7b, 0x68, 0x1b, 0x68, 0x00, 0x22, 0x9a, 0x65, 0x7b, 0x68, 0x1b, 0x68,
  0x00, 0x22, 0xda, 0x67, 0x00, 0xbf, 0x14, 0x37, 0xbd, 0x46, 0x5d, 0xf8,
  0x04, 0x7b, 0x70, 0x47, 0x50, 0x00, 0x02, 0x40, 0xd0, 0x00, 0x02, 0x40,
  0x50, 0x01, 0x02, 0x40, 0xd0, 0x01, 0x02, 0x40, 0x50, 0x02, 0x02, 0x40,
  0xd0, 0x02, 0x02, 0x40, 0x50, 0x03, 0x02, 0x40, 0xd0, 0x03, 0x02, 0x40,
  0x50, 0x04, 0x02, 0x40, 0xd0, 0x04, 0x02, 0x40, 0x50, 0x05, 0x02, 0x40,
  0xd0, 0x05, 0x02, 0x40, 0x80, 0xb4, 0x85, 0xb0, 0x00, 0xaf, 0x78, 0x60,
  0x39, 0x60, 0x7b, 0x68, 0x5a, 0x69, 0x7b, 0x68, 0xdb, 0x69, 0x1a, 0x43,
  0x7b, 0x68, 0xdb, 0x6b, 0x1a, 0x43, 0x7b, 0x68, 0x1b, 0x69, 0x1a, 0x43,
  0x7b, 0x68, 0x9b, 0x69, 0x1a, 0x43, 0x3b, 0x68, 0x1a, 0x60, 0x7b, 0x68,
  0x1b, 0x68, 0x03, 0xf0, 0x20, 0x03, 0x00, 0x2b, 0x17, 0xd0, 0x3b, 0x68,
  0x1a, 0x68, 0x7b, 0x68, 0xd9, 0x6a, 0x7b, 0x68, 0x9b, 0x6b, 0x19, 0x43,
  0x7b, 0x68, 0x9b, 0x6a, 0x01, 0x3b, 0x1b, 0x05, 0x03, 0xf0, 0x7c, 0x73,
  0x19, 0x43, 0x7b, 0x68, 0x5b, 0x6a, 0x01, 0x3b, 0x1b, 0x01, 0x03, 0xf4,
  0x7c, 0x73, 0x0b, 0x43, 0x1a, 0x43, 0x3b, 0x68, 0x1a, 0x60, 0x7b, 0x68,
  0x1a, 0x6b, 0x7b, 0x68, 0x59, 0x68, 0x40, 0xf2, 0x7f, 0x23, 0x0b, 0x40,
  0x1a, 0x43, 0x3b, 0x68, 0x5a, 0x60, 0x7b, 0x68, 0xdb, 0x68, 0xb3, 0xf5,
  0x80, 0x6f, 0x0c, 0xd1, 0x7b, 0x68, 0x1b, 0x68, 0x03, 0xf0, 0x20, 0x03,
  0x00, 0x2b, 0x11, 0xd0, 0x3b, 0x68, 0x5b, 0x68, 0x43, 0xf4, 0x80, 0x62,
  0x3b, 0x68, 0x5a, 0x60, 0x0a, 0xe0, 0x7b, 0x68, 0xdb, 0x68, 0xb3, 0xf5,
  0x00, 0x7f, 0x05, 0xd1, 0x3b, 0x68, 0x5b, 0x68, 0x43, 0xf4, 0x00, 0x72,
  0x3b, 0x68, 0x5a, 0x60, 0x3b, 0x68, 0x5a, 0x68, 0x7b, 0x68, 0x5b, 0x6b,
  0x1a, 0x43, 0x3b, 0x68, 0x5a, 0x60, 0x7b, 0x68, 0x5b, 0x6c, 0x00, 0x2b,
  0x0f, 0xd0, 0x3b, 0x68, 0x5a, 0x68, 0x7b, 0x68, 0x19, 0x6c, 0x7b, 0x68,
  0x5b, 0x6c, 0x19, 0x43, 0x7b, 0x68, 0x9b, 0x6c, 0x1b, 0x04, 0x03, 0xf4,
  0x7c, 0x13, 0x0b, 0x43, 0x1a, 0x43, 0x3b, 0x68, 0x5a, 0x60, 0x7b, 0x68,
  0x9b, 0x6e, 0x9a, 0xb2, 0x3b, 0x68, 0x9a, 0x60, 0x7b, 0x68, 0x1b, 0x68,
  0x03, 0xf0, 0x02, 0x03, 0x00, 0x2b, 0x4e, 0xd0, 0x3b, 0x68, 0x9a, 0x68,
  0x7b, 0x68, 0xdb, 0x6c, 0x01, 0x3b, 0x19, 0x04, 0x6a, 0x4b, 0x0b, 0x40,
  0x1a, 0x43, 0x3b, 0x68, 0x9a, 0x60, 0x7b, 0x68, 0x1b, 0x6d, 0x00, 0x2b,
  0x06, 0xda, 0x3b, 0x68, 0x9b, 0x68, 0x43, 0xf0, 0x80, 0x52, 0x3b, 0x68,
  0x9a, 0x60, 0x05, 0xe0, 0x3b, 0x68, 0x9b, 0x68, 0x23, 0xf0, 0x80, 0x52,
  0x3b, 0x68, 0x9a, 0x60, 0x7b, 0x68, 0x5b, 0x6d, 0x00, 0x2b, 0x06, 0xda,
  0x3b, 0x68, 0x9b, 0x68, 0x43, 0xf0, 0x00, 0x52, 0x3b, 0x68, 0x9a, 0x60,
  0x05, 0xe0, 0x3b, 0x68, 0x9b, 0x68, 0x23, 0xf0, 0x00, 0x52, 0x3b, 0x68,
  0x9a, 0x60, 0x7b, 0x68, 0x9b, 0x6d, 0x00, 0x2b, 0x06, 0xda, 0x3b, 0x68,
  0x9b, 0x68, 0x43, 0xf0, 0x80, 0x42, 0x3b, 0x68, 0x9a, 0x60, 0x05, 0xe0,
  0x3b, 0x68, 0x9b, 0x68, 0x23, 0xf0, 0x80, 0x42, 0x3b, 0x68, 0x9a, 0x60,
  0x7b, 0x68, 0xdb, 0x6d, 0x00, 0x2b, 0x06, 0xda, 0x3b, 0x68, 0x9b, 0x68,
  0x43, 0xf0, 0x00, 0x42, 0x3b, 0x68, 0x9a, 0x60, 0x05, 0xe0, 0x3b, 0x68,
  0x9b, 0x68, 0x23, 0xf0, 0x00, 0x42, 0x3b, 0x68, 0x9a, 0x60, 0x7b, 0x68,
  0x1a, 0x6e, 0x3b, 0x68, 0xda, 0x60, 0x7b, 0x68, 0x5a, 0x6e, 0x3b, 0x68,
  0x1a, 0x61, 0x7b, 0x68, 0x1b, 0x68, 0x03, 0xf0, 0x02, 0x03, 0x00, 0x2b,
  0x5d, 0xd0, 0x7b, 0x68, 0x1b, 0x6d, 0x00, 0x2b, 0x09, 0xda, 0x7b, 0x68,
  0x1b, 0x6d, 0x5b, 0x42, 0xfb, 0x60, 0xfb, 0x68, 0xc3, 0xf3, 0x0c, 0x02,
  0x3b, 0x68, 0x5a, 0x61, 0x05, 0xe0, 0x7b, 0x68, 0x1b, 0x6d, 0xc3, 0xf3,
  0x0c, 0x02, 0x3b, 0x68, 0x5a, 0x61, 0x7b, 0x68, 0x5b, 0x6d, 0x00, 0x2b,
  0x0d, 0xda, 0x7b, 0x68, 0x5b, 0x6d, 0x5b, 0x42, 0xfb, 0x60, 0x3b, 0x68,
  0x5a, 0x69, 0xfb, 0x68, 0x19, 0x04, 0x30, 0x4b, 0x0b, 0x40, 0x1a, 0x43,
  0x3b, 0x68, 0x5a, 0x61, 0x09, 0xe0, 0x3b, 0x68, 0x5a, 0x69, 0x7b, 0x68,
  0x5b, 0x6d, 0x19, 0x04, 0x2a, 0x4b, 0x0b, 0x40, 0x1a, 0x43, 0x3b, 0x68,
  0x5a, 0x61, 0x7b, 0x68, 0x9b, 0x6d, 0x00, 0x2b, 0x08, 0xda, 0x7b, 0x68,
  0x9b, 0x6d, 0x5b, 0x42, 0xfb, 0x60, 0xfb, 0x68, 0x9a, 0xb2, 0x3b, 0x68,
  0x9a, 0x61, 0x04, 0xe0, 0x7b, 0x68, 0x9b, 0x6d, 0x9a, 0xb2, 0x3b, 0x68,
  0x9a, 0x61, 0x7b, 0x68, 0xdb, 0x6d, 0x00, 0x2b, 0x0b, 0xda, 0x7b, 0x68,
  0xdb, 0x6d, 0x5b, 0x42, 0xfb, 0x60, 0x3b, 0x68, 0x9a, 0x69, 0xfb, 0x68,
  0x1b, 0x04, 0x1a, 0x43, 0x3b, 0x68, 0x9a, 0x61, 0x07, 0xe0, 0x3b, 0x68,
  0x9a, 0x69, 0x7b, 0x68, 0xdb, 0x6d, 0x1b, 0x04, 0x1a, 0x43, 0x3b, 0x68,
  0x9a, 0x61, 0x3b, 0x68, 0x00, 0x22, 0xda, 0x61, 0x02, 0xe0, 0x3b, 0x68,
  0x00, 0x22, 0x5a, 0x61, 0x7b, 0x68, 0x1a, 0x68, 0x3b, 0x68, 0x1a, 0x62,
  0x7b, 0x68, 0x1b, 0x68, 0x03, 0xf0, 0x02, 0x03, 0x00, 0x2b, 0x06, 0xd0,
  0x3b, 0x68, 0x1b, 0x6a, 0x43, 0xf4, 0xe0, 0x62, 0x3b, 0x68, 0x1a, 0x62,
  0x05, 0xe0, 0x3b, 0x68, 0x1b, 0x6a, 0x43, 0xf4, 0xa0, 0x62, 0x3b, 0x68,
  0x1a, 0x62, 0x00, 0xbf, 0x14, 0x37, 0xbd, 0x46, 0x5d, 0xf8, 0x04, 0x7b,
  0x70, 0x47, 0x00, 0xbf, 0x00, 0x00, 0xff, 0x07, 0x00, 0x00, 0xff, 0x1f,
  0x80, 0xb4, 0x87, 0xb0, 0x00, 0xaf, 0xf8, 0x60, 0xb9, 0x60, 0x7a, 0x60,
  0xfa, 0x68, 0xbb, 0x68, 0x1a, 0x43, 0x7b, 0x68, 0x13, 0x43, 0x1b, 0x0c,
  0x1b, 0x04, 0x3b, 0x61, 0x00, 0x23, 0x7b, 0x61, 0xfb, 0x68, 0x00, 0x2b,
  0x02, 0xd0, 0xfb, 0x68, 0x7b, 0x61, 0x0a, 0xe0, 0xbb, 0x68, 0x00, 0x2b,
  0x02, 0xd0, 0xbb, 0x68, 0x7b, 0x61, 0x04, 0xe0, 0x7b, 0x68, 0x00, 0x2b,
  0x01, 0xd0, 0x7b, 0x68, 0x7b, 0x61, 0x7b, 0x69, 0x1b, 0x0c, 0x1b, 0x04,
  0x3a, 0x69, 0x9a, 0x42, 0x01, 0xd0, 0x01, 0x23, 0x00, 0xe0, 0x00, 0x23,
  0x18, 0x46, 0x1c, 0x37, 0xbd, 0x46, 0x5d, 0xf8, 0x04, 0x7b, 0x70, 0x47,
  0x80, 0xb4, 0x87, 0xb0, 0x00, 0xaf, 0xf8, 0x60, 0xb9, 0x60, 0x7a, 0x60,
  0x00, 0x23, 0x7b, 0x61, 0xfb, 0x68, 0x00, 0x2b, 0x04, 0xd0, 0xfb, 0x68,
  0x1b, 0x6a, 0xdb, 0xb2, 0x7b, 0x61, 0x0e, 0xe0, 0xbb, 0x68, 0x00, 0x2b,
  0x04, 0xd0, 0xbb, 0x68, 0x1b, 0x6a, 0xdb, 0xb2, 0x7b, 0x61, 0x06, 0xe0,
  0x7b, 0x68, 0x00, 0x2b, 0x03, 0xd0, 0x7b, 0x68, 0x1b, 0x6a, 0xdb, 0xb2,
  0x7b, 0x61, 0xbb, 0x68, 0x00, 0x2b, 0x07, 0xd0, 0xbb, 0x68, 0x1b, 0x6a,
  0xdb, 0xb2, 0x7a, 0x69, 0x9a, 0x42, 0x01, 0xd0, 0x02, 0x23, 0x0b, 0xe0,
  0x7b, 0x68, 0x00, 0x2b, 0x07, 0xd0, 0x7b, 0x68, 0x1b, 0x6a, 0xdb, 0xb2,
  0x7a, 0x69, 0x9a, 0x42, 0x01, 0xd0, 0x03, 0x23, 0x00, 0xe0, 0x00, 0x23,
  0x18, 0x46, 0x1c, 0x37, 0xbd, 0x46, 0x5d, 0xf8, 0x04, 0x7b, 0x70, 0x47,
  0x80, 0xb4, 0x85, 0xb0, 0x00, 0xaf, 0xf8, 0x60, 0xb9, 0x60, 0x7a, 0x60,
  0xfb, 0x68, 0x1b, 0x6a, 0x03, 0xf0, 0x02, 0x03, 0x00, 0x2b, 0x0c, 0xd0,
  0xbb, 0x68, 0x00, 0x2b, 0x02, 0xd0, 0xbb, 0x68, 0x0d, 0x4a, 0x1a, 0x60,
  0x7b, 0x68, 0x00, 0x2b, 0x0f, 0xd0, 0x7b, 0x68, 0x07, 0x22, 0x1a, 0x60,
  0x0b, 0xe0, 0xbb, 0x68, 0x00, 0x2b, 0x02, 0xd0, 0xbb, 0x68, 0x08, 0x4a,
  0x1a, 0x60, 0x7b, 0x68, 0x00, 0x2b, 0x02, 0xd0, 0x7b, 0x68, 0x05, 0x22,
  0x1a, 0x60, 0x00, 0xbf, 0x14, 0x37, 0xbd, 0x46, 0x5d, 0xf8, 0x04, 0x7b,
  0x70, 0x47, 0x00, 0xbf, 0x00, 0x00, 0x01, 0xfe, 0x00, 0x00, 0x01, 0xf8,
  0x80, 0xb4, 0x89, 0xb0, 0x00, 0xaf, 0xf8, 0x60, 0xb9, 0x60, 0x7a, 0x60,
  0x00, 0x23, 0xfb, 0x61, 0x00, 0x23, 0xbb, 0x61, 0x00, 0x23, 0x7b, 0x61,
  0x7b, 0x68, 0x1b, 0x68, 0x3b, 0x61, 0xbb, 0x68, 0x00, 0x2b, 0x42, 0xd1,
  0x1d, 0xe0, 0xfb, 0x69, 0x00, 0x2b, 0x07, 0xd1, 0xfb, 0x68, 0x1b, 0x68,
  0x1a, 0x46, 0x4f, 0xf6, 0xfc, 0x73, 0x13, 0x40, 0xbb, 0x61, 0x0f, 0xe0,
  0xbb, 0x69, 0x7b, 0x61, 0xfb, 0x68, 0x1b, 0x68, 0x1b, 0x0c, 0x1b, 0x04,
  0xba, 0x69, 0x13, 0x44, 0x1a, 0x46, 0x3b, 0x69, 0x52, 0xf8, 0x23, 0x20,
  0x4f, 0xf6, 0xfc, 0x73, 0x13, 0x40, 0xbb, 0x61, 0xfb, 0x69, 0x01, 0x33,
  0xfb, 0x61, 0xfb, 0x68, 0x9b, 0x68, 0xfa, 0x69, 0x9a, 0x42, 0xdc, 0xd3,
  0x29, 0xe0, 0xfb, 0x69, 0x00, 0x2b, 0x07, 0xd1, 0xfb, 0x68, 0x1b, 0x68,
  0x1a, 0x46, 0x4f, 0xf6, 0xfc, 0x73, 0x13, 0x40, 0xbb, 0x61, 0x0f, 0xe0,
  0xbb, 0x69, 0x7b, 0x61, 0xfb, 0x68, 0x1b, 0x68, 0x1b, 0x0c, 0x1b, 0x04,
  0xba, 0x69, 0x13, 0x44, 0x1a, 0x46, 0x3b, 0x69, 0x52, 0xf8, 0x23, 0x20,
  0x4f, 0xf6, 0xfc, 0x73, 0x13, 0x40, 0xbb, 0x61, 0xfb, 0x69, 0x01, 0x33,
  0xfb, 0x61, 0xfb, 0x68, 0x9b, 0x68, 0xfa, 0x69, 0x9a, 0x42, 0x06, 0xd2,
  0xba, 0x68, 0x4f, 0xf6, 0xfc, 0x73, 0x13, 0x40, 0xba, 0x69, 0x9a, 0x42,
  0xd5, 0xd1, 0xbb, 0x68, 0x00, 0x2b, 0x08, 0xd0, 0xba, 0x68, 0x4f, 0xf6,
  0xfc, 0x73, 0x13, 0x40, 0xba, 0x69, 0x9a, 0x42, 0x01, 0xd0, 0x01, 0x23,
  0x2b, 0xe0, 0x7b, 0x68, 0xfa, 0x69, 0x9a, 0x60, 0xfb, 0x68, 0x1b, 0x68,
  0x1b, 0x0c, 0x1b, 0x04, 0x7a, 0x69, 0x1a, 0x43, 0x7b, 0x68, 0x5a, 0x60,
  0xfb, 0x68, 0x1b, 0x68, 0x1b, 0x0c, 0x1b, 0x04, 0xba, 0x69, 0x1a, 0x43,
  0x7b, 0x68, 0xda, 0x60, 0x7b, 0x68, 0xdb, 0x68, 0x1a, 0x46, 0x3b, 0x69,
  0x52, 0xf8, 0x23, 0x30, 0x00, 0x2b, 0x0f, 0xd0, 0x7b, 0x68, 0xdb, 0x68,
  0x1a, 0x46, 0x3b, 0x69, 0x52, 0xf8, 0x23, 0x30, 0x4f, 0xf6, 0xfc, 0x72,
  0x1a, 0x40, 0xfb, 0x68, 0x1b, 0x68, 0x1b, 0x0c, 0x1b, 0x04, 0x1a, 0x43,
  0x7b, 0x68, 0x1a, 0x61, 0x00, 0x23, 0x18, 0x46, 0x24, 0x37, 0xbd, 0x46,
  0x5d, 0xf8, 0x04, 0x7b, 0x70, 0x47, 0x00, 0x00, 0x80, 0xb4, 0x87, 0xb0,
  0x00, 0xaf, 0x78, 0x60, 0x39, 0x60, 0x00, 0x23, 0x7b, 0x61, 0x62, 0xe1,
  0x3b, 0x68, 0x1a, 0x68, 0x01, 0x21, 0x7b, 0x69, 0x01, 0xfa, 0x03, 0xf3,
  0x13, 0x40, 0xfb, 0x60, 0xfb, 0x68, 0x00, 0x2b, 0x00, 0xf0, 0x54, 0x81,
  0x3b, 0x68, 0x5b, 0x68, 0x03, 0xf0, 0x03, 0x03, 0x01, 0x2b, 0x05, 0xd0,
  0x3b, 0x68, 0x5b, 0x68, 0x03, 0xf0, 0x03, 0x03, 0x02, 0x2b, 0x30, 0xd1,
  0x7b, 0x68, 0x9b, 0x68, 0x3b, 0x61, 0x7b, 0x69, 0x5b, 0x00, 0x03, 0x22,
  0x02, 0xfa, 0x03, 0xf3, 0xdb, 0x43, 0x3a, 0x69, 0x13, 0x40, 0x3b, 0x61,
  0x3b, 0x68, 0xda, 0x68, 0x7b, 0x69, 0x5b, 0x00, 0x02, 0xfa, 0x03, 0xf3,
  0x3a, 0x69, 0x13, 0x43, 0x3b, 0x61, 0x7b, 0x68, 0x3a, 0x69, 0x9a, 0x60,
  0x7b, 0x68, 0x5b, 0x68, 0x3b, 0x61, 0x01, 0x22, 0x7b, 0x69, 0x02, 0xfa,
  0x03, 0xf3, 0xdb, 0x43, 0x3a, 0x69, 0x13, 0x40, 0x3b, 0x61, 0x3b, 0x68,
  0x5b, 0x68, 0x1b, 0x09, 0x03, 0xf0, 0x01, 0x02, 0x7b, 0x69, 0x02, 0xfa,
  0x03, 0xf3, 0x3a, 0x69, 0x13, 0x43, 0x3b, 0x61, 0x7b, 0x68, 0x3a, 0x69,
  0x5a, 0x60, 0x3b, 0x68, 0x5b, 0x68, 0x03, 0xf0, 0x03, 0x03, 0x03, 0x2b,
  0x09, 0xd1, 0x3b, 0x68, 0x5b, 0x68, 0x03, 0xf0, 0x03, 0x03, 0x03, 0x2b,
  0x1b, 0xd1, 0x3b, 0x68, 0x9b, 0x68, 0x01, 0x2b, 0x17, 0xd0, 0x7b, 0x68,
  0xdb, 0x68, 0x3b, 0x61, 0x7b, 0x69, 0x5b, 0x00, 0x03, 0x22, 0x02, 0xfa,
  0x03, 0xf3, 0xdb, 0x43, 0x3a, 0x69, 0x13, 0x40, 0x3b, 0x61, 0x3b, 0x68,
  0x9a, 0x68, 0x7b, 0x69, 0x5b, 0x00, 0x02, 0xfa, 0x03, 0xf3, 0x3a, 0x69,
  0x13, 0x43, 0x3b, 0x61, 0x7b, 0x68, 0x3a, 0x69, 0xda, 0x60, 0x3b, 0x68,
  0x5b, 0x68, 0x03, 0xf0, 0x03, 0x03, 0x02, 0x2b, 0x23, 0xd1, 0x7b, 0x69,
  0xda, 0x08, 0x7b, 0x68, 0x08, 0x32, 0x53, 0xf8, 0x22, 0x30, 0x3b, 0x61,
  0x7b, 0x69, 0x03, 0xf0, 0x07, 0x03, 0x9b, 0x00, 0x0f, 0x22, 0x02, 0xfa,
  0x03, 0xf3, 0xdb, 0x43, 0x3a, 0x69, 0x13, 0x40, 0x3b, 0x61, 0x3b, 0x68,
  0x1a, 0x69, 0x7b, 0x69, 0x03, 0xf0, 0x07, 0x03, 0x9b, 0x00, 0x02, 0xfa,
  0x03, 0xf3, 0x3a, 0x69, 0x13, 0x43, 0x3b, 0x61, 0x7b, 0x69, 0xda, 0x08,
  0x7b, 0x68, 0x08, 0x32, 0x39, 0x69, 0x43, 0xf8, 0x22, 0x10, 0x7b, 0x68,
  0x1b, 0x68, 0x3b, 0x61, 0x7b, 0x69, 0x5b, 0x00, 0x03, 0x22, 0x02, 0xfa,
  0x03, 0xf3, 0xdb, 0x43, 0x3a, 0x69, 0x13, 0x40, 0x3b, 0x61, 0x3b, 0x68,
  0x5b, 0x68, 0x03, 0xf0, 0x03, 0x02, 0x7b, 0x69, 0x5b, 0x00, 0x02, 0xfa,
  0x03, 0xf3, 0x3a, 0x69, 0x13, 0x43, 0x3b, 0x61, 0x7b, 0x68, 0x3a, 0x69,
  0x1a, 0x60, 0x3b, 0x68, 0x5b, 0x68, 0x03, 0xf4, 0x40, 0x33, 0x00, 0x2b,
  0x00, 0xf0, 0xa4, 0x80, 0x5a, 0x4a, 0x7b, 0x69, 0x9b, 0x08, 0x18, 0x33,
  0x52, 0xf8, 0x23, 0x30, 0x3b, 0x61, 0x7b, 0x69, 0x03, 0xf0, 0x03, 0x03,
  0xdb, 0x00, 0x0f, 0x22, 0x02, 0xfa, 0x03, 0xf3, 0xdb, 0x43, 0x3a, 0x69,
  0x13, 0x40, 0x3b, 0x61, 0x7b, 0x68, 0x52, 0x4a, 0x93, 0x42, 0x25, 0xd0,
  0x7b, 0x68, 0x51, 0x4a, 0x93, 0x42, 0x1f, 0xd0, 0x7b, 0x68, 0x50, 0x4a,
  0x93, 0x42, 0x19, 0xd0, 0x7b, 0x68, 0x4f, 0x4a, 0x93, 0x42, 0x13, 0xd0,
  0x7b, 0x68, 0x4e, 0x4a, 0x93, 0x42, 0x0d, 0xd0, 0x7b, 0x68, 0x4d, 0x4a,
  0x93, 0x42, 0x07, 0xd0, 0x7b, 0x68, 0x4c, 0x4a, 0x93, 0x42, 0x01, 0xd1,
  0x07, 0x23, 0x0c, 0xe0, 0x10, 0x23, 0x0a, 0xe0, 0x06, 0x23, 0x08, 0xe0,
  0x04, 0x23, 0x06, 0xe0, 0x03, 0x23, 0x04, 0xe0, 0x02, 0x23, 0x02, 0xe0,
  0x01, 0x23, 0x00, 0xe0, 0x00, 0x23, 0x7a, 0x69, 0x02, 0xf0, 0x03, 0x02,
  0xd2, 0x00, 0x93, 0x40, 0x3a, 0x69, 0x13, 0x43, 0x3b, 0x61, 0x38, 0x49,
  0x7b, 0x69, 0x9b, 0x08, 0x18, 0x33, 0x3a, 0x69, 0x41, 0xf8, 0x23, 0x20,
  0x34, 0x4b, 0xd3, 0xf8, 0x80, 0x30, 0x3b, 0x61, 0xfb, 0x68, 0xdb, 0x43,
  0x3a, 0x69, 0x13, 0x40, 0x3b, 0x61, 0x3b, 0x68, 0x5b, 0x68, 0x03, 0xf4,
  0x80, 0x33, 0x00, 0x2b, 0x03, 0xd0, 0x3a, 0x69, 0xfb, 0x68, 0x13, 0x43,
  0x3b, 0x61, 0x2b, 0x4a, 0x3b, 0x69, 0xc2, 0xf8, 0x80, 0x30, 0x29, 0x4b,
  0xd3, 0xf8, 0x84, 0x30, 0x3b, 0x61, 0xfb, 0x68, 0xdb, 0x43, 0x3a, 0x69,
  0x13, 0x40, 0x3b, 0x61, 0x3b, 0x68, 0x5b, 0x68, 0x03, 0xf4, 0x00, 0x33,
  0x00, 0x2b, 0x03, 0xd0, 0x3a, 0x69, 0xfb, 0x68, 0x13, 0x43, 0x3b, 0x61,
  0x1f, 0x4a, 0x3b, 0x69, 0xc2, 0xf8, 0x84, 0x30, 0x1d, 0x4b, 0x1b, 0x68,
  0x3b, 0x61, 0xfb, 0x68, 0xdb, 0x43, 0x3a, 0x69, 0x13, 0x40, 0x3b, 0x61,
  0x3b, 0x68, 0x5b, 0x68, 0x03, 0xf4, 0x80, 0x13, 0x00, 0x2b, 0x03, 0xd0,
  0x3a, 0x69, 0xfb, 0x68, 0x13, 0x43, 0x3b, 0x61, 0x14, 0x4a, 0x3b, 0x69,
  0x13, 0x60, 0x13, 0x4b, 0x5b, 0x68, 0x3b, 0x61, 0xfb, 0x68, 0xdb, 0x43,
  0x3a, 0x69, 0x13, 0x40, 0x3b, 0x61, 0x3b, 0x68, 0x5b, 0x68, 0x03, 0xf4,
  0x00, 0x13, 0x00, 0x2b, 0x03, 0xd0, 0x3a, 0x69, 0xfb, 0x68, 0x13, 0x43,
  0x3b, 0x61, 0x0a, 0x4a, 0x3b, 0x69, 0x53, 0x60, 0x7b, 0x69, 0x01, 0x33,
  0x7b, 0x61, 0x3b, 0x68, 0x1a, 0x68, 0x7b, 0x69, 0x22, 0xfa, 0x03, 0xf3,
  0x00, 0x2b, 0x7f, 0xf4, 0x95, 0xae, 0x00, 0xbf, 0x00, 0xbf, 0x1c, 0x37,
  0xbd, 0x46, 0x5d, 0xf8, 0x04, 0x7b, 0x70, 0x47, 0x00, 0x20, 0x03, 0x40,
  0x00, 0x00, 0x02, 0x42, 0x00, 0x04, 0x02, 0x42, 0x00, 0x08, 0x02, 0x42,
  0x00, 0x0c, 0x02, 0x42, 0x00, 0x10, 0x02, 0x42, 0x00, 0x18, 0x02, 0x42,
  0x00, 0x1c, 0x02, 0x42, 0x80, 0xb4, 0x87, 0xb0, 0x00, 0xaf, 0x78, 0x60,
  0x39, 0x60, 0x00, 0x23, 0x7b, 0x61, 0xc7, 0xe0, 0x01, 0x22, 0x7b, 0x69,
  0x02, 0xfa, 0x03, 0xf3, 0x3a, 0x68, 0x13, 0x40, 0x3b, 0x61, 0x3b, 0x69,
  0x00, 0x2b, 0x00, 0xf0, 0xba, 0x80, 0x65, 0x4a, 0x7b, 0x69, 0x9b, 0x08,
  0x18, 0x33, 0x52, 0xf8, 0x23, 0x30, 0xfb, 0x60, 0x7b, 0x69, 0x03, 0xf0,
  0x03, 0x03, 0xdb, 0x00, 0x0f, 0x22, 0x02, 0xfa, 0x03, 0xf3, 0xfa, 0x68,
  0x13, 0x40, 0xfb, 0x60, 0x7b, 0x68, 0x5d, 0x4a, 0x93, 0x42, 0x25, 0xd0,
  0x7b, 0x68, 0x5c, 0x4a, 0x93, 0x42, 0x1f, 0xd0, 0x7b, 0x68, 0x5b, 0x4a,
  0x93, 0x42, 0x19, 0xd0, 0x7b, 0x68, 0x5a, 0x4a, 0x93, 0x42, 0x13, 0xd0,
  0x7b, 0x68, 0x59, 0x4a, 0x93, 0x42, 0x0d, 0xd0, 0x7b, 0x68, 0x58, 0x4a,
  0x93, 0x42, 0x07, 0xd0, 0x7b, 0x68, 0x57, 0x4a, 0x93, 0x42, 0x01, 0xd1,
  0x07, 0x23, 0x0c, 0xe0, 0x10, 0x23, 0x0a, 0xe0, 0x06, 0x23, 0x08, 0xe0,
  0x04, 0x23, 0x06, 0xe0, 0x03, 0x23, 0x04, 0xe0, 0x02, 0x23, 0x02, 0xe0,
  0x01, 0x23, 0x00, 0xe0, 0x00, 0x23, 0x7a, 0x69, 0x02, 0xf0, 0x03, 0x02,
  0xd2, 0x00, 0x93, 0x40, 0xfa, 0x68, 0x9a, 0x42, 0x36, 0xd1, 0x43, 0x4b,
  0xd3, 0xf8, 0x80, 0x20, 0x3b, 0x69, 0xdb, 0x43, 0x40, 0x49, 0x13, 0x40,
  0xc1, 0xf8, 0x80, 0x30, 0x3e, 0x4b, 0xd3, 0xf8, 0x84, 0x20, 0x3b, 0x69,
  0xdb, 0x43, 0x3c, 0x49, 0x13, 0x40, 0xc1, 0xf8, 0x84, 0x30, 0x3a, 0x4b,
  0x1a, 0x68, 0x3b, 0x69, 0xdb, 0x43, 0x38, 0x49, 0x13, 0x40, 0x0b, 0x60,
  0x36, 0x4b, 0x5a, 0x68, 0x3b, 0x69, 0xdb, 0x43, 0x34, 0x49, 0x13, 0x40,
  0x4b, 0x60, 0x7b, 0x69, 0x03, 0xf0, 0x03, 0x03, 0xdb, 0x00, 0x0f, 0x22,
  0x02, 0xfa, 0x03, 0xf3, 0xfb, 0x60, 0x2f, 0x4a, 0x7b, 0x69, 0x9b, 0x08,
  0x18, 0x33, 0x52, 0xf8, 0x23, 0x10, 0xfb, 0x68, 0xda, 0x43, 0x2b, 0x48,
  0x7b, 0x69, 0x9b, 0x08, 0x0a, 0x40, 0x18, 0x33, 0x40, 0xf8, 0x23, 0x20,
  0x7b, 0x68, 0x1a, 0x68, 0x7b, 0x69, 0x5b, 0x00, 0x03, 0x21, 0x01, 0xfa,
  0x03, 0xf3, 0x1a, 0x43, 0x7b, 0x68, 0x1a, 0x60, 0x7b, 0x69, 0xda, 0x08,
  0x7b, 0x68, 0x08, 0x32, 0x53, 0xf8, 0x22, 0x10, 0x7b, 0x69, 0x03, 0xf0,
  0x07, 0x03, 0x9b, 0x00, 0x0f, 0x22, 0x02, 0xfa, 0x03, 0xf3, 0xdb, 0x43,
  0x7a, 0x69, 0xd2, 0x08, 0x19, 0x40, 0x7b, 0x68, 0x08, 0x32, 0x43, 0xf8,
  0x22, 0x10, 0x7b, 0x68, 0x9a, 0x68, 0x7b, 0x69, 0x5b, 0x00, 0x03, 0x21,
  0x01, 0xfa, 0x03, 0xf3, 0xdb, 0x43, 0x1a, 0x40, 0x7b, 0x68, 0x9a, 0x60,
  0x7b, 0x68, 0x5a, 0x68, 0x01, 0x21, 0x7b, 0x69, 0x01, 0xfa, 0x03, 0xf3,
  0xdb, 0x43, 0x1a, 0x40, 0x7b, 0x68, 0x5a, 0x60, 0x7b, 0x68, 0xda, 0x68,
  0x7b, 0x69, 0x5b, 0x00, 0x03, 0x21, 0x01, 0xfa, 0x03, 0xf3, 0xdb, 0x43,
  0x1a, 0x40, 0x7b, 0x68, 0xda, 0x60, 0x7b, 0x69, 0x01, 0x33, 0x7b, 0x61,
  0x3a, 0x68, 0x7b, 0x69, 0x22, 0xfa, 0x03, 0xf3, 0x00, 0x2b, 0x7f, 0xf4,
  0x31, 0xaf, 0x00, 0xbf, 0x00, 0xbf, 0x1c, 0x37, 0xbd, 0x46, 0x5d, 0xf8,
  0x04, 0x7b, 0x70, 0x47, 0x00, 0x20, 0x03, 0x40, 0x00, 0x00, 0x02, 0x42,
  0x00, 0x04, 0x02, 0x42, 0x00, 0x08, 0x02, 0x42, 0x00, 0x0c, 0x02, 0x42,
  0x00, 0x10, 0x02, 0x42, 0x00, 0x18, 0x02, 0x42, 0x00, 0x1c, 0x02, 0x42,
  0x80, 0xb4, 0x83, 0xb0, 0x00, 0xaf, 0x78, 0x60, 0x0b, 0x46, 0x7b, 0x80,
  0x13, 0x46, 0x7b, 0x70, 0x7b, 0x78, 0x00, 0x2b, 0x03, 0xd0, 0x7a, 0x88,
  0x7b, 0x68, 0x9a, 0x61, 0x02, 0xe0, 0x7a, 0x88, 0x7b, 0x68, 0x9a, 0x62,
  0x00, 0xbf, 0x0c, 0x37, 0xbd, 0x46, 0x5d, 0xf8, 0x04, 0x7b, 0x70, 0x47,
  0x80, 0xb5, 0x82, 0xb0, 0x00, 0xaf, 0x78, 0x60, 0x7b, 0x68, 0x00, 0x2b,
  0x01, 0xd1, 0x01, 0x23, 0x8d, 0xe0, 0x7b, 0x68, 0x93, 0xf8, 0x41, 0x30,
  0xdb, 0xb2, 0x00, 0x2b, 0x06, 0xd1, 0x7b, 0x68, 0x00, 0x22, 0x83, 0xf8,
  0x40, 0x20, 0x78, 0x68, 0xfe, 0xf7, 0x66, 0xf8, 0x7b, 0x68, 0x24, 0x22,
  0x83, 0xf8, 0x41, 0x20, 0x7b, 0x68, 0x1b, 0x68, 0x1a, 0x68, 0x7b, 0x68,
  0x1b, 0x68, 0x22, 0xf0, 0x01, 0x02, 0x1a, 0x60, 0x7b, 0x68, 0x5a, 0x68,
  0x7b, 0x68, 0x1b, 0x68, 0x22, 0xf0, 0x70, 0x62, 0x1a, 0x61, 0x7b, 0x68,
  0x1b, 0x68, 0x9a, 0x68, 0x7b, 0x68, 0x1b, 0x68, 0x22, 0xf4, 0x00, 0x42,
  0x9a, 0x60, 0x7b, 0x68, 0xdb, 0x68, 0x01, 0x2b, 0x07, 0xd1, 0x7b, 0x68,
  0x9a, 0x68, 0x7b, 0x68, 0x1b, 0x68, 0x42, 0xf4, 0x00, 0x42, 0x9a, 0x60,
  0x06, 0xe0, 0x7b, 0x68, 0x9a, 0x68, 0x7b, 0x68, 0x1b, 0x68, 0x42, 0xf4,
  0x04, 0x42, 0x9a, 0x60, 0x7b, 0x68, 0xdb, 0x68, 0x02, 0x2b, 0x08, 0xd1,
  0x7b, 0x68, 0x1b, 0x68, 0x5a, 0x68, 0x7b, 0x68, 0x1b, 0x68, 0x42, 0xf4,
  0x00, 0x62, 0x5a, 0x60, 0x07, 0xe0, 0x7b, 0x68, 0x1b, 0x68, 0x5a, 0x68,
  0x7b, 0x68, 0x1b, 0x68, 0x22, 0xf4, 0x00, 0x62, 0x5a, 0x60, 0x7b, 0x68,
  0x1b, 0x68, 0x5b, 0x68, 0x7a, 0x68, 0x12, 0x68, 0x43, 0xf0, 0x00, 0x73,
  0x43, 0xf4, 0x00, 0x43, 0x53, 0x60, 0x7b, 0x68, 0x1b, 0x68, 0xda, 0x68,
  0x7b, 0x68, 0x1b, 0x68, 0x22, 0xf4, 0x00, 0x42, 0xda, 0x60, 0x7b, 0x68,
  0x1a, 0x69, 0x7b, 0x68, 0x5b, 0x69, 0x42, 0xea, 0x03, 0x01, 0x7b, 0x68,
  0x9b, 0x69, 0x1a, 0x02, 0x7b, 0x68, 0x1b, 0x68, 0x0a, 0x43, 0xda, 0x60,
  0x7b, 0x68, 0xd9, 0x69, 0x7b, 0x68, 0x1a, 0x6a, 0x7b, 0x68, 0x1b, 0x68,
  0x0a, 0x43, 0x1a, 0x60, 0x7b, 0x68, 0x1b, 0x68, 0x1a, 0x68, 0x7b, 0x68,
  0x1b, 0x68, 0x42, 0xf0, 0x01, 0x02, 0x1a, 0x60, 0x7b, 0x68, 0x00, 0x22,
  0x5a, 0x64, 0x7b, 0x68, 0x20, 0x22, 0x83, 0xf8, 0x41, 0x20, 0x7b, 0x68,
  0x00, 0x22, 0x1a, 0x63, 0x7b, 0x68, 0x00, 0x22, 0x83, 0xf8, 0x42, 0x20,
  0x00, 0x23, 0x18, 0x46, 0x08, 0x37, 0xbd, 0x46, 0x80, 0xbd, 0x80, 0xb5,
  0x82, 0xb0, 0x00, 0xaf, 0x78, 0x60, 0x7b, 0x68, 0x00, 0x2b, 0x01, 0xd1,
  0x01, 0x23, 0x21, 0xe0, 0x7b, 0x68, 0x24, 0x22, 0x83, 0xf8, 0x41, 0x20,
  0x7b, 0x68, 0x1b, 0x68, 0x1a, 0x68, 0x7b, 0x68, 0x1b, 0x68, 0x22, 0xf0,
  0x01, 0x02, 0x1a, 0x60, 0x78, 0x68, 0xfe, 0xf7, 0x3d, 0xf8, 0x7b, 0x68,
  0x00, 0x22, 0x5a, 0x64, 0x7b, 0x68, 0x00, 0x22, 0x83, 0xf8, 0x41, 0x20,
  0x7b, 0x68, 0x00, 0x22, 0x1a, 0x63, 0x7b, 0x68, 0x00, 0x22, 0x83, 0xf8,
  0x42, 0x20, 0x7b, 0x68, 0x00, 0x22, 0x83, 0xf8, 0x40, 0x20, 0x00, 0x23,
  0x18, 0x46, 0x08, 0x37, 0xbd, 0x46, 0x80, 0xbd, 0x80, 0xb5, 0x86, 0xb0,
  0x00, 0xaf, 0xf8, 0x60, 0xb9, 0x60, 0x3b, 0x60, 0x13, 0x46, 0xfb, 0x80,
  0xfb, 0x68, 0x93, 0xf8, 0x41, 0x30, 0xdb, 0xb2, 0x03, 0xf0, 0x28, 0x03,
  0x28, 0x2b, 0x40, 0xf0, 0x98, 0x80, 0xbb, 0x68, 0x00, 0x2b, 0x02, 0xd0,
  0xfb, 0x88, 0x00, 0x2b, 0x05, 0xd1, 0xfb, 0x68, 0x4f, 0xf4, 0x00, 0x72,
  0x5a, 0x64, 0x01, 0x23, 0x8c, 0xe0, 0x48, 0xf2, 0x01, 0x01, 0xf8, 0x68,
  0x01, 0xf0, 0x0e, 0xfc, 0xfb, 0x68, 0x93, 0xf8, 0x40, 0x30, 0x01, 0x2b,
  0x01, 0xd1, 0x02, 0x23, 0x80, 0xe0, 0xfb, 0x68, 0x01, 0x22, 0x83, 0xf8,
  0x40, 0x20, 0xfb, 0x68, 0x93, 0xf8, 0x41, 0x30, 0xdb, 0xb2, 0x2a, 0x2b,
  0x2a, 0xd1, 0x02, 0x21, 0xf8, 0x68, 0x01, 0xf0, 0xf9, 0xfb, 0xfb, 0x68,
  0x1b, 0x68, 0x1b, 0x68, 0x03, 0xf4, 0x00, 0x43, 0xb3, 0xf5, 0x00, 0x4f,
  0x1e, 0xd1, 0xfb, 0x68, 0x1b, 0x68, 0x1a, 0x68, 0xfb, 0x68, 0x1b, 0x68,
  0x22, 0xf4, 0x00, 0x42, 0x1a, 0x60, 0xfb, 0x68, 0xdb, 0x6b, 0x00, 0x2b,
  0x12, 0xd0, 0xfb, 0x68, 0xdb, 0x6b, 0x30, 0x4a, 0xda, 0x66, 0xfb, 0x68,
  0xdb, 0x6b, 0x18, 0x46, 0xfe, 0xf7, 0x2a, 0xfc, 0x03, 0x46, 0x00, 0x2b,
  0x06, 0xd0, 0xfb, 0x68, 0xdb, 0x6b, 0xdb, 0x6e, 0xfa, 0x68, 0xd2, 0x6b,
  0x10, 0x46, 0x98, 0x47, 0xfb, 0x68, 0x29, 0x22, 0x83, 0xf8, 0x41, 0x20,
  0xfb, 0x68, 0x20, 0x22, 0x83, 0xf8, 0x42, 0x20, 0xfb, 0x68, 0x00, 0x22,
  0x5a, 0x64, 0xfb, 0x68, 0x1b, 0x68, 0x5a, 0x68, 0xfb, 0x68, 0x1b, 0x68,
  0x22, 0xf4, 0x00, 0x42, 0x5a, 0x60, 0xfb, 0x68, 0xba, 0x68, 0x5a, 0x62,
  0xfb, 0x68, 0xfa, 0x88, 0x5a, 0x85, 0xfb, 0x68, 0x5b, 0x8d, 0x9a, 0xb2,
  0xfb, 0x68, 0x1a, 0x85, 0xfb, 0x68, 0x3a, 0x68, 0xda, 0x62, 0xfb, 0x68,
  0x17, 0x4a, 0x5a, 0x63, 0xfb, 0x68, 0x1b, 0x68, 0x9b, 0x69, 0x03, 0xf0,
  0x08, 0x03, 0x08, 0x2b, 0x0c, 0xbf, 0x01, 0x23, 0x00, 0x23, 0xdb, 0xb2,
  0xfb, 0x75, 0xfb, 0x68, 0x1b, 0x68, 0x9b, 0x69, 0x1b, 0x0c, 0xdb, 0xb2,
  0x03, 0xf0, 0x01, 0x03, 0xdb, 0xb2, 0x01, 0x2b, 0x06, 0xd1, 0xfb, 0x7d,
  0x00, 0x2b, 0x03, 0xd0, 0xfb, 0x68, 0x1b, 0x68, 0x08, 0x22, 0xda, 0x61,
  0xfb, 0x68, 0x00, 0x22, 0x83, 0xf8, 0x40, 0x20, 0x48, 0xf2, 0x01, 0x01,
  0xf8, 0x68, 0x01, 0xf0, 0x05, 0xfb, 0x00, 0x23, 0x00, 0xe0, 0x01, 0x23,
  0x18, 0x46, 0x18, 0x37, 0xbd, 0x46, 0x80, 0xbd, 0xf7, 0x47, 0x00, 0x08,
  0xd7, 0x35, 0x00, 0x08, 0x80, 0xb5, 0x86, 0xb0, 0x00, 0xaf, 0xf8, 0x60,
  0xb9, 0x60, 0x3b, 0x60, 0x13, 0x46, 0xfb, 0x80, 0xfb, 0x68, 0x93, 0xf8,
  0x41, 0x30, 0xdb, 0xb2, 0x03, 0xf0, 0x28, 0x03, 0x28, 0x2b, 0x40, 0xf0,
  0x98, 0x80, 0xbb, 0x68, 0x00, 0x2b, 0x02, 0xd0, 0xfb, 0x88, 0x00, 0x2b,
  0x05, 0xd1, 0xfb, 0x68, 0x4f, 0xf4, 0x00, 0x72, 0x5a, 0x64, 0x01, 0x23,
  0x8c, 0xe0, 0x48, 0xf2, 0x02, 0x01, 0xf8, 0x68, 0x01, 0xf0, 0x5c, 0xfb,
  0xfb, 0x68, 0x93, 0xf8, 0x40, 0x30, 0x01, 0x2b, 0x01, 0xd1, 0x02, 0x23,
  0x80, 0xe0, 0xfb, 0x68, 0x01, 0x22, 0x83, 0xf8, 0x40, 0x20, 0xfb, 0x68,
  0x93, 0xf8, 0x41, 0x30, 0xdb, 0xb2, 0x29, 0x2b, 0x2a, 0xd1, 0x01, 0x21,
  0xf8, 0x68, 0x01, 0xf0, 0x47, 0xfb, 0xfb, 0x68, 0x1b, 0x68, 0x1b, 0x68,
  0x03, 0xf4, 0x80, 0x43, 0xb3, 0xf5, 0x80, 0x4f, 0x1e, 0xd1, 0xfb, 0x68,
  0x1b, 0x68, 0x1a, 0x68, 0xfb, 0x68, 0x1b, 0x68, 0x22, 0xf4, 0x80, 0x42,
  0x1a, 0x60, 0xfb, 0x68, 0x9b, 0x6b, 0x00, 0x2b, 0x12, 0xd0, 0xfb, 0x68,
  0x9b, 0x6b, 0x30, 0x4a, 0xda, 0x66, 0xfb, 0x68, 0x9b, 0x6b, 0x18, 0x46,
  0xfe, 0xf7, 0x78, 0xfb, 0x03, 0x46, 0x00, 0x2b, 0x06, 0xd0, 0xfb, 0x68,
  0x9b, 0x6b, 0xdb, 0x6e, 0xfa, 0x68, 0x92, 0x6b, 0x10, 0x46, 0x98, 0x47,
  0xfb, 0x68, 0x2a, 0x22, 0x83, 0xf8, 0x41, 0x20, 0xfb, 0x68, 0x20, 0x22,
  0x83, 0xf8, 0x42, 0x20, 0xfb, 0x68, 0x00, 0x22, 0x5a, 0x64, 0xfb, 0x68,
  0x1b, 0x68, 0x5a, 0x68, 0xfb, 0x68, 0x1b, 0x68, 0x22, 0xf4, 0x00, 0x42,
  0x5a, 0x60, 0xfb, 0x68, 0xba, 0x68, 0x5a, 0x62, 0xfb, 0x68, 0xfa, 0x88,
  0x5a, 0x85, 0xfb, 0x68, 0x5b, 0x8d, 0x9a, 0xb2, 0xfb, 0x68, 0x1a, 0x85,
  0xfb, 0x68, 0x3a, 0x68, 0xda, 0x62, 0xfb, 0x68, 0x17, 0x4a, 0x5a, 0x63,
  0xfb, 0x68, 0x1b, 0x68, 0x9b, 0x69, 0x03, 0xf0, 0x08, 0x03, 0x08, 0x2b,
  0x0c, 0xbf, 0x01, 0x23, 0x00, 0x23, 0xdb, 0xb2, 0xfb, 0x75, 0xfb, 0x68,
  0x1b, 0x68, 0x9b, 0x69, 0x1b, 0x0c, 0xdb, 0xb2, 0x03, 0xf0, 0x01, 0x03,
  0xdb, 0xb2, 0x00, 0x2b, 0x06, 0xd1, 0xfb, 0x7d, 0x00, 0x2b, 0x03, 0xd0,
  0xfb, 0x68, 0x1b, 0x68, 0x08, 0x22, 0xda, 0x61, 0xfb, 0x68, 0x00, 0x22,
  0x83, 0xf8, 0x40, 0x20, 0x48, 0xf2, 0x02, 0x01, 0xf8, 0x68, 0x01, 0xf0,
  0x53, 0xfa, 0x00, 0x23, 0x00, 0xe0, 0x01, 0x23, 0x18, 0x46, 0x18, 0x37,
  0xbd, 0x46, 0x80, 0xbd, 0xf7, 0x47, 0x00, 0x08, 0xd7, 0x35, 0x00, 0x08,
  0x80, 0xb5, 0x82, 0xb0, 0x00, 0xaf, 0x78, 0x60, 0x7b, 0x68, 0x93, 0xf8,
  0x41, 0x30, 0xdb, 0xb2, 0x20, 0x2b, 0x0d, 0xd1, 0x7b, 0x68, 0x28, 0x22,
  0x83, 0xf8, 0x41, 0x20, 0x7b, 0x68, 0x07, 0x4a, 0x5a, 0x63, 0x4f, 0xf4,
  0x00, 0x41, 0x78, 0x68, 0x01, 0xf0, 0x32, 0xfa, 0x00, 0x23, 0x00, 0xe0,
  0x02, 0x23, 0x18, 0x46, 0x08, 0x37, 0xbd, 0x46, 0x80, 0xbd, 0x00, 0xbf,
  0xd7, 0x35, 0x00, 0x08, 0x80, 0xb5, 0x84, 0xb0, 0x00, 0xaf, 0x78, 0x60,
  0x7b, 0x68, 0x1b, 0x68, 0x9b, 0x69, 0xfb, 0x60, 0x7b, 0x68, 0x1b, 0x68,
  0x1b, 0x68, 0xbb, 0x60, 0x7b, 0x68, 0x5b, 0x6b, 0x00, 0x2b, 0x05, 0xd0,
  0x7b, 0x68, 0x5b, 0x6b, 0xba, 0x68, 0xf9, 0x68, 0x78, 0x68, 0x98, 0x47,
  0x00, 0xbf, 0x10, 0x37, 0xbd, 0x46, 0x80, 0xbd, 0x80, 0xb5, 0x86, 0xb0,
  0x00, 0xaf, 0x78, 0x60, 0x7b, 0x68, 0x1b, 0x68, 0x9b, 0x69, 0x7b, 0x61,
  0x7b, 0x68, 0x1b, 0x68, 0x1b, 0x68, 0x3b, 0x61, 0x7b, 0x69, 0x1b, 0x0a,
  0x03, 0xf0, 0x01, 0x03, 0x00, 0x2b, 0x10, 0xd0, 0x3b, 0x69, 0xdb, 0x09,
  0x03, 0xf0, 0x01, 0x03, 0x00, 0x2b, 0x0a, 0xd0, 0x7b, 0x68, 0x5b, 0x6c,
  0x43, 0xf0, 0x01, 0x02, 0x7b, 0x68, 0x5a, 0x64, 0x7b, 0x68, 0x1b, 0x68,
  0x4f, 0xf4, 0x80, 0x72, 0xda, 0x61, 0x7b, 0x69, 0x9b, 0x0a, 0x03, 0xf0,
  0x01, 0x03, 0x00, 0x2b, 0x10, 0xd0, 0x3b, 0x69, 0xdb, 0x09, 0x03, 0xf0,
  0x01, 0x03, 0x00, 0x2b, 0x0a, 0xd0, 0x7b, 0x68, 0x5b, 0x6c, 0x43, 0xf0,
  0x08, 0x02, 0x7b, 0x68, 0x5a, 0x64, 0x7b, 0x68, 0x1b, 0x68, 0x4f, 0xf4,
  0x80, 0x62, 0xda, 0x61, 0x7b, 0x69, 0x5b, 0x0a, 0x03, 0xf0, 0x01, 0x03,
  0x00, 0x2b, 0x10, 0xd0, 0x3b, 0x69, 0xdb, 0x09, 0x03, 0xf0, 0x01, 0x03,
  0x00, 0x2b, 0x0a, 0xd0, 0x7b, 0x68, 0x5b, 0x6c, 0x43, 0xf0, 0x02, 0x02,
  0x7b, 0x68, 0x5a, 0x64, 0x7b, 0x68, 0x1b, 0x68, 0x4f, 0xf4, 0x00, 0x72,
  0xda, 0x61, 0x7b, 0x68, 0x5b, 0x6c, 0xfb, 0x60, 0xfb, 0x68, 0x03, 0xf0,
  0x0b, 0x03, 0x00, 0x2b, 0x03, 0xd0, 0xf9, 0x68, 0x78, 0x68, 0x01, 0xf0,
  0x25, 0xf8, 0x00, 0xbf, 0x18, 0x37, 0xbd, 0x46, 0x80, 0xbd, 0x80, 0xb4,
  0x83, 0xb0, 0x00, 0xaf, 0x78, 0x60, 0x00, 0xbf, 0x0c, 0x37, 0xbd, 0x46,
  0x5d, 0xf8, 0x04, 0x7b, 0x70, 0x47, 0x80, 0xb4, 0x83, 0xb0, 0x00, 0xaf,
  0x78, 0x60, 0x00, 0xbf, 0x0c, 0x37, 0xbd, 0x46, 0x5d, 0xf8, 0x04, 0x7b,
  0x70, 0x47, 0x80, 0xb4, 0x83, 0xb0, 0x00, 0xaf, 0x78, 0x60, 0x00, 0xbf,
  0x0c, 0x37, 0xbd, 0x46, 0x5d, 0xf8, 0x04, 0x7b, 0x70, 0x47, 0x80, 0xb4,
  0x83, 0xb0, 0x00, 0xaf, 0x78, 0x60, 0x00, 0xbf, 0x0c, 0x37, 0xbd, 0x46,
  0x5d, 0xf8, 0x04, 0x7b, 0x70, 0x47, 0x80, 0xb4, 0x83, 0xb0, 0x00, 0xaf,
  0x78, 0x60, 0x00, 0xbf, 0x0c, 0x37, 0xbd, 0x46, 0x5d, 0xf8, 0x04, 0x7b,
  0x70, 0x47, 0x80, 0xb4, 0x83, 0xb0, 0x00, 0xaf, 0x78, 0x60, 0x7b, 0x68,
  0x93, 0xf8, 0x41, 0x30, 0xdb, 0xb2, 0x18, 0x46, 0x0c, 0x37, 0xbd, 0x46,
  0x5d, 0xf8, 0x04, 0x7b, 0x70, 0x47, 0x80, 0xb4, 0x83, 0xb0, 0x00, 0xaf,
  0x78, 0x60, 0x7b, 0x68, 0x5b, 0x6c, 0x18, 0x46, 0x0c, 0x37, 0xbd, 0x46,
  0x5d, 0xf8, 0x04, 0x7b, 0x70, 0x47, 0x80, 0xb5, 0x86, 0xb0, 0x00, 0xaf,
  0xf8, 0x60, 0xb9, 0x60, 0x7a, 0x60, 0xfb, 0x68, 0xdb, 0x6a, 0x7b, 0x61,
  0xbb, 0x68, 0x3b, 0x61, 0xfb, 0x68, 0x93, 0xf8, 0x40, 0x30, 0x01, 0x2b,
  0x01, 0xd1, 0x02, 0x23, 0xed, 0xe0, 0xfb, 0x68, 0x01, 0x22, 0x83, 0xf8,
  0x40, 0x20, 0x3b, 0x69, 0x5b, 0x09, 0x03, 0xf0, 0x01, 0x03, 0x00, 0x2b,
  0x0a, 0xd0, 0x7b, 0x68, 0x5b, 0x09, 0x03, 0xf0, 0x01, 0x03, 0x00, 0x2b,
  0x04, 0xd0, 0x39, 0x69, 0xf8, 0x68, 0x00, 0xf0, 0xdd, 0xfd, 0xd3, 0xe0,
  0x3b, 0x69, 0x1b, 0x09, 0x03, 0xf0, 0x01, 0x03, 0x00, 0x2b, 0x4d, 0xd0,
  0x7b, 0x68, 0x1b, 0x09, 0x03, 0xf0, 0x01, 0x03, 0x00, 0x2b, 0x47, 0xd0,
  0xfb, 0x68, 0x5b, 0x8d, 0x9b, 0xb2, 0x00, 0x2b, 0x28, 0xd1, 0xfb, 0x68,
  0x93, 0xf8, 0x41, 0x30, 0xdb, 0xb2, 0x28, 0x2b, 0x08, 0xd1, 0x7b, 0x69,
  0xb3, 0xf1, 0x00, 0x7f, 0x04, 0xd1, 0x39, 0x69, 0xf8, 0x68, 0x00, 0xf0,
  0x39, 0xff, 0x32, 0xe0, 0xfb, 0x68, 0x93, 0xf8, 0x41, 0x30, 0xdb, 0xb2,
  0x29, 0x2b, 0x0e, 0xd1, 0x7b, 0x69, 0x13, 0xf5, 0x80, 0x3f, 0x0a, 0xd0,
  0xfb, 0x68, 0x1b, 0x68, 0x10, 0x22, 0xda, 0x61, 0xf8, 0x68, 0x01, 0xf0,
  0x94, 0xf8, 0xf8, 0x68, 0x00, 0xf0, 0x7f, 0xfc, 0x1d, 0xe0, 0xfb, 0x68,
  0x1b, 0x68, 0x10, 0x22, 0xda, 0x61, 0x96, 0xe0, 0xfb, 0x68, 0x1b, 0x68,
  0x10, 0x22, 0xda, 0x61, 0xfb, 0x68, 0x5b, 0x6c, 0x43, 0xf0, 0x04, 0x02,
  0xfb, 0x68, 0x5a, 0x64, 0x7b, 0x69, 0x00, 0x2b, 0x04, 0xd0, 0x7b, 0x69,
  0xb3, 0xf1, 0x80, 0x7f, 0x40, 0xf0, 0x85, 0x80, 0xfb, 0x68, 0x5b, 0x6c,
  0x19, 0x46, 0xf8, 0x68, 0x00, 0xf0, 0x5c, 0xff, 0x7d, 0xe0, 0x7c, 0xe0,
  0x3b, 0x69, 0x9b, 0x08, 0x03, 0xf0, 0x01, 0x03, 0x00, 0x2b, 0x30, 0xd0,
  0x7b, 0x68, 0x9b, 0x08, 0x03, 0xf0, 0x01, 0x03, 0x00, 0x2b, 0x2a, 0xd0,
  0xfb, 0x68, 0x5b, 0x8d, 0x9b, 0xb2, 0x00, 0x2b, 0x18, 0xd0, 0xfb, 0x68,
  0x1b, 0x68, 0x5a, 0x6a, 0xfb, 0x68, 0x5b, 0x6a, 0xd2, 0xb2, 0x1a, 0x70,
  0xfb, 0x68, 0x5b, 0x6a, 0x5a, 0x1c, 0xfb, 0x68, 0x5a, 0x62, 0xfb, 0x68,
  0x1b, 0x8d, 0x01, 0x3b, 0x9a, 0xb2, 0xfb, 0x68, 0x1a, 0x85, 0xfb, 0x68,
  0x5b, 0x8d, 0x9b, 0xb2, 0x01, 0x3b, 0x9a, 0xb2, 0xfb, 0x68, 0x5a, 0x85,
  0xfb, 0x68, 0x5b, 0x8d, 0x9b, 0xb2, 0x00, 0x2b, 0x4f, 0xd1, 0x7b, 0x69,
  0x13, 0xf5, 0x80, 0x3f, 0x4b, 0xd0, 0xf8, 0x68, 0x00, 0xf0, 0x29, 0xfc,
  0x47, 0xe0, 0x3b, 0x69, 0xdb, 0x08, 0x03, 0xf0, 0x01, 0x03, 0x00, 0x2b,
  0x0a, 0xd0, 0x7b, 0x68, 0xdb, 0x08, 0x03, 0xf0, 0x01, 0x03, 0x00, 0x2b,
  0x04, 0xd0, 0x39, 0x69, 0xf8, 0x68, 0x00, 0xf0, 0x57, 0xfb, 0x37, 0xe0,
  0x3b, 0x69, 0x5b, 0x08, 0x03, 0xf0, 0x01, 0x03, 0x00, 0x2b, 0x31, 0xd0,
  0x7b, 0x68, 0x5b, 0x08, 0x03, 0xf0, 0x01, 0x03, 0x00, 0x2b, 0x2b, 0xd0,
  0xfb, 0x68, 0x5b, 0x8d, 0x9b, 0xb2, 0x00, 0x2b, 0x18, 0xd0, 0xfb, 0x68,
  0x5b, 0x6a, 0x1a, 0x78, 0xfb, 0x68, 0x1b, 0x68, 0x9a, 0x62, 0xfb, 0x68,
  0x5b, 0x6a, 0x5a, 0x1c, 0xfb, 0x68, 0x5a, 0x62, 0xfb, 0x68, 0x5b, 0x8d,
  0x9b, 0xb2, 0x01, 0x3b, 0x9a, 0xb2, 0xfb, 0x68, 0x5a, 0x85, 0xfb, 0x68,
  0x1b, 0x8d, 0x01, 0x3b, 0x9a, 0xb2, 0xfb, 0x68, 0x1a, 0x85, 0x0d, 0xe0,
  0x7b, 0x69, 0xb3, 0xf1, 0x80, 0x7f, 0x02, 0xd0, 0x7b, 0x69, 0x00, 0x2b,
  0x06, 0xd1, 0xf8, 0x68, 0x00, 0xf0, 0xe3, 0xfb, 0x02, 0xe0, 0x00, 0xbf,
  0x00, 0xe0, 0x00, 0xbf, 0xfb, 0x68, 0x00, 0x22, 0x83, 0xf8, 0x40, 0x20,
  0x00, 0x23, 0x18, 0x46, 0x18, 0x37, 0xbd, 0x46, 0x80, 0xbd, 0x80, 0xb5,
  0x88, 0xb0, 0x02, 0xaf, 0xf8, 0x60, 0xb9, 0x60, 0x7a, 0x60, 0xfb, 0x68,
  0x93, 0xf8, 0x40, 0x30, 0x01, 0x2b, 0x01, 0xd1, 0x02, 0x23, 0xe1, 0xe0,
  0xfb, 0x68, 0x01, 0x22, 0x83, 0xf8, 0x40, 0x20, 0xbb, 0x68, 0x1b, 0x09,
  0x03, 0xf0, 0x01, 0x03, 0x00, 0x2b, 0x17, 0xd0, 0x7b, 0x68, 0x1b, 0x09,
  0x03, 0xf0, 0x01, 0x03, 0x00, 0x2b, 0x11, 0xd0, 0xfb, 0x68, 0x1b, 0x68,
  0x10, 0x22, 0xda, 0x61, 0xfb, 0x68, 0x5b, 0x6c, 0x43, 0xf0, 0x04, 0x02,
  0xfb, 0x68, 0x5a, 0x64, 0x20, 0x21, 0xf8, 0x68, 0x01, 0xf0, 0x32, 0xf8,
  0xf8, 0x68, 0x00, 0xf0, 0xba, 0xff, 0xba, 0xe0, 0xbb, 0x68, 0xdb, 0x09,
  0x03, 0xf0, 0x01, 0x03, 0x00, 0x2b, 0x72, 0xd0, 0x7b, 0x68, 0x9b, 0x09,
  0x03, 0xf0, 0x01, 0x03, 0x00, 0x2b, 0x6c, 0xd0, 0xfb, 0x68, 0x1b, 0x68,
  0x1a, 0x68, 0xfb, 0x68, 0x1b, 0x68, 0x22, 0xf0, 0x40, 0x02, 0x1a, 0x60,
  0xfb, 0x68, 0x5b, 0x8d, 0x9b, 0xb2, 0x00, 0x2b, 0x4e, 0xd0, 0xfb, 0x68,
  0x1b, 0x68, 0x5b, 0x68, 0x9b, 0xb2, 0xc3, 0xf3, 0x09, 0x03, 0x7b, 0x82,
  0xfb, 0x68, 0x5b, 0x8d, 0x9b, 0xb2, 0xff, 0x2b, 0x06, 0xd9, 0xfb, 0x68,
  0xff, 0x22, 0x1a, 0x85, 0x4f, 0xf0, 0x80, 0x73, 0x7b, 0x61, 0x10, 0xe0,
  0xfb, 0x68, 0x5b, 0x8d, 0x9a, 0xb2, 0xfb, 0x68, 0x1a, 0x85, 0xfb, 0x68,
  0xdb, 0x6a, 0x13, 0xf5, 0x80, 0x3f, 0x03, 0xd0, 0xfb, 0x68, 0xdb, 0x6a,
  0x7b, 0x61, 0x02, 0xe0, 0x4f, 0xf0, 0x00, 0x73, 0x7b, 0x61, 0xfb, 0x68,
  0x1b, 0x8d, 0xda, 0xb2, 0x79, 0x8a, 0x00, 0x23, 0x00, 0x93, 0x7b, 0x69,
  0xf8, 0x68, 0x00, 0xf0, 0xb5, 0xff, 0xfb, 0x68, 0x5b, 0x8d, 0x9a, 0xb2,
  0xfb, 0x68, 0x1b, 0x8d, 0xd3, 0x1a, 0x9a, 0xb2, 0xfb, 0x68, 0x5a, 0x85,
  0xfb, 0x68, 0x93, 0xf8, 0x41, 0x30, 0xdb, 0xb2, 0x22, 0x2b, 0x08, 0xd1,
  0xfb, 0x68, 0x1b, 0x68, 0x1a, 0x68, 0xfb, 0x68, 0x1b, 0x68, 0x42, 0xf4,
  0x00, 0x42, 0x1a, 0x60, 0x5b, 0xe0, 0xfb, 0x68, 0x1b, 0x68, 0x1a, 0x68,
  0xfb, 0x68, 0x1b, 0x68, 0x42, 0xf4, 0x80, 0x42, 0x1a, 0x60, 0x52, 0xe0,
  0xfb, 0x68, 0x1b, 0x68, 0x5b, 0x68, 0x03, 0xf0, 0x00, 0x73, 0xb3, 0xf1,
  0x00, 0x7f, 0x03, 0xd0, 0xf8, 0x68, 0x00, 0xf0, 0xf7, 0xfa, 0x46, 0xe0,
  0x40, 0x21, 0xf8, 0x68, 0x00, 0xf0, 0x2a, 0xfe, 0x41, 0xe0, 0xbb, 0x68,
  0x9b, 0x09, 0x03, 0xf0, 0x01, 0x03, 0x00, 0x2b, 0x29, 0xd0, 0x7b, 0x68,
  0x9b, 0x09, 0x03, 0xf0, 0x01, 0x03, 0x00, 0x2b, 0x23, 0xd0, 0xfb, 0x68,
  0x5b, 0x8d, 0x9b, 0xb2, 0x00, 0x2b, 0x19, 0xd1, 0xfb, 0x68, 0x1b, 0x68,
  0x5b, 0x68, 0x03, 0xf0, 0x00, 0x73, 0xb3, 0xf1, 0x00, 0x7f, 0x27, 0xd0,
  0xfb, 0x68, 0xdb, 0x6a, 0x13, 0xf5, 0x80, 0x3f, 0x08, 0xd1, 0xfb, 0x68,
  0x1b, 0x68, 0x5a, 0x68, 0xfb, 0x68, 0x1b, 0x68, 0x42, 0xf4, 0x80, 0x42,
  0x5a, 0x60, 0x19, 0xe0, 0xf8, 0x68, 0x00, 0xf0, 0xc7, 0xfa, 0x15, 0xe0,
  0x40, 0x21, 0xf8, 0x68, 0x00, 0xf0, 0xfa, 0xfd, 0x10, 0xe0, 0xbb, 0x68,
  0x5b, 0x09, 0x03, 0xf0, 0x01, 0x03, 0x00, 0x2b, 0x0b, 0xd0, 0x7b, 0x68,
  0x5b, 0x09, 0x03, 0xf0, 0x01, 0x03, 0x00, 0x2b, 0x05, 0xd0, 0xb9, 0x68,
  0xf8, 0x68, 0x00, 0xf0, 0x4d, 0xfb, 0x00, 0xe0, 0x00, 0xbf, 0xfb, 0x68,
  0x00, 0x22, 0x83, 0xf8, 0x40, 0x20, 0x00, 0x23, 0x18, 0x46, 0x18, 0x37,
  0xbd, 0x46, 0x80, 0xbd, 0x80, 0xb5, 0x88, 0xb0, 0x02, 0xaf, 0xf8, 0x60,
  0xb9, 0x60, 0x7a, 0x60, 0x92, 0x4b, 0x7b, 0x61, 0xfb, 0x68, 0x93, 0xf8,
  0x40, 0x30, 0x01, 0x2b, 0x01, 0xd1, 0x02, 0x23, 0x18, 0xe1, 0xfb, 0x68,
  0x01, 0x22, 0x83, 0xf8, 0x40, 0x20, 0xbb, 0x68, 0x1b, 0x09, 0x03, 0xf0,
  0x01, 0x03, 0x00, 0x2b, 0x17, 0xd0, 0x7b, 0x68, 0x1b, 0x09, 0x03, 0xf0,
  0x01, 0x03, 0x00, 0x2b, 0x11, 0xd0, 0xfb, 0x68, 0x1b, 0x68, 0x10, 0x22,
  0xda, 0x61, 0xfb, 0x68, 0x5b, 0x6c, 0x43, 0xf0, 0x04, 0x02, 0xfb, 0x68,
  0x5a, 0x64, 0x20, 0x21, 0xf8, 0x68, 0x00, 0xf0, 0x3d, 0xff, 0xf8, 0x68,
  0x00, 0xf0, 0xc5, 0xfe, 0xf1, 0xe0, 0xbb, 0x68, 0x5b, 0x08, 0x03, 0xf0,
  0x01, 0x03, 0x00, 0x2b, 0x0f, 0xd0, 0x7b, 0x68, 0x5b, 0x08, 0x03, 0xf0,
  0x01, 0x03, 0x00, 0x2b, 0x09, 0xd0, 0xfb, 0x68, 0x1b, 0x68, 0xfa, 0x68,
  0x12, 0x6d, 0x9a, 0x62, 0xfb, 0x68, 0x4f, 0xf0, 0xff, 0x32, 0x1a, 0x65,
  0xdb, 0xe0, 0xbb, 0x68, 0xdb, 0x09, 0x03, 0xf0, 0x01, 0x03, 0x00, 0x2b,
  0x60, 0xd0, 0x7b, 0x68, 0x9b, 0x09, 0x03, 0xf0, 0x01, 0x03, 0x00, 0x2b,
  0x5a, 0xd0, 0x01, 0x21, 0xf8, 0x68, 0x00, 0xf0, 0x97, 0xff, 0x10, 0x21,
  0xf8, 0x68, 0x00, 0xf0, 0x0f, 0xff, 0xfb, 0x68, 0x5b, 0x8d, 0x9b, 0xb2,
  0x00, 0x2b, 0x48, 0xd0, 0xfb, 0x68, 0x5b, 0x8d, 0x9b, 0xb2, 0xff, 0x2b,
  0x10, 0xd9, 0xfb, 0x68, 0xff, 0x22, 0x1a, 0x85, 0xfb, 0x68, 0xdb, 0x6c,
  0x99, 0xb2, 0xfb, 0x68, 0x1b, 0x8d, 0xda, 0xb2, 0x00, 0x23, 0x00, 0x93,
  0x4f, 0xf0, 0x80, 0x73, 0xf8, 0x68, 0x00, 0xf0, 0xc3, 0xfe, 0x11, 0xe0,
  0xfb, 0x68, 0x5b, 0x8d, 0x9a, 0xb2, 0xfb, 0x68, 0x1a, 0x85, 0xfb, 0x68,
  0xdb, 0x6c, 0x99, 0xb2, 0xfb, 0x68, 0x1b, 0x8d, 0xda, 0xb2, 0x00, 0x23,
  0x00, 0x93, 0x4f, 0xf0, 0x00, 0x73, 0xf8, 0x68, 0x00, 0xf0, 0xb0, 0xfe,
  0xfb, 0x68, 0x5b, 0x8d, 0x9a, 0xb2, 0xfb, 0x68, 0x1b, 0x8d, 0xd3, 0x1a,
  0x9a, 0xb2, 0xfb, 0x68, 0x5a, 0x85, 0xfb, 0x68, 0x93, 0xf8, 0x41, 0x30,
  0xdb, 0xb2, 0x22, 0x2b, 0x08, 0xd1, 0xfb, 0x68, 0x1b, 0x68, 0x1a, 0x68,
  0xfb, 0x68, 0x1b, 0x68, 0x42, 0xf4, 0x00, 0x42, 0x1a, 0x60, 0x82, 0xe0,
  0xfb, 0x68, 0x1b, 0x68, 0x1a, 0x68, 0xfb, 0x68, 0x1b, 0x68, 0x42, 0xf4,
  0x80, 0x42, 0x1a, 0x60, 0x79, 0xe0, 0x40, 0x21, 0xf8, 0x68, 0x00, 0xf0,
  0x31, 0xfd, 0x74, 0xe0, 0xbb, 0x68, 0x9b, 0x09, 0x03, 0xf0, 0x01, 0x03,
  0x00, 0x2b, 0x5e, 0xd0, 0x7b, 0x68, 0x9b, 0x09, 0x03, 0xf0, 0x01, 0x03,
  0x00, 0x2b, 0x58, 0xd0, 0x01, 0x21, 0xf8, 0x68, 0x00, 0xf0, 0x30, 0xff,
  0x10, 0x21, 0xf8, 0x68, 0x00, 0xf0, 0xa8, 0xfe, 0xfb, 0x68, 0x93, 0xf8,
  0x41, 0x30, 0xdb, 0xb2, 0x22, 0x2b, 0x01, 0xd1, 0x32, 0x4b, 0x7b, 0x61,
  0xfb, 0x68, 0x5b, 0x8d, 0x9b, 0xb2, 0xff, 0x2b, 0x10, 0xd9, 0xfb, 0x68,
  0xff, 0x22, 0x1a, 0x85, 0xfb, 0x68, 0xdb, 0x6c, 0x99, 0xb2, 0xfb, 0x68,
  0x1b, 0x8d, 0xda, 0xb2, 0x7b, 0x69, 0x00, 0x93, 0x4f, 0xf0, 0x80, 0x73,
  0xf8, 0x68, 0x00, 0xf0, 0x59, 0xfe, 0x11, 0xe0, 0xfb, 0x68, 0x5b, 0x8d,
  0x9a, 0xb2, 0xfb, 0x68, 0x1a, 0x85, 0xfb, 0x68, 0xdb, 0x6c, 0x99, 0xb2,
  0xfb, 0x68, 0x1b, 0x8d, 0xda, 0xb2, 0x7b, 0x69, 0x00, 0x93, 0x4f, 0xf0,
  0x00, 0x73, 0xf8, 0x68, 0x00, 0xf0, 0x46, 0xfe, 0xfb, 0x68, 0x5b, 0x8d,
  0x9a, 0xb2, 0xfb, 0x68, 0x1b, 0x8d, 0xd3, 0x1a, 0x9a, 0xb2, 0xfb, 0x68,
  0x5a, 0x85, 0xfb, 0x68, 0x93, 0xf8, 0x41, 0x30, 0xdb, 0xb2, 0x22, 0x2b,
  0x08, 0xd1, 0xfb, 0x68, 0x1b, 0x68, 0x1a, 0x68, 0xfb, 0x68, 0x1b, 0x68,
  0x42, 0xf4, 0x00, 0x42, 0x1a, 0x60, 0x18, 0xe0, 0xfb, 0x68, 0x1b, 0x68,
  0x1a, 0x68, 0xfb, 0x68, 0x1b, 0x68, 0x42, 0xf4, 0x80, 0x42, 0x1a, 0x60,
  0x0f, 0xe0, 0xbb, 0x68, 0x5b, 0x09, 0x03, 0xf0, 0x01, 0x03, 0x00, 0x2b,
  0x09, 0xd0, 0x7b, 0x68, 0x5b, 0x09, 0x03, 0xf0, 0x01, 0x03, 0x00, 0x2b,
  0x03, 0xd0, 0xb9, 0x68, 0xf8, 0x68, 0x00, 0xf0, 0x1f, 0xfa, 0xfb, 0x68,
  0x00, 0x22, 0x83, 0xf8, 0x40, 0x20, 0x00, 0x23, 0x18, 0x46, 0x18, 0x37,
  0xbd, 0x46, 0x80, 0xbd, 0x00, 0x20, 0x00, 0x80, 0x00, 0x24, 0x00, 0x80,
  0x90, 0xb5, 0x89, 0xb0, 0x00, 0xaf, 0xf8, 0x60, 0xb9, 0x60, 0x7a, 0x60,
  0xfb, 0x68, 0xdb, 0x6a, 0xbb, 0x61, 0x00, 0x23, 0xfb, 0x61, 0xfb, 0x68,
  0x93, 0xf8, 0x40, 0x30, 0x01, 0x2b, 0x01, 0xd1, 0x02, 0x23, 0xdb, 0xe0,
  0xfb, 0x68, 0x01, 0x22, 0x83, 0xf8, 0x40, 0x20, 0xbb, 0x68, 0x5b, 0x09,
  0x03, 0xf0, 0x01, 0x03, 0x00, 0x2b, 0x0a, 0xd0, 0x7b, 0x68, 0x5b, 0x09,
  0x03, 0xf0, 0x01, 0x03, 0x00, 0x2b, 0x04, 0xd0, 0xb9, 0x68, 0xf8, 0x68,
  0x00, 0xf0, 0xb6, 0xfa, 0xc1, 0xe0, 0xbb, 0x68, 0x1b, 0x09, 0x03, 0xf0,
  0x01, 0x03, 0x00, 0x2b, 0x00, 0xf0, 0xab, 0x80, 0x7b, 0x68, 0x1b, 0x09,
  0x03, 0xf0, 0x01, 0x03, 0x00, 0x2b, 0x00, 0xf0, 0xa4, 0x80, 0x7b, 0x68,
  0x9b, 0x0b, 0x03, 0xf0, 0x01, 0x03, 0x00, 0x2b, 0x06, 0xd1, 0x7b, 0x68,
  0xdb, 0x0b, 0x03, 0xf0, 0x01, 0x03, 0x00, 0x2b, 0x00, 0xf0, 0x90, 0x80,
  0xfb, 0x68, 0xdb, 0x6b, 0x00, 0x2b, 0x15, 0xd0, 0x7b, 0x68, 0xdb, 0x0b,
  0x03, 0xf0, 0x01, 0x03, 0x00, 0x2b, 0x0f, 0xd0, 0xfb, 0x68, 0xdb, 0x6b,
  0x1b, 0x68, 0x9b, 0x6c, 0x9c, 0xb2, 0xfb, 0x68, 0xdb, 0x6b, 0x18, 0x46,
  0xfe, 0xf7, 0x8a, 0xfb, 0x03, 0x46, 0x23, 0x44, 0x00, 0x2b, 0x01, 0xd1,
  0x01, 0x23, 0xfb, 0x61, 0xfb, 0x68, 0x9b, 0x6b, 0x00, 0x2b, 0x15, 0xd0,
  0x7b, 0x68, 0x9b, 0x0b, 0x03, 0xf0, 0x01, 0x03, 0x00, 0x2b, 0x0f, 0xd0,
  0xfb, 0x68, 0x9b, 0x6b, 0x1b, 0x68, 0x9b, 0x6c, 0x9c, 0xb2, 0xfb, 0x68,
  0x9b, 0x6b, 0x18, 0x46, 0xfe, 0xf7, 0x70, 0xfb, 0x03, 0x46, 0x23, 0x44,
  0x00, 0x2b, 0x01, 0xd1, 0x01, 0x23, 0xfb, 0x61, 0xfb, 0x69, 0x01, 0x2b,
  0x28, 0xd1, 0xfb, 0x68, 0x93, 0xf8, 0x41, 0x30, 0xdb, 0xb2, 0x28, 0x2b,
  0x08, 0xd1, 0xbb, 0x69, 0xb3, 0xf1, 0x00, 0x7f, 0x04, 0xd1, 0xb9, 0x68,
  0xf8, 0x68, 0x00, 0xf0, 0xd1, 0xfb, 0x48, 0xe0, 0xfb, 0x68, 0x93, 0xf8,
  0x41, 0x30, 0xdb, 0xb2, 0x29, 0x2b, 0x0e, 0xd1, 0xbb, 0x69, 0x13, 0xf5,
  0x80, 0x3f, 0x0a, 0xd0, 0xfb, 0x68, 0x1b, 0x68, 0x10, 0x22, 0xda, 0x61,
  0xf8, 0x68, 0x00, 0xf0, 0x2c, 0xfd, 0xf8, 0x68, 0x00, 0xf0, 0x17, 0xf9,
  0x33, 0xe0, 0xfb, 0x68, 0x1b, 0x68, 0x10, 0x22, 0xda, 0x61, 0x34, 0xe0,
  0xfb, 0x68, 0x1b, 0x68, 0x10, 0x22, 0xda, 0x61, 0xfb, 0x68, 0x5b, 0x6c,
  0x43, 0xf0, 0x04, 0x02, 0xfb, 0x68, 0x5a, 0x64, 0xfb, 0x68, 0x93, 0xf8,
  0x41, 0x30, 0xfb, 0x75, 0xbb, 0x69, 0x00, 0x2b, 0x03, 0xd0, 0xbb, 0x69,
  0xb3, 0xf1, 0x80, 0x7f, 0x1f, 0xd1, 0xfb, 0x7d, 0x21, 0x2b, 0x02, 0xd0,
  0xfb, 0x7d, 0x29, 0x2b, 0x03, 0xd1, 0xfb, 0x68, 0x21, 0x22, 0x1a, 0x63,
  0x08, 0xe0, 0xfb, 0x7d, 0x22, 0x2b, 0x02, 0xd0, 0xfb, 0x7d, 0x2a, 0x2b,
  0x02, 0xd1, 0xfb, 0x68, 0x22, 0x22, 0x1a, 0x63, 0xfb, 0x68, 0x5b, 0x6c,
  0x19, 0x46, 0xf8, 0x68, 0x00, 0xf0, 0xde, 0xfb, 0x05, 0xe0, 0x04, 0xe0,
  0xfb, 0x68, 0x1b, 0x68, 0x10, 0x22, 0xda, 0x61, 0x11, 0xe0, 0x00, 0xbf,
  0x0f, 0xe0, 0xbb, 0x68, 0xdb, 0x08, 0x03, 0xf0, 0x01, 0x03, 0x00, 0x2b,
  0x09, 0xd0, 0x7b, 0x68, 0xdb, 0x08, 0x03, 0xf0, 0x01, 0x03, 0x00, 0x2b,
  0x03, 0xd0, 0xb9, 0x68, 0xf8, 0x68, 0x00, 0xf0, 0x09, 0xf8, 0xfb, 0x68,
  0x00, 0x22, 0x83, 0xf8, 0x40, 0x20, 0x00, 0x23, 0x18, 0x46, 0x24, 0x37,
  0xbd, 0x46, 0x90, 0xbd, 0x80, 0xb5, 0x84, 0xb0, 0x00, 0xaf, 0x78, 0x60,
  0x39, 0x60, 0x7b, 0x68, 0x93, 0xf8, 0x41, 0x30, 0xdb, 0xb2, 0x03, 0xf0,
  0x28, 0x03, 0x28, 0x2b, 0x6a, 0xd1, 0x7b, 0x68, 0x1b, 0x68, 0x9b, 0x69,
  0x1b, 0x0c, 0xdb, 0xb2, 0x03, 0xf0, 0x01, 0x03, 0xfb, 0x73, 0x7b, 0x68,
  0x1b, 0x68, 0x9b, 0x69, 0x1b, 0x0c, 0x9b, 0xb2, 0x03, 0xf0, 0xfe, 0x03,
  0xbb, 0x81, 0x7b, 0x68, 0x1b, 0x68, 0x9b, 0x68, 0x9b, 0xb2, 0xc3, 0xf3,
  0x09, 0x03, 0x7b, 0x81, 0x7b, 0x68, 0x1b, 0x68, 0xdb, 0x68, 0x9b, 0xb2,
  0x03, 0xf0, 0xfe, 0x03, 0x3b, 0x81, 0x7b, 0x68, 0xdb, 0x68, 0x02, 0x2b,
  0x38, 0xd1, 0x7b, 0x89, 0xdb, 0x09, 0x9a, 0xb2, 0xbb, 0x89, 0x53, 0x40,
  0x9b, 0xb2, 0x03, 0xf0, 0x06, 0x03, 0x00, 0x2b, 0x1c, 0xd1, 0x7b, 0x89,
  0xbb, 0x81, 0x7b, 0x68, 0x9b, 0x6c, 0x5a, 0x1c, 0x7b, 0x68, 0x9a, 0x64,
  0x7b, 0x68, 0x9b, 0x6c, 0x02, 0x2b, 0x3b, 0xd1, 0x7b, 0x68, 0x00, 0x22,
  0x9a, 0x64, 0x7b, 0x68, 0x1b, 0x68, 0x08, 0x22, 0xda, 0x61, 0x7b, 0x68,
  0x00, 0x22, 0x83, 0xf8, 0x40, 0x20, 0xba, 0x89, 0xfb, 0x7b, 0x19, 0x46,
  0x78, 0x68, 0xfc, 0xf7, 0x19, 0xfe, 0x29, 0xe0, 0x3b, 0x89, 0xbb, 0x81,
  0x4f, 0xf4, 0x00, 0x41, 0x78, 0x68, 0x00, 0xf0, 0x6f, 0xfd, 0x7b, 0x68,
  0x00, 0x22, 0x83, 0xf8, 0x40, 0x20, 0xba, 0x89, 0xfb, 0x7b, 0x19, 0x46,
  0x78, 0x68, 0xfc, 0xf7, 0x07, 0xfe, 0x17, 0xe0, 0x4f, 0xf4, 0x00, 0x41,
  0x78, 0x68, 0x00, 0xf0, 0x5f, 0xfd, 0x7b, 0x68, 0x00, 0x22, 0x83, 0xf8,
  0x40, 0x20, 0xba, 0x89, 0xfb, 0x7b, 0x19, 0x46, 0x78, 0x68, 0xfc, 0xf7,
  0xf7, 0xfd, 0x07, 0xe0, 0x7b, 0x68, 0x1b, 0x68, 0x08, 0x22, 0xda, 0x61,
  0x7b, 0x68, 0x00, 0x22, 0x83, 0xf8, 0x40, 0x20, 0x00, 0xbf, 0x10, 0x37,
  0xbd, 0x46, 0x80, 0xbd, 0x80, 0xb5, 0x82, 0xb0, 0x00, 0xaf, 0x78, 0x60,
  0x7b, 0x68, 0x00, 0x22, 0x83, 0xf8, 0x42, 0x20, 0x7b, 0x68, 0x93, 0xf8,
  0x41, 0x30, 0xdb, 0xb2, 0x21, 0x2b, 0x15, 0xd1, 0x7b, 0x68, 0x20, 0x22,
  0x83, 0xf8, 0x41, 0x20, 0x7b, 0x68, 0x11, 0x22, 0x1a, 0x63, 0x7b, 0x68,
  0x00, 0x22, 0x5a, 0x63, 0x01, 0x21, 0x78, 0x68, 0x00, 0xf0, 0x2c, 0xfd,
  0x7b, 0x68, 0x00, 0x22, 0x83, 0xf8, 0x40, 0x20, 0x78, 0x68, 0xff, 0xf7,
  0xf4, 0xfa, 0x14, 0xe0, 0x7b, 0x68, 0x20, 0x22, 0x83, 0xf8, 0x41, 0x20,
  0x7b, 0x68, 0x12, 0x22, 0x1a, 0x63, 0x7b, 0x68, 0x00, 0x22, 0x5a, 0x63,
  0x02, 0x21, 0x78, 0x68, 0x00, 0xf0, 0x16, 0xfd, 0x7b, 0x68, 0x00, 0x22,
  0x83, 0xf8, 0x40, 0x20, 0x78, 0x68, 0xff, 0xf7, 0xe8, 0xfa, 0x00, 0xbf,
  0x08, 0x37, 0xbd, 0x46, 0x80, 0xbd, 0x80, 0xb5, 0x84, 0xb0, 0x00, 0xaf,
  0x78, 0x60, 0x7b, 0x68, 0x1b, 0x68, 0x1b, 0x68, 0xfb, 0x60, 0x7b, 0x68,
  0x00, 0x22, 0x83, 0xf8, 0x42, 0x20, 0xfb, 0x68, 0x9b, 0x0b, 0x03, 0xf0,
  0x01, 0x03, 0x00, 0x2b, 0x08, 0xd0, 0x7b, 0x68, 0x1b, 0x68, 0x1a, 0x68,
  0x7b, 0x68, 0x1b, 0x68, 0x22, 0xf4, 0x80, 0x42, 0x1a, 0x60, 0x0d, 0xe0,
  0xfb, 0x68, 0xdb, 0x0b, 0x03, 0xf0, 0x01, 0x03, 0x00, 0x2b, 0x07, 0xd0,
  0x7b, 0x68, 0x1b, 0x68, 0x1a, 0x68, 0x7b, 0x68, 0x1b, 0x68, 0x22, 0xf4,
  0x00, 0x42, 0x1a, 0x60, 0x7b, 0x68, 0x93, 0xf8, 0x41, 0x30, 0xdb, 0xb2,
  0x29, 0x2b, 0x12, 0xd1, 0x7b, 0x68, 0x28, 0x22, 0x83, 0xf8, 0x41, 0x20,
  0x7b, 0x68, 0x21, 0x22, 0x1a, 0x63, 0x01, 0x21, 0x78, 0x68, 0x00, 0xf0,
  0xd1, 0xfc, 0x7b, 0x68, 0x00, 0x22, 0x83, 0xf8, 0x40, 0x20, 0x78, 0x68,
  0xfc, 0xf7, 0x8a, 0xfd, 0x17, 0xe0, 0x7b, 0x68, 0x93, 0xf8, 0x41, 0x30,
  0xdb, 0xb2, 0x2a, 0x2b, 0x11, 0xd1, 0x7b, 0x68, 0x28, 0x22, 0x83, 0xf8,
  0x41, 0x20, 0x7b, 0x68, 0x22, 0x22, 0x1a, 0x63, 0x02, 0x21, 0x78, 0x68,
  0x00, 0xf0, 0xb8, 0xfc, 0x7b, 0x68, 0x00, 0x22, 0x83, 0xf8, 0x40, 0x20,
  0x78, 0x68, 0xfc, 0xf7, 0x87, 0xfd, 0x00, 0xbf, 0x10, 0x37, 0xbd, 0x46,
  0x80, 0xbd, 0x00, 0x00, 0x80, 0xb5, 0x86, 0xb0, 0x00, 0xaf, 0x78, 0x60,
  0x39, 0x60, 0x3b, 0x68, 0x7b, 0x61, 0x7b, 0x68, 0x1b, 0x68, 0x20, 0x22,
  0xda, 0x61, 0x7b, 0x68, 0x93, 0xf8, 0x41, 0x30, 0xdb, 0xb2, 0x21, 0x2b,
  0x07, 0xd1, 0x01, 0x21, 0x78, 0x68, 0x00, 0xf0, 0x97, 0xfc, 0x7b, 0x68,
  0x11, 0x22, 0x1a, 0x63, 0x0c, 0xe0, 0x7b, 0x68, 0x93, 0xf8, 0x41, 0x30,
  0xdb, 0xb2, 0x22, 0x2b, 0x06, 0xd1, 0x02, 0x21, 0x78, 0x68, 0x00, 0xf0,
  0x89, 0xfc, 0x7b, 0x68, 0x12, 0x22, 0x1a, 0x63, 0x7b, 0x68, 0x1b, 0x68,
  0x59, 0x68, 0x7b, 0x68, 0x1a, 0x68, 0x4d, 0x4b, 0x0b, 0x40, 0x53, 0x60,
  0x7b, 0x68, 0x00, 0x22, 0x5a, 0x63, 0x7b, 0x68, 0x4a, 0x4a, 0xda, 0x62,
  0x7b, 0x69, 0x1b, 0x09, 0x03, 0xf0, 0x01, 0x03, 0x00, 0x2b, 0x09, 0xd0,
  0x7b, 0x68, 0x1b, 0x68, 0x10, 0x22, 0xda, 0x61, 0x7b, 0x68, 0x5b, 0x6c,
  0x43, 0xf0, 0x04, 0x02, 0x7b, 0x68, 0x5a, 0x64, 0x7b, 0x68, 0x93, 0xf8,
  0x41, 0x30, 0xdb, 0xb2, 0x60, 0x2b, 0x0b, 0xd1, 0x7b, 0x69, 0x9b, 0x08,
  0x03, 0xf0, 0x01, 0x03, 0x00, 0x2b, 0x05, 0xd0, 0x7b, 0x68, 0x1b, 0x68,
  0x5b, 0x6a, 0xdb, 0xb2, 0xfb, 0x60, 0xfb, 0x68, 0x78, 0x68, 0x00, 0xf0,
  0x5a, 0xfb, 0x7b, 0x68, 0x5b, 0x6c, 0x3b, 0x61, 0x7b, 0x68, 0x93, 0xf8,
  0x41, 0x30, 0xdb, 0xb2, 0x60, 0x2b, 0x02, 0xd0, 0x3b, 0x69, 0x00, 0x2b,
  0x06, 0xd0, 0x7b, 0x68, 0x5b, 0x6c, 0x19, 0x46, 0x78, 0x68, 0x00, 0xf0,
  0x31, 0xfa, 0x54, 0xe0, 0x7b, 0x68, 0x93, 0xf8, 0x41, 0x30, 0xdb, 0xb2,
  0x21, 0x2b, 0x24, 0xd1, 0x7b, 0x68, 0x20, 0x22, 0x83, 0xf8, 0x41, 0x20,
  0x7b, 0x68, 0x00, 0x22, 0x1a, 0x63, 0x7b, 0x68, 0x93, 0xf8, 0x42, 0x30,
  0xdb, 0xb2, 0x40, 0x2b, 0x0b, 0xd1, 0x7b, 0x68, 0x00, 0x22, 0x83, 0xf8,
  0x42, 0x20, 0x7b, 0x68, 0x00, 0x22, 0x83, 0xf8, 0x40, 0x20, 0x78, 0x68,
  0xff, 0xf7, 0x05, 0xfa, 0x35, 0xe0, 0x7b, 0x68, 0x00, 0x22, 0x83, 0xf8,
  0x42, 0x20, 0x7b, 0x68, 0x00, 0x22, 0x83, 0xf8, 0x40, 0x20, 0x78, 0x68,
  0xff, 0xf7, 0xe5, 0xf9, 0x29, 0xe0, 0x7b, 0x68, 0x93, 0xf8, 0x41, 0x30,
  0xdb, 0xb2, 0x22, 0x2b, 0x23, 0xd1, 0x7b, 0x68, 0x20, 0x22, 0x83, 0xf8,
  0x41, 0x20, 0x7b, 0x68, 0x00, 0x22, 0x1a, 0x63, 0x7b, 0x68, 0x93, 0xf8,
  0x42, 0x30, 0xdb, 0xb2, 0x40, 0x2b, 0x0b, 0xd1, 0x7b, 0x68, 0x00, 0x22,
  0x83, 0xf8, 0x42, 0x20, 0x7b, 0x68, 0x00, 0x22, 0x83, 0xf8, 0x40, 0x20,
  0x78, 0x68, 0xff, 0xf7, 0xe4, 0xf9, 0x0a, 0xe0, 0x7b, 0x68, 0x00, 0x22,
  0x83, 0xf8, 0x42, 0x20, 0x7b, 0x68, 0x00, 0x22, 0x83, 0xf8, 0x40, 0x20,
  0x78, 0x68, 0xff, 0xf7, 0xc4, 0xf9, 0x00, 0xbf, 0x18, 0x37, 0xbd, 0x46,
  0x80, 0xbd, 0x00, 0xbf, 0x00, 0xe8, 0x00, 0xfe, 0x00, 0x00, 0xff, 0xff,
  0x90, 0xb5, 0x87, 0xb0, 0x00, 0xaf, 0x78, 0x60, 0x39, 0x60, 0x7b, 0x68,
  0x1b, 0x68, 0x1b, 0x68, 0x3b, 0x61, 0x3b, 0x68, 0x7b, 0x61, 0x7b, 0x68,
  0xdb, 0x6a, 0xfb, 0x60, 0x7b, 0x68, 0x93, 0xf8, 0x41, 0x30, 0xfb, 0x72,
  0x7b, 0x68, 0x1b, 0x68, 0x20, 0x22, 0xda, 0x61, 0xfb, 0x7a, 0x21, 0x2b,
  0x02, 0xd0, 0xfb, 0x7a, 0x29, 0x2b, 0x08, 0xd1, 0x48, 0xf2, 0x01, 0x01,
  0x78, 0x68, 0x00, 0xf0, 0xc1, 0xfb, 0x7b, 0x68, 0x21, 0x22, 0x1a, 0x63,
  0x19, 0xe0, 0xfb, 0x7a, 0x22, 0x2b, 0x02, 0xd0, 0xfb, 0x7a, 0x2a, 0x2b,
  0x08, 0xd1, 0x48, 0xf2, 0x02, 0x01, 0x78, 0x68, 0x00, 0xf0, 0xb2, 0xfb,
  0x7b, 0x68, 0x22, 0x22, 0x1a, 0x63, 0x0a, 0xe0, 0xfb, 0x7a, 0x28, 0x2b,
  0x07, 0xd1, 0x48, 0xf2, 0x03, 0x01, 0x78, 0x68, 0x00, 0xf0, 0xa6, 0xfb,
  0x7b, 0x68, 0x00, 0x22, 0x1a, 0x63, 0x7b, 0x68, 0x1b, 0x68, 0x5a, 0x68,
  0x7b, 0x68, 0x1b, 0x68, 0x42, 0xf4, 0x00, 0x42, 0x5a, 0x60, 0x7b, 0x68,
  0x1b, 0x68, 0x59, 0x68, 0x7b, 0x68, 0x1a, 0x68, 0x95, 0x4b, 0x0b, 0x40,
  0x53, 0x60, 0x78, 0x68, 0x00, 0xf0, 0x97, 0xfa, 0x3b, 0x69, 0x9b, 0x0b,
  0x03, 0xf0, 0x01, 0x03, 0x00, 0x2b, 0x1c, 0xd0, 0x7b, 0x68, 0x1b, 0x68,
  0x1a, 0x68, 0x7b, 0x68, 0x1b, 0x68, 0x22, 0xf4, 0x80, 0x42, 0x1a, 0x60,
  0x7b, 0x68, 0x9b, 0x6b, 0x00, 0x2b, 0x32, 0xd0, 0x7b, 0x68, 0x9b, 0x6b,
  0x1b, 0x68, 0x9b, 0x6c, 0x9c, 0xb2, 0x7b, 0x68, 0x9b, 0x6b, 0x18, 0x46,
  0xfe, 0xf7, 0x96, 0xf8, 0x03, 0x46, 0x9b, 0xb2, 0x23, 0x44, 0x9a, 0xb2,
  0x7b, 0x68, 0x5a, 0x85, 0x21, 0xe0, 0x3b, 0x69, 0xdb, 0x0b, 0x03, 0xf0,
  0x01, 0x03, 0x00, 0x2b, 0x1b, 0xd0, 0x7b, 0x68, 0x1b, 0x68, 0x1a, 0x68,
  0x7b, 0x68, 0x1b, 0x68, 0x22, 0xf4, 0x00, 0x42, 0x1a, 0x60, 0x7b, 0x68,
  0xdb, 0x6b, 0x00, 0x2b, 0x0f, 0xd0, 0x7b, 0x68, 0xdb, 0x6b, 0x1b, 0x68,
  0x9b, 0x6c, 0x9c, 0xb2, 0x7b, 0x68, 0xdb, 0x6b, 0x18, 0x46, 0xfe, 0xf7,
  0x73, 0xf8, 0x03, 0x46, 0x9b, 0xb2, 0x23, 0x44, 0x9a, 0xb2, 0x7b, 0x68,
  0x5a, 0x85, 0x7b, 0x69, 0x9b, 0x08, 0x03, 0xf0, 0x01, 0x03, 0x00, 0x2b,
  0x20, 0xd0, 0x7b, 0x69, 0x23, 0xf0, 0x04, 0x03, 0x7b, 0x61, 0x7b, 0x68,
  0x1b, 0x68, 0x5a, 0x6a, 0x7b, 0x68, 0x5b, 0x6a, 0xd2, 0xb2, 0x1a, 0x70,
  0x7b, 0x68, 0x5b, 0x6a, 0x5a, 0x1c, 0x7b, 0x68, 0x5a, 0x62, 0x7b, 0x68,
  0x1b, 0x8d, 0x00, 0x2b, 0x0c, 0xd0, 0x7b, 0x68, 0x1b, 0x8d, 0x01, 0x3b,
  0x9a, 0xb2, 0x7b, 0x68, 0x1a, 0x85, 0x7b, 0x68, 0x5b, 0x8d, 0x9b, 0xb2,
  0x01, 0x3b, 0x9a, 0xb2, 0x7b, 0x68, 0x5a, 0x85, 0x7b, 0x68, 0x5b, 0x8d,
  0x9b, 0xb2, 0x00, 0x2b, 0x05, 0xd0, 0x7b, 0x68, 0x5b, 0x6c, 0x43, 0xf0,
  0x04, 0x02, 0x7b, 0x68, 0x5a, 0x64, 0x7b, 0x69, 0x1b, 0x09, 0x03, 0xf0,
  0x01, 0x03, 0x00, 0x2b, 0x4a, 0xd0, 0x3b, 0x69, 0x1b, 0x09, 0x03, 0xf0,
  0x01, 0x03, 0x00, 0x2b, 0x44, 0xd0, 0x7b, 0x68, 0x5b, 0x8d, 0x9b, 0xb2,
  0x00, 0x2b, 0x28, 0xd1, 0x7b, 0x68, 0x93, 0xf8, 0x41, 0x30, 0xdb, 0xb2,
  0x28, 0x2b, 0x08, 0xd1, 0xfb, 0x68, 0xb3, 0xf1, 0x00, 0x7f, 0x04, 0xd1,
  0x79, 0x69, 0x78, 0x68, 0x00, 0xf0, 0x94, 0xf8, 0x30, 0xe0, 0x7b, 0x68,
  0x93, 0xf8, 0x41, 0x30, 0xdb, 0xb2, 0x29, 0x2b, 0x0e, 0xd1, 0xfb, 0x68,
  0x13, 0xf5, 0x80, 0x3f, 0x0a, 0xd0, 0x7b, 0x68, 0x1b, 0x68, 0x10, 0x22,
  0xda, 0x61, 0x78, 0x68, 0x00, 0xf0, 0xef, 0xf9, 0x78, 0x68, 0xff, 0xf7,
  0xda, 0xfd, 0x1b, 0xe0, 0x7b, 0x68, 0x1b, 0x68, 0x10, 0x22, 0xda, 0x61,
  0x16, 0xe0, 0x7b, 0x68, 0x1b, 0x68, 0x10, 0x22, 0xda, 0x61, 0x7b, 0x68,
  0x5b, 0x6c, 0x43, 0xf0, 0x04, 0x02, 0x7b, 0x68, 0x5a, 0x64, 0xfb, 0x68,
  0x00, 0x2b, 0x03, 0xd0, 0xfb, 0x68, 0xb3, 0xf1, 0x80, 0x7f, 0x05, 0xd1,
  0x7b, 0x68, 0x5b, 0x6c, 0x19, 0x46, 0x78, 0x68, 0x00, 0xf0, 0xb8, 0xf8,
  0x7b, 0x68, 0x00, 0x22, 0x83, 0xf8, 0x42, 0x20, 0x7b, 0x68, 0x00, 0x22,
  0x5a, 0x63, 0x7b, 0x68, 0x5b, 0x6c, 0x00, 0x2b, 0x10, 0xd0, 0x7b, 0x68,
  0x5b, 0x6c, 0x19, 0x46, 0x78, 0x68, 0x00, 0xf0, 0xa7, 0xf8, 0x7b, 0x68,
  0x93, 0xf8, 0x41, 0x30, 0xdb, 0xb2, 0x28, 0x2b, 0x41, 0xd1, 0x79, 0x69,
  0x78, 0x68, 0x00, 0xf0, 0x47, 0xf8, 0x3c, 0xe0, 0x7b, 0x68, 0xdb, 0x6a,
  0x13, 0xf5, 0x80, 0x3f, 0x14, 0xd0, 0x78, 0x68, 0xff, 0xf7, 0x99, 0xfd,
  0x7b, 0x68, 0x1d, 0x4a, 0xda, 0x62, 0x7b, 0x68, 0x20, 0x22, 0x83, 0xf8,
  0x41, 0x20, 0x7b, 0x68, 0x00, 0x22, 0x1a, 0x63, 0x7b, 0x68, 0x00, 0x22,
  0x83, 0xf8, 0x40, 0x20, 0x78, 0x68, 0xfc, 0xf7, 0x8d, 0xfb, 0x22, 0xe0,
  0x7b, 0x68, 0x93, 0xf8, 0x41, 0x30, 0xdb, 0xb2, 0x22, 0x2b, 0x0e, 0xd1,
  0x7b, 0x68, 0x20, 0x22, 0x83, 0xf8, 0x41, 0x20, 0x7b, 0x68, 0x00, 0x22,
  0x1a, 0x63, 0x7b, 0x68, 0x00, 0x22, 0x83, 0xf8, 0x40, 0x20, 0x78, 0x68,
  0xfc, 0xf7, 0x54, 0xfb, 0x0d, 0xe0, 0x7b, 0x68, 0x20, 0x22, 0x83, 0xf8,
  0x41, 0x20, 0x7b, 0x68, 0x00, 0x22, 0x1a, 0x63, 0x7b, 0x68, 0x00, 0x22,
  0x83, 0xf8, 0x40, 0x20, 0x78, 0x68, 0xfc, 0xf7, 0x2f, 0xfb, 0x00, 0xbf,
  0x1c, 0x37, 0xbd, 0x46, 0x90, 0xbd, 0x00, 0xbf, 0x00, 0xe8, 0x00, 0xfe,
  0x00, 0x00, 0xff, 0xff, 0x80, 0xb5, 0x82, 0xb0, 0x00, 0xaf, 0x78, 0x60,
  0x39, 0x60, 0x7b, 0x68, 0x26, 0x4a, 0xda, 0x62, 0x7b, 0x68, 0x00, 0x22,
  0x1a, 0x63, 0x7b, 0x68, 0x20, 0x22, 0x83, 0xf8, 0x41, 0x20, 0x7b, 0x68,
  0x00, 0x22, 0x83, 0xf8, 0x42, 0x20, 0x7b, 0x68, 0x00, 0x22, 0x5a, 0x63,
  0x3b, 0x68, 0x9b, 0x08, 0x03, 0xf0, 0x01, 0x03, 0x00, 0x2b, 0x22, 0xd0,
  0x7b, 0x68, 0x1b, 0x68, 0x5a, 0x6a, 0x7b, 0x68, 0x5b, 0x6a, 0xd2, 0xb2,
  0x1a, 0x70, 0x7b, 0x68, 0x5b, 0x6a, 0x5a, 0x1c, 0x7b, 0x68, 0x5a, 0x62,
  0x7b, 0x68, 0x1b, 0x8d, 0x00, 0x2b, 0x12, 0xd0, 0x7b, 0x68, 0x1b, 0x8d,
  0x01, 0x3b, 0x9a, 0xb2, 0x7b, 0x68, 0x1a, 0x85, 0x7b, 0x68, 0x5b, 0x8d,
  0x9b, 0xb2, 0x01, 0x3b, 0x9a, 0xb2, 0x7b, 0x68, 0x5a, 0x85, 0x7b, 0x68,
  0x5b, 0x6c, 0x43, 0xf0, 0x04, 0x02, 0x7b, 0x68, 0x5a, 0x64, 0x48, 0xf2,
  0x03, 0x01, 0x78, 0x68, 0x00, 0xf0, 0x22, 0xfa, 0x7b, 0x68, 0x1b, 0x68,
  0x10, 0x22, 0xda, 0x61, 0x7b, 0x68, 0x00, 0x22, 0x83, 0xf8, 0x40, 0x20,
  0x78, 0x68, 0xfc, 0xf7, 0x11, 0xfb, 0x00, 0xbf, 0x08, 0x37, 0xbd, 0x46,
  0x80, 0xbd, 0x00, 0xbf, 0x00, 0x00, 0xff, 0xff, 0x80, 0xb5, 0x84, 0xb0,
  0x00, 0xaf, 0x78, 0x60, 0x39, 0x60, 0x7b, 0x68, 0x93, 0xf8, 0x41, 0x30,
  0xfb, 0x73, 0x7b, 0x68, 0x00, 0x22, 0x83, 0xf8, 0x42, 0x20, 0x7b, 0x68,
  0x6d, 0x4a, 0xda, 0x62, 0x7b, 0x68, 0x00, 0x22, 0x5a, 0x85, 0x7b, 0x68,
  0x5a, 0x6c, 0x3b, 0x68, 0x1a, 0x43, 0x7b, 0x68, 0x5a, 0x64, 0xfb, 0x7b,
  0x28, 0x2b, 0x05, 0xd0, 0xfb, 0x7b, 0x29, 0x2b, 0x02, 0xd0, 0xfb, 0x7b,
  0x2a, 0x2b, 0x0b, 0xd1, 0x03, 0x21, 0x78, 0x68, 0x00, 0xf0, 0xea, 0xf9,
  0x7b, 0x68, 0x28, 0x22, 0x83, 0xf8, 0x41, 0x20, 0x7b, 0x68, 0x60, 0x4a,
  0x5a, 0x63, 0x30, 0xe0, 0x48, 0xf2, 0x03, 0x01, 0x78, 0x68, 0x00, 0xf0,
  0xdd, 0xf9, 0x78, 0x68, 0x00, 0xf0, 0xe1, 0xf8, 0x7b, 0x68, 0x93, 0xf8,
  0x41, 0x30, 0xdb, 0xb2, 0x60, 0x2b, 0x1f, 0xd0, 0x7b, 0x68, 0x20, 0x22,
  0x83, 0xf8, 0x41, 0x20, 0x7b, 0x68, 0x1b, 0x68, 0x9b, 0x69, 0x03, 0xf0,
  0x20, 0x03, 0x20, 0x2b, 0x14, 0xd1, 0x7b, 0x68, 0x1b, 0x68, 0x9b, 0x69,
  0x03, 0xf0, 0x10, 0x03, 0x10, 0x2b, 0x09, 0xd1, 0x7b, 0x68, 0x1b, 0x68,
  0x10, 0x22, 0xda, 0x61, 0x7b, 0x68, 0x5b, 0x6c, 0x43, 0xf0, 0x04, 0x02,
  0x7b, 0x68, 0x5a, 0x64, 0x7b, 0x68, 0x1b, 0x68, 0x20, 0x22, 0xda, 0x61,
  0x7b, 0x68, 0x00, 0x22, 0x5a, 0x63, 0x7b, 0x68, 0x1b, 0x6b, 0xbb, 0x60,
  0x7b, 0x68, 0x9b, 0x6b, 0x00, 0x2b, 0x39, 0xd0, 0xbb, 0x68, 0x11, 0x2b,
  0x02, 0xd0, 0xbb, 0x68, 0x21, 0x2b, 0x33, 0xd1, 0x7b, 0x68, 0x1b, 0x68,
  0x1b, 0x68, 0x03, 0xf4, 0x80, 0x43, 0xb3, 0xf5, 0x80, 0x4f, 0x07, 0xd1,
  0x7b, 0x68, 0x1b, 0x68, 0x1a, 0x68, 0x7b, 0x68, 0x1b, 0x68, 0x22, 0xf4,
  0x80, 0x42, 0x1a, 0x60, 0x7b, 0x68, 0x9b, 0x6b, 0x18, 0x46, 0xfd, 0xf7,
  0x67, 0xfb, 0x03, 0x46, 0x01, 0x2b, 0x17, 0xd0, 0x7b, 0x68, 0x9b, 0x6b,
  0x33, 0x4a, 0xda, 0x66, 0x7b, 0x68, 0x00, 0x22, 0x83, 0xf8, 0x40, 0x20,
  0x7b, 0x68, 0x9b, 0x6b, 0x18, 0x46, 0xfd, 0xf7, 0xcd, 0xf9, 0x03, 0x46,
  0x00, 0x2b, 0x4d, 0xd0, 0x7b, 0x68, 0x9b, 0x6b, 0xdb, 0x6e, 0x7a, 0x68,
  0x92, 0x6b, 0x10, 0x46, 0x98, 0x47, 0x45, 0xe0, 0x78, 0x68, 0x00, 0xf0,
  0x51, 0xf8, 0x41, 0xe0, 0x7b, 0x68, 0xdb, 0x6b, 0x00, 0x2b, 0x39, 0xd0,
  0xbb, 0x68, 0x12, 0x2b, 0x02, 0xd0, 0xbb, 0x68, 0x22, 0x2b, 0x33, 0xd1,
  0x7b, 0x68, 0x1b, 0x68, 0x1b, 0x68, 0x03, 0xf4, 0x00, 0x43, 0xb3, 0xf5,
  0x00, 0x4f, 0x07, 0xd1, 0x7b, 0x68, 0x1b, 0x68, 0x1a, 0x68, 0x7b, 0x68,
  0x1b, 0x68, 0x22, 0xf4, 0x00, 0x42, 0x1a, 0x60, 0x7b, 0x68, 0xdb, 0x6b,
  0x18, 0x46, 0xfd, 0xf7, 0x29, 0xfb, 0x03, 0x46, 0x01, 0x2b, 0x17, 0xd0,
  0x7b, 0x68, 0xdb, 0x6b, 0x14, 0x4a, 0xda, 0x66, 0x7b, 0x68, 0x00, 0x22,
  0x83, 0xf8, 0x40, 0x20, 0x7b, 0x68, 0xdb, 0x6b, 0x18, 0x46, 0xfd, 0xf7,
  0x8f, 0xf9, 0x03, 0x46, 0x00, 0x2b, 0x11, 0xd0, 0x7b, 0x68, 0xdb, 0x6b,
  0xdb, 0x6e, 0x7a, 0x68, 0xd2, 0x6b, 0x10, 0x46, 0x98, 0x47, 0x09, 0xe0,
  0x78, 0x68, 0x00, 0xf0, 0x13, 0xf8, 0x05, 0xe0, 0x78, 0x68, 0x00, 0xf0,
  0x0f, 0xf8, 0x02, 0xe0, 0x00, 0xbf, 0x00, 0xe0, 0x00, 0xbf, 0x00, 0xbf,
  0x10, 0x37, 0xbd, 0x46, 0x80, 0xbd, 0x00, 0xbf, 0x00, 0x00, 0xff, 0xff,
  0xd7, 0x35, 0x00, 0x08, 0xf7, 0x47, 0x00, 0x08, 0x80, 0xb5, 0x82, 0xb0,
  0x00, 0xaf, 0x78, 0x60, 0x7b, 0x68, 0x93, 0xf8, 0x41, 0x30, 0xdb, 0xb2,
  0x60, 0x2b, 0x0e, 0xd1, 0x7b, 0x68, 0x20, 0x22, 0x83, 0xf8, 0x41, 0x20,
  0x7b, 0x68, 0x00, 0x22, 0x1a, 0x63, 0x7b, 0x68, 0x00, 0x22, 0x83, 0xf8,
  0x40, 0x20, 0x78, 0x68, 0xfe, 0xf7, 0xff, 0xfe, 0x09, 0xe0, 0x7b, 0x68,
  0x00, 0x22, 0x1a, 0x63, 0x7b, 0x68, 0x00, 0x22, 0x83, 0xf8, 0x40, 0x20,
  0x78, 0x68, 0xfc, 0xf7, 0x11, 0xfa, 0x00, 0xbf, 0x08, 0x37, 0xbd, 0x46,
  0x80, 0xbd, 0x80, 0xb4, 0x83, 0xb0, 0x00, 0xaf, 0x78, 0x60, 0x7b, 0x68,
  0x1b, 0x68, 0x9b, 0x69, 0x03, 0xf0, 0x02, 0x03, 0x02, 0x2b, 0x03, 0xd1,
  0x7b, 0x68, 0x1b, 0x68, 0x00, 0x22, 0x9a, 0x62, 0x7b, 0x68, 0x1b, 0x68,
  0x9b, 0x69, 0x03, 0xf0, 0x01, 0x03, 0x01, 0x2b, 0x07, 0xd0, 0x7b, 0x68,
  0x1b, 0x68, 0x9a, 0x69, 0x7b, 0x68, 0x1b, 0x68, 0x42, 0xf0, 0x01, 0x02,
  0x9a, 0x61, 0x00, 0xbf, 0x0c, 0x37, 0xbd, 0x46, 0x5d, 0xf8, 0x04, 0x7b,
  0x70, 0x47, 0x80, 0xb5, 0x84, 0xb0, 0x00, 0xaf, 0x78, 0x60, 0x7b, 0x68,
  0xdb, 0x6d, 0xfb, 0x60, 0xfb, 0x68, 0x9b, 0x6b, 0x00, 0x2b, 0x03, 0xd0,
  0xfb, 0x68, 0x9b, 0x6b, 0x00, 0x22, 0xda, 0x66, 0xfb, 0x68, 0xdb, 0x6b,
  0x00, 0x2b, 0x03, 0xd0, 0xfb, 0x68, 0xdb, 0x6b, 0x00, 0x22, 0xda, 0x66,
  0xf8, 0x68, 0xff, 0xf7, 0x9b, 0xff, 0x00, 0xbf, 0x10, 0x37, 0xbd, 0x46,
  0x80, 0xbd, 0x00, 0x00, 0x80, 0xb4, 0x87, 0xb0, 0x00, 0xaf, 0xf8, 0x60,
  0x7b, 0x60, 0x0b, 0x46, 0x7b, 0x81, 0x13, 0x46, 0x7b, 0x72, 0x7b, 0x89,
  0xc3, 0xf3, 0x09, 0x02, 0x7b, 0x7a, 0x1b, 0x04, 0x03, 0xf4, 0x7f, 0x03,
  0x1a, 0x43, 0x7b, 0x68, 0x1a, 0x43, 0x3b, 0x6a, 0x13, 0x43, 0x23, 0xf0,
  0x00, 0x43, 0x7b, 0x61, 0xfb, 0x68, 0x1b, 0x68, 0x5a, 0x68, 0x3b, 0x6a,
  0x5b, 0x0d, 0x03, 0xf4, 0x80, 0x61, 0x08, 0x4b, 0x0b, 0x43, 0xdb, 0x43,
  0x02, 0xea, 0x03, 0x01, 0xfb, 0x68, 0x1b, 0x68, 0x7a, 0x69, 0x0a, 0x43,
  0x5a, 0x60, 0x00, 0xbf, 0x1c, 0x37, 0xbd, 0x46, 0x5d, 0xf8, 0x04, 0x7b,
  0x70, 0x47, 0x00, 0xbf, 0xff, 0x63, 0xff, 0x03, 0x80, 0xb4, 0x85, 0xb0,
  0x00, 0xaf, 0x78, 0x60, 0x0b, 0x46, 0x7b, 0x80, 0x00, 0x23, 0xfb, 0x60,
  0x7b, 0x68, 0x5b, 0x6b, 0x39, 0x4a, 0x93, 0x42, 0x32, 0xd0, 0x7b, 0x68,
  0x5b, 0x6b, 0x38, 0x4a, 0x93, 0x42, 0x2d, 0xd0, 0x7b, 0x68, 0x5b, 0x6b,
  0x36, 0x4a, 0x93, 0x42, 0x28, 0xd0, 0xb7, 0xf9, 0x02, 0x30, 0x00, 0x2b,
  0x03, 0xda, 0xfb, 0x68, 0x43, 0xf0, 0xb8, 0x03, 0xfb, 0x60, 0x7b, 0x88,
  0x03, 0xf0, 0x01, 0x03, 0x00, 0x2b, 0x03, 0xd0, 0xfb, 0x68, 0x43, 0xf0,
  0xf2, 0x03, 0xfb, 0x60, 0x7b, 0x88, 0x03, 0xf0, 0x02, 0x03, 0x00, 0x2b,
  0x03, 0xd0, 0xfb, 0x68, 0x43, 0xf0, 0xf4, 0x03, 0xfb, 0x60, 0x7b, 0x88,
  0x10, 0x2b, 0x03, 0xd1, 0xfb, 0x68, 0x43, 0xf0, 0x90, 0x03, 0xfb, 0x60,
  0x7b, 0x88, 0x20, 0x2b, 0x33, 0xd1, 0xfb, 0x68, 0x43, 0xf0, 0x20, 0x03,
  0xfb, 0x60, 0x2e, 0xe0, 0xb7, 0xf9, 0x02, 0x30, 0x00, 0x2b, 0x03, 0xda,
  0xfb, 0x68, 0x43, 0xf0, 0xb8, 0x03, 0xfb, 0x60, 0x7b, 0x88, 0x03, 0xf0,
  0x01, 0x03, 0x00, 0x2b, 0x03, 0xd0, 0xfb, 0x68, 0x43, 0xf0, 0xf2, 0x03,
  0xfb, 0x60, 0x7b, 0x88, 0x03, 0xf0, 0x02, 0x03, 0x00, 0x2b, 0x03, 0xd0,
  0xfb, 0x68, 0x43, 0xf0, 0xf4, 0x03, 0xfb, 0x60, 0x7b, 0x88, 0x10, 0x2b,
  0x03, 0xd1, 0xfb, 0x68, 0x43, 0xf0, 0x90, 0x03, 0xfb, 0x60, 0x7b, 0x88,
  0x20, 0x2b, 0x03, 0xd1, 0xfb, 0x68, 0x43, 0xf0, 0x60, 0x03, 0xfb, 0x60,
  0x7b, 0x88, 0x40, 0x2b, 0x03, 0xd1, 0xfb, 0x68, 0x43, 0xf0, 0x40, 0x03,
  0xfb, 0x60, 0x7b, 0x68, 0x1b, 0x68, 0x19, 0x68, 0x7b, 0x68, 0x1b, 0x68,
  0xfa, 0x68, 0x0a, 0x43, 0x1a, 0x60, 0x00, 0xbf, 0x14, 0x37, 0xbd, 0x46,
  0x5d, 0xf8, 0x04, 0x7b, 0x70, 0x47, 0x00, 0xbf, 0xdf, 0x37, 0x00, 0x08,
  0x25, 0x3c, 0x00, 0x08, 0xc5, 0x39, 0x00, 0x08, 0x80, 0xb4, 0x85, 0xb0,
  0x00, 0xaf, 0x78, 0x60, 0x0b, 0x46, 0x7b, 0x80, 0x00, 0x23, 0xfb, 0x60,
  0x7b, 0x88, 0x03, 0xf0, 0x01, 0x03, 0x00, 0x2b, 0x0f, 0xd0, 0xfb, 0x68,
  0x43, 0xf0, 0x42, 0x03, 0xfb, 0x60, 0x7b, 0x68, 0x93, 0xf8, 0x41, 0x30,
  0xdb, 0xb2, 0x03, 0xf0, 0x28, 0x03, 0x28, 0x2b, 0x03, 0xd0, 0xfb, 0x68,
  0x43, 0xf0, 0xb0, 0x03, 0xfb, 0x60, 0x7b, 0x88, 0x03, 0xf0, 0x02, 0x03,
  0x00, 0x2b, 0x0f, 0xd0, 0xfb, 0x68, 0x43, 0xf0, 0x44, 0x03, 0xfb, 0x60,
  0x7b, 0x68, 0x93, 0xf8, 0x41, 0x30, 0xdb, 0xb2, 0x03, 0xf0, 0x28, 0x03,
  0x28, 0x2b, 0x03, 0xd0, 0xfb, 0x68, 0x43, 0xf0, 0xb0, 0x03, 0xfb, 0x60,
  0xb7, 0xf9, 0x02, 0x30, 0x00, 0x2b, 0x03, 0xda, 0xfb, 0x68, 0x43, 0xf0,
  0xb8, 0x03, 0xfb, 0x60, 0x7b, 0x88, 0x10, 0x2b, 0x03, 0xd1, 0xfb, 0x68,
  0x43, 0xf0, 0x90, 0x03, 0xfb, 0x60, 0x7b, 0x88, 0x20, 0x2b, 0x03, 0xd1,
  0xfb, 0x68, 0x43, 0xf0, 0x20, 0x03, 0xfb, 0x60, 0x7b, 0x88, 0x40, 0x2b,
  0x03, 0xd1, 0xfb, 0x68, 0x43, 0xf0, 0x40, 0x03, 0xfb, 0x60, 0x7b, 0x68,
  0x1b, 0x68, 0x19, 0x68, 0xfb, 0x68, 0xda, 0x43, 0x7b, 0x68, 0x1b, 0x68,
  0x0a, 0x40, 0x1a, 0x60, 0x00, 0xbf, 0x14, 0x37, 0xbd, 0x46, 0x5d, 0xf8,
  0x04, 0x7b, 0x70, 0x47, 0x80, 0xb4, 0x83, 0xb0, 0x00, 0xaf, 0x78, 0x60,
  0x39, 0x60, 0x7b, 0x68, 0x93, 0xf8, 0x41, 0x30, 0xdb, 0xb2, 0x20, 0x2b,
  0x38, 0xd1, 0x7b, 0x68, 0x93, 0xf8, 0x40, 0x30, 0x01, 0x2b, 0x01, 0xd1,
  0x02, 0x23, 0x32, 0xe0, 0x7b, 0x68, 0x01, 0x22, 0x83, 0xf8, 0x40, 0x20,
  0x7b, 0x68, 0x24, 0x22, 0x83, 0xf8, 0x41, 0x20, 0x7b, 0x68, 0x1b, 0x68,
  0x1a, 0x68, 0x7b, 0x68, 0x1b, 0x68, 0x22, 0xf0, 0x01, 0x02, 0x1a, 0x60,
  0x7b, 0x68, 0x1b, 0x68, 0x1a, 0x68, 0x7b, 0x68, 0x1b, 0x68, 0x22, 0xf4,
  0x80, 0x52, 0x1a, 0x60, 0x7b, 0x68, 0x1b, 0x68, 0x19, 0x68, 0x7b, 0x68,
  0x1b, 0x68, 0x3a, 0x68, 0x0a, 0x43, 0x1a, 0x60, 0x7b, 0x68, 0x1b, 0x68,
  0x1a, 0x68, 0x7b, 0x68, 0x1b, 0x68, 0x42, 0xf0, 0x01, 0x02, 0x1a, 0x60,
  0x7b, 0x68, 0x20, 0x22, 0x83, 0xf8, 0x41, 0x20, 0x7b, 0x68, 0x00, 0x22,
  0x83, 0xf8, 0x40, 0x20, 0x00, 0x23, 0x00, 0xe0, 0x02, 0x23, 0x18, 0x46,
  0x0c, 0x37, 0xbd, 0x46, 0x5d, 0xf8, 0x04, 0x7b, 0x70, 0x47, 0x80, 0xb4,
  0x85, 0xb0, 0x00, 0xaf, 0x78, 0x60, 0x39, 0x60, 0x7b, 0x68, 0x93, 0xf8,
  0x41, 0x30, 0xdb, 0xb2, 0x20, 0x2b, 0x39, 0xd1, 0x7b, 0x68, 0x93, 0xf8,
  0x40, 0x30, 0x01, 0x2b, 0x01, 0xd1, 0x02, 0x23, 0x33, 0xe0, 0x7b, 0x68,
  0x01, 0x22, 0x83, 0xf8, 0x40, 0x20, 0x7b, 0x68, 0x24, 0x22, 0x83, 0xf8,
  0x41, 0x20, 0x7b, 0x68, 0x1b, 0x68, 0x1a, 0x68, 0x7b, 0x68, 0x1b, 0x68,
  0x22, 0xf0, 0x01, 0x02, 0x1a, 0x60, 0x7b, 0x68, 0x1b, 0x68, 0x1b, 0x68,
  0xfb, 0x60, 0xfb, 0x68, 0x23, 0xf4, 0x70, 0x63, 0xfb, 0x60, 0x3b, 0x68,
  0x1b, 0x02, 0xfa, 0x68, 0x13, 0x43, 0xfb, 0x60, 0x7b, 0x68, 0x1b, 0x68,
  0xfa, 0x68, 0x1a, 0x60, 0x7b, 0x68, 0x1b, 0x68, 0x1a, 0x68, 0x7b, 0x68,
  0x1b, 0x68, 0x42, 0xf0, 0x01, 0x02, 0x1a, 0x60, 0x7b, 0x68, 0x20, 0x22,
  0x83, 0xf8, 0x41, 0x20, 0x7b, 0x68, 0x00, 0x22, 0x83, 0xf8, 0x40, 0x20,
  0x00, 0x23, 0x00, 0xe0, 0x02, 0x23, 0x18, 0x46, 0x14, 0x37, 0xbd, 0x46,
  0x5d, 0xf8, 0x04, 0x7b, 0x70, 0x47, 0x00, 0x00, 0x80, 0xb5, 0x84, 0xb0,
  0x00, 0xaf, 0x78, 0x60, 0x00, 0x23, 0xfb, 0x73, 0x7b, 0x68, 0x00, 0x2b,
  0x02, 0xd1, 0x01, 0x23, 0xfb, 0x73, 0xb1, 0xe0, 0x5b, 0x4b, 0x1b, 0x68,
  0x00, 0x2b, 0x02, 0xd0, 0x01, 0x23, 0xfb, 0x73, 0xaa, 0xe0, 0x78, 0x68,
  0xfc, 0xf7, 0x66, 0xf9, 0x57, 0x4b, 0x5b, 0x68, 0x00, 0x2b, 0x02, 0xda,
  0x01, 0x23, 0xfb, 0x73, 0x56, 0xe0, 0x54, 0x4b, 0x00, 0x22, 0x5a, 0x60,
  0x52, 0x4b, 0x5a, 0x68, 0x7b, 0x68, 0x5b, 0x68, 0x01, 0x3b, 0x1b, 0x06,
  0x4f, 0x49, 0x13, 0x43, 0x4b, 0x60, 0x7b, 0x68, 0x1b, 0x7a, 0x01, 0x2b,
  0x3d, 0xd1, 0x4c, 0x4b, 0x5a, 0x68, 0x7b, 0x68, 0x1b, 0x69, 0x01, 0x3b,
  0x19, 0x04, 0x7b, 0x68, 0xdb, 0x68, 0x19, 0x43, 0x7b, 0x68, 0xdb, 0x68,
  0x1b, 0x09, 0x0b, 0x43, 0x45, 0x49, 0x13, 0x43, 0x4b, 0x60, 0x7b, 0x68,
  0x1b, 0x7d, 0x01, 0x2b, 0x29, 0xd1, 0x7b, 0x68, 0x9b, 0x69, 0xb3, 0xf5,
  0x80, 0x5f, 0x09, 0xd1, 0x3f, 0x4b, 0x5a, 0x68, 0x7b, 0x68, 0xdb, 0x69,
  0x13, 0x43, 0x3d, 0x4a, 0x43, 0xf0, 0x10, 0x03, 0x53, 0x60, 0x1a, 0xe0,
  0x7b, 0x68, 0x9b, 0x69, 0x00, 0x2b, 0x07, 0xd0, 0x7b, 0x68, 0xdb, 0x69,
  0xb3, 0xf5, 0x80, 0x7f, 0x02, 0xd1, 0x01, 0x23, 0xfb, 0x73, 0x0e, 0xe0,
  0x34, 0x4b, 0x5a, 0x68, 0x7b, 0x68, 0xdb, 0x69, 0x13, 0x43, 0x32, 0x4a,
  0x43, 0xf4, 0x00, 0x53, 0x43, 0xf0, 0x10, 0x03, 0x53, 0x60, 0x2f, 0x4a,
  0x7b, 0x68, 0x9b, 0x69, 0x13, 0x62, 0xfb, 0x7b, 0x00, 0x2b, 0x05, 0xd1,
  0x2b, 0x4b, 0x5b, 0x68, 0x2a, 0x4a, 0x43, 0xf0, 0x01, 0x03, 0x53, 0x60,
  0xfb, 0x7b, 0x00, 0x2b, 0x28, 0xd1, 0x7b, 0x68, 0x93, 0xf8, 0x20, 0x30,
  0x01, 0x2b, 0x23, 0xd1, 0x7b, 0x68, 0x1b, 0x68, 0x1b, 0x68, 0x00, 0x2b,
  0x02, 0xda, 0x01, 0x23, 0xfb, 0x73, 0x1b, 0xe0, 0x7b, 0x68, 0x1b, 0x68,
  0x00, 0x22, 0x1a, 0x60, 0x7b, 0x68, 0x1b, 0x68, 0x19, 0x68, 0x7b, 0x68,
  0xdb, 0x6a, 0x1a, 0x02, 0x7b, 0x68, 0x5b, 0x6a, 0x1a, 0x43, 0x7b, 0x68,
  0x9b, 0x6a, 0x1a, 0x43, 0x7b, 0x68, 0x1b, 0x68, 0x0a, 0x43, 0x1a, 0x60,
  0x7b, 0x68, 0x1b, 0x68, 0x1a, 0x68, 0x7b, 0x68, 0x1b, 0x68, 0x42, 0xf0,
  0x01, 0x02, 0x1a, 0x60, 0xfb, 0x7b, 0x00, 0x2b, 0x1a, 0xd1, 0x7b, 0x68,
  0x1b, 0x68, 0x5a, 0x68, 0x7b, 0x68, 0x1b, 0x68, 0x22, 0xf0, 0x1f, 0x02,
  0x5a, 0x60, 0x7b, 0x68, 0x1b, 0x68, 0x59, 0x68, 0x7b, 0x68, 0x1a, 0x6b,
  0x7b, 0x68, 0x1b, 0x68, 0x0a, 0x43, 0x5a, 0x60, 0x07, 0x4a, 0x7b, 0x68,
  0x13, 0x60, 0x7b, 0x68, 0x00, 0x22, 0xda, 0x63, 0x7b, 0x68, 0x01, 0x22,
  0x83, 0xf8, 0x38, 0x20, 0xfb, 0x7b, 0x18, 0x46, 0x10, 0x37, 0xbd, 0x46,
  0x80, 0xbd, 0x00, 0xbf, 0xd0, 0x03, 0x00, 0x20, 0x00, 0x40, 0x03, 0x40,
  0x80, 0xb5, 0x86, 0xb0, 0x00, 0xaf, 0xf8, 0x60, 0xb9, 0x60, 0x7a, 0x60,
  0x00, 0x23, 0xfb, 0x75, 0xbb, 0x68, 0x00, 0x2b, 0x02, 0xd0, 0x7b, 0x68,
  0x00, 0x2b, 0x02, 0xd1, 0x01, 0x23, 0xfb, 0x75, 0xba, 0xe0, 0xbb, 0x68,
  0x93, 0xf8, 0x24, 0x30, 0x01, 0x2b, 0x0e, 0xd1, 0xbb, 0x68, 0x5b, 0x6d,
  0x10, 0x2b, 0x07, 0xd0, 0xbb, 0x68, 0x5b, 0x6d, 0x30, 0x2b, 0x03, 0xd0,
  0xbb, 0x68, 0x5b, 0x6d, 0x40, 0x2b, 0x02, 0xd1, 0x01, 0x23, 0xfb, 0x75,
  0x17, 0xe0, 0xfb, 0x68, 0x93, 0xf8, 0x38, 0x30, 0xdb, 0xb2, 0x01, 0x2b,
  0x02, 0xd0, 0x01, 0x23, 0xfb, 0x75, 0x0e, 0xe0, 0xfb, 0x68, 0x1b, 0x68,
  0x9b, 0x68, 0x00, 0x2b, 0x02, 0xda, 0x01, 0x23, 0xfb, 0x75, 0x06, 0xe0,
  0xfb, 0x68, 0x1b, 0x68, 0x9b, 0x6b, 0x00, 0x2b, 0x01, 0xda, 0x01, 0x23,
  0xfb, 0x75, 0xfb, 0x7d, 0x00, 0x2b, 0x40, 0xf0, 0x8b, 0x80, 0xbb, 0x68,
  0x1b, 0x7d, 0x01, 0x2b, 0x07, 0xd1, 0xfb, 0x68, 0x1b, 0x68, 0xda, 0x6a,
  0xfb, 0x68, 0x1b, 0x68, 0x42, 0xf4, 0x00, 0x62, 0xda, 0x62, 0xfb, 0x68,
  0x1b, 0x68, 0xda, 0x6a, 0xfb, 0x68, 0x1b, 0x68, 0x42, 0xf4, 0x00, 0x72,
  0xda, 0x62, 0xbb, 0x68, 0x93, 0xf8, 0x24, 0x30, 0x01, 0x2b, 0x10, 0xd1,
  0xfb, 0x68, 0x1b, 0x68, 0xda, 0x6a, 0xbb, 0x68, 0x93, 0xf8, 0x50, 0x30,
  0x01, 0x2b, 0x02, 0xd1, 0x4f, 0xf4, 0x40, 0x51, 0x01, 0xe0, 0x4f, 0xf4,
  0x80, 0x51, 0xfb, 0x68, 0x1b, 0x68, 0x0a, 0x43, 0xda, 0x62, 0xfb, 0x68,
  0x1b, 0x68, 0x02, 0x22, 0x9a, 0x60, 0xfb, 0x68, 0x5b, 0x6b, 0x30, 0x4a,
  0x1a, 0x66, 0xfb, 0x68, 0x5b, 0x6b, 0x2f, 0x4a, 0x5a, 0x66, 0xfb, 0x68,
  0x5b, 0x6b, 0x2e, 0x4a, 0x9a, 0x66, 0x7b, 0x68, 0x1b, 0x7a, 0x01, 0x2b,
  0x04, 0xd1, 0xfb, 0x68, 0x1b, 0x68, 0x70, 0x33, 0x02, 0x33, 0x02, 0xe0,
  0xfb, 0x68, 0x1b, 0x68, 0x70, 0x33, 0x3b, 0x61, 0xfb, 0x68, 0x5b, 0x6b,
  0x1b, 0x6d, 0x03, 0xf0, 0x80, 0x03, 0x00, 0x2b, 0x23, 0xd0, 0xfb, 0x68,
  0x5b, 0x6b, 0x5b, 0x6f, 0x00, 0x2b, 0x1b, 0xd0, 0xfb, 0x68, 0x5b, 0x6b,
  0x5b, 0x6f, 0x1b, 0x68, 0x7a, 0x68, 0x52, 0x68, 0x9a, 0x60, 0xfb, 0x68,
  0x5b, 0x6b, 0x5b, 0x6f, 0x1b, 0x68, 0x3a, 0x69, 0xda, 0x60, 0xfb, 0x68,
  0x5b, 0x6b, 0x5b, 0x6f, 0x1b, 0x68, 0x7a, 0x68, 0x12, 0x68, 0x1a, 0x61,
  0xfb, 0x68, 0x5b, 0x6b, 0x18, 0x46, 0xfd, 0xf7, 0x77, 0xf8, 0x03, 0x46,
  0xfb, 0x75, 0x0d, 0xe0, 0x01, 0x23, 0xfb, 0x75, 0x0a, 0xe0, 0xfb, 0x68,
  0x58, 0x6b, 0x7b, 0x68, 0x1a, 0x68, 0x7b, 0x68, 0x5b, 0x68, 0x39, 0x69,
  0xfc, 0xf7, 0x74, 0xfd, 0x03, 0x46, 0xfb, 0x75, 0xfb, 0x7d, 0x00, 0x2b,
  0x06, 0xd0, 0xfb, 0x68, 0xff, 0x22, 0x83, 0xf8, 0x38, 0x20, 0x01, 0x23,
  0xfb, 0x75, 0x03, 0xe0, 0xb9, 0x68, 0xf8, 0x68, 0x00, 0xf0, 0xdc, 0xf8,
  0xfb, 0x7d, 0x18, 0x46, 0x18, 0x37, 0xbd, 0x46, 0x80, 0xbd, 0x00, 0xbf,
  0xc1, 0x52, 0x00, 0x08, 0xed, 0x52, 0x00, 0x08, 0x09, 0x53, 0x00, 0x08,
  0x80, 0xb4, 0x85, 0xb0, 0x00, 0xaf, 0xf8, 0x60, 0xb9, 0x60, 0x7a, 0x60,
  0x00, 0xbf, 0x14, 0x37, 0xbd, 0x46, 0x5d, 0xf8, 0x04, 0x7b, 0x70, 0x47,
  0x80, 0xb4, 0x83, 0xb0, 0x00, 0xaf, 0x78, 0x60, 0x00, 0xbf, 0x0c, 0x37,
  0xbd, 0x46, 0x5d, 0xf8, 0x04, 0x7b, 0x70, 0x47, 0x80, 0xb5, 0x88, 0xb0,
  0x00, 0xaf, 0x78, 0x60, 0x7b, 0x68, 0x1b, 0x68, 0xdb, 0x6a, 0xfb, 0x61,
  0x7b, 0x68, 0x1b, 0x68, 0x1b, 0x6b, 0xbb, 0x61, 0xfa, 0x69, 0xbb, 0x69,
  0x13, 0x40, 0x7b, 0x61, 0x7b, 0x69, 0x03, 0xf0, 0x02, 0x03, 0x00, 0x2b,
  0x11, 0xd0, 0x7b, 0x68, 0x1b, 0x68, 0x1a, 0x6b, 0x7b, 0x68, 0x1b, 0x68,
  0x42, 0xf0, 0x02, 0x02, 0x1a, 0x63, 0x7b, 0x68, 0xdb, 0x6b, 0x43, 0xf0,
  0x01, 0x02, 0x7b, 0x68, 0xda, 0x63, 0x78, 0x68, 0x00, 0xf0, 0x89, 0xf8,
  0x83, 0xe0, 0x7b, 0x69, 0x03, 0xf0, 0x01, 0x03, 0x00, 0x2b, 0x0e, 0xd0,
  0x78, 0x68, 0xfb, 0xf7, 0xa9, 0xfd, 0x7b, 0x68, 0x1b, 0x68, 0x9b, 0x68,
  0x03, 0xf0, 0x70, 0x03, 0x10, 0x2b, 0x74, 0xd1, 0x7b, 0x68, 0x01, 0x22,
  0x83, 0xf8, 0x38, 0x20, 0x6f, 0xe0, 0x7b, 0x69, 0x03, 0xf4, 0x00, 0x63,
  0x00, 0x2b, 0x11, 0xd0, 0x7b, 0x68, 0x1b, 0x68, 0x1a, 0x6b, 0x7b, 0x68,
  0x1b, 0x68, 0x42, 0xf4, 0x00, 0x62, 0x1a, 0x63, 0x7b, 0x68, 0xdb, 0x6b,
  0x43, 0xf0, 0x02, 0x02, 0x7b, 0x68, 0xda, 0x63, 0x78, 0x68, 0x00, 0xf0,
  0x5e, 0xf8, 0x58, 0xe0, 0x7b, 0x69, 0x03, 0xf4, 0x80, 0x63, 0x00, 0x2b,
  0x11, 0xd0, 0x7b, 0x68, 0x1b, 0x68, 0x1a, 0x6b, 0x7b, 0x68, 0x1b, 0x68,
  0x42, 0xf4, 0x80, 0x62, 0x1a, 0x63, 0x7b, 0x68, 0xdb, 0x6b, 0x43, 0xf0,
  0x04, 0x02, 0x7b, 0x68, 0xda, 0x63, 0x78, 0x68, 0x00, 0xf0, 0x47, 0xf8,
  0x41, 0xe0, 0x7b, 0x69, 0x03, 0xf4, 0x00, 0x73, 0x00, 0x2b, 0x11, 0xd0,
  0x7b, 0x68, 0x1b, 0x68, 0x1a, 0x6b, 0x7b, 0x68, 0x1b, 0x68, 0x42, 0xf4,
  0x00, 0x72, 0x1a, 0x63, 0x7b, 0x68, 0xdb, 0x6b, 0x43, 0xf0, 0x10, 0x02,
  0x7b, 0x68, 0xda, 0x63, 0x78, 0x68, 0x00, 0xf0, 0x30, 0xf8, 0x2a, 0xe0,
  0x7b, 0x69, 0x03, 0xf4, 0x80, 0x53, 0x00, 0x2b, 0x0b, 0xd0, 0x7b, 0x68,
  0x1b, 0x68, 0x1a, 0x6b, 0x7b, 0x68, 0x1b, 0x68, 0x42, 0xf4, 0x80, 0x52,
  0x1a, 0x63, 0x78, 0x68, 0xff, 0xf7, 0x66, 0xff, 0x19, 0xe0, 0x7b, 0x69,
  0x03, 0xf4, 0x00, 0x53, 0x00, 0x2b, 0x14, 0xd0, 0x7b, 0x68, 0x1b, 0x68,
  0x1b, 0x6c, 0x3b, 0x61, 0x7b, 0x68, 0x1b, 0x68, 0x5b, 0x6c, 0xfb, 0x60,
  0x7b, 0x68, 0x1b, 0x68, 0x1a, 0x6b, 0x7b, 0x68, 0x1b, 0x68, 0x42, 0xf4,
  0x00, 0x52, 0x1a, 0x63, 0xfa, 0x68, 0x39, 0x69, 0x78, 0x68, 0xff, 0xf7,
  0x3f, 0xff, 0x00, 0xbf, 0x20, 0x37, 0xbd, 0x46, 0x80, 0xbd, 0x80, 0xb4,
  0x83, 0xb0, 0x00, 0xaf, 0x78, 0x60, 0x00, 0xbf, 0x0c, 0x37, 0xbd, 0x46,
  0x5d, 0xf8, 0x04, 0x7b, 0x70, 0x47, 0x00, 0x00, 0x80, 0xb4, 0x85, 0xb0,
  0x00, 0xaf, 0x78, 0x60, 0x39, 0x60, 0x3b, 0x68, 0x5b, 0x6d, 0x00, 0x2b,
  0x03, 0xd0, 0x3b, 0x68, 0x5b, 0x6d, 0x10, 0x2b, 0x10, 0xd1, 0x7b, 0x68,
  0x1b, 0x68, 0x99, 0x68, 0x3b, 0x68, 0x5a, 0x6d, 0x3b, 0x68, 0x9b, 0x6d,
  0x1a, 0x43, 0x3b, 0x68, 0xdb, 0x6d, 0x1b, 0x05, 0x1a, 0x43, 0x7b, 0x68,
  0x1b, 0x68, 0x0a, 0x43, 0x9a, 0x60, 0x31, 0xe0, 0x3b, 0x68, 0x1b, 0x6e,
  0xb3, 0xf1, 0xff, 0x3f, 0x13, 0xd1, 0x7b, 0x68, 0x1b, 0x68, 0x99, 0x68,
  0x3b, 0x68, 0x5a, 0x6d, 0x3b, 0x68, 0x9b, 0x6d, 0x1a, 0x43, 0x3b, 0x68,
  0x5b, 0x6e, 0x1a, 0x43, 0x3b, 0x68, 0xdb, 0x6d, 0x1b, 0x05, 0x1a, 0x43,
  0x7b, 0x68, 0x1b, 0x68, 0x0a, 0x43, 0x9a, 0x60, 0x18, 0xe0, 0x7b, 0x68,
  0x1b, 0x68, 0x9a, 0x68, 0x3b, 0x68, 0x59, 0x6d, 0x3b, 0x68, 0x9b, 0x6d,
  0x19, 0x43, 0x3b, 0x68, 0x5b, 0x6e, 0x19, 0x43, 0x3b, 0x68, 0xdb, 0x6d,
  0x1b, 0x05, 0x0b, 0x43, 0x1a, 0x43, 0x7b, 0x68, 0x1b, 0x68, 0x42, 0xf4,
  0x00, 0x52, 0x9a, 0x60, 0x6d, 0x4a, 0x3b, 0x68, 0x1b, 0x6e, 0x13, 0x62,
  0x3b, 0x68, 0x1b, 0x69, 0x00, 0x2b, 0x08, 0xda, 0x3b, 0x68, 0x1b, 0x69,
  0x10, 0x3b, 0xbb, 0x60, 0xbb, 0x68, 0x03, 0xf0, 0x3f, 0x03, 0xfb, 0x60,
  0x02, 0xe0, 0x3b, 0x68, 0x1b, 0x69, 0xfb, 0x60, 0x3b, 0x68, 0x1a, 0x68,
  0x3b, 0x68, 0x9b, 0x68, 0x1a, 0x43, 0x3b, 0x68, 0xdb, 0x68, 0x01, 0x3b,
  0x1b, 0x02, 0x42, 0xea, 0x03, 0x01, 0xfb, 0x68, 0x1a, 0x05, 0x7b, 0x68,
  0x1b, 0x68, 0x0a, 0x43, 0xda, 0x60, 0x7b, 0x68, 0x1b, 0x68, 0x3a, 0x68,
  0x52, 0x68, 0x5a, 0x62, 0x7b, 0x68, 0x1b, 0x68, 0x00, 0x22, 0x1a, 0x61,
  0x3b, 0x68, 0x1b, 0x7d, 0x01, 0x2b, 0x09, 0xd1, 0x7b, 0x68, 0x1b, 0x68,
  0x19, 0x69, 0x3b, 0x68, 0x9a, 0x69, 0x7b, 0x68, 0x1b, 0x68, 0x0a, 0x43,
  0x1a, 0x61, 0x07, 0xe0, 0x7b, 0x68, 0x1b, 0x68, 0x1a, 0x69, 0x7b, 0x68,
  0x1b, 0x68, 0x42, 0xf0, 0x01, 0x02, 0x1a, 0x61, 0x3b, 0x68, 0x1b, 0x7f,
  0x01, 0x2b, 0x09, 0xd1, 0x7b, 0x68, 0x1b, 0x68, 0x19, 0x69, 0x3b, 0x68,
  0x1a, 0x6a, 0x7b, 0x68, 0x1b, 0x68, 0x0a, 0x43, 0x1a, 0x61, 0x07, 0xe0,
  0x7b, 0x68, 0x1b, 0x68, 0x1a, 0x69, 0x7b, 0x68, 0x1b, 0x68, 0x42, 0xf0,
  0x80, 0x02, 0x1a, 0x61, 0x3b, 0x68, 0x93, 0xf8, 0x24, 0x30, 0x01, 0x2b,
  0x54, 0xd1, 0x3b, 0x68, 0x9b, 0x6a, 0xb3, 0xf5, 0x40, 0x5f, 0x15, 0xd0,
  0x3b, 0x68, 0x93, 0xf8, 0x30, 0x30, 0x01, 0x2b, 0x10, 0xd1, 0x3b, 0x68,
  0x9a, 0x6a, 0x3b, 0x68, 0xdb, 0x6a, 0x1a, 0x43, 0x3b, 0x68, 0x5b, 0x6b,
  0x1a, 0x43, 0x3b, 0x68, 0x9b, 0x6b, 0x1a, 0x43, 0x7b, 0x68, 0x1b, 0x68,
  0x42, 0xf0, 0x80, 0x02, 0x9a, 0x63, 0x0e, 0xe0, 0x3b, 0x68, 0x9a, 0x6a,
  0x3b, 0x68, 0xdb, 0x6a, 0x1a, 0x43, 0x3b, 0x68, 0x5b, 0x6b, 0x42, 0xea,
  0x03, 0x01, 0x3b, 0x68, 0x9a, 0x6b, 0x7b, 0x68, 0x1b, 0x68, 0x0a, 0x43,
  0x9a, 0x63, 0x3b, 0x68, 0x9b, 0x6a, 0xb3, 0xf5, 0x80, 0x5f, 0x14, 0xd0,
  0x3b, 0x68, 0xdb, 0x6b, 0x1a, 0x04, 0x3b, 0x68, 0x1b, 0x6c, 0x1a, 0x43,
  0x3b, 0x68, 0x5b, 0x6c, 0x1a, 0x43, 0x3b, 0x68, 0x9b, 0x6c, 0x1b, 0x01,
  0x42, 0xea, 0x03, 0x01, 0x3b, 0x68, 0xda, 0x6c, 0x7b, 0x68, 0x1b, 0x68,
  0x0a, 0x43, 0xda, 0x63, 0x18, 0xe0, 0x3b, 0x68, 0xdb, 0x6b, 0x1a, 0x04,
  0x3b, 0x68, 0x1b, 0x6c, 0x1a, 0x43, 0x3b, 0x68, 0x5b, 0x6c, 0x42, 0xea,
  0x03, 0x01, 0x3b, 0x68, 0xda, 0x6c, 0x7b, 0x68, 0x1b, 0x68, 0x0a, 0x43,
  0xda, 0x63, 0x07, 0xe0, 0x7b, 0x68, 0x1b, 0x68, 0x00, 0x22, 0x9a, 0x63,
  0x7b, 0x68, 0x1b, 0x68, 0x00, 0x22, 0xda, 0x63, 0x7b, 0x68, 0x02, 0x22,
  0x83, 0xf8, 0x38, 0x20, 0x3b, 0x68, 0x93, 0xf8, 0x24, 0x30, 0x01, 0x2b,
  0x07, 0xd1, 0x7b, 0x68, 0x1b, 0x68, 0x9a, 0x6b, 0x7b, 0x68, 0x1b, 0x68,
  0x42, 0xf0, 0x01, 0x02, 0x9a, 0x63, 0x7b, 0x68, 0x1b, 0x68, 0x9a, 0x68,
  0x7b, 0x68, 0x1b, 0x68, 0x42, 0xf0, 0x01, 0x02, 0x9a, 0x60, 0x00, 0xbf,
  0x14, 0x37, 0xbd, 0x46, 0x5d, 0xf8, 0x04, 0x7b, 0x70, 0x47, 0x00, 0xbf,
  0x00, 0x40, 0x03, 0x40, 0x80, 0xb5, 0x84, 0xb0, 0x00, 0xaf, 0x78, 0x60,
  0x7b, 0x68, 0xdb, 0x6d, 0xfb, 0x60, 0x7b, 0x68, 0x1b, 0x6d, 0x81, 0x2b,
  0x03, 0xd0, 0xfb, 0x68, 0x01, 0x22, 0x83, 0xf8, 0x38, 0x20, 0xf8, 0x68,
  0xfb, 0xf7, 0xe2, 0xfb, 0x00, 0xbf, 0x10, 0x37, 0xbd, 0x46, 0x80, 0xbd,
  0x80, 0xb5, 0x84, 0xb0, 0x00, 0xaf, 0x78, 0x60, 0x7b, 0x68, 0xdb, 0x6d,
  0xfb, 0x60, 0xf8, 0x68, 0xfb, 0xf7, 0xb6, 0xfb, 0x00, 0xbf, 0x10, 0x37,
  0xbd, 0x46, 0x80, 0xbd, 0x80, 0xb5, 0x84, 0xb0, 0x00, 0xaf, 0x78, 0x60,
  0x7b, 0x68, 0xdb, 0x6d, 0xfb, 0x60, 0xfb, 0x68, 0xdb, 0x6b, 0x43, 0xf0,
  0x40, 0x02, 0xfb, 0x68, 0xda, 0x63, 0xf8, 0x68, 0xff, 0xf7, 0x97, 0xfe,
  0x00, 0xbf, 0x10, 0x37, 0xbd, 0x46, 0x80, 0xbd, 0x80, 0xb4, 0x85, 0xb0,
  0x00, 0xaf, 0x78, 0x60, 0x19, 0x4b, 0xdb, 0x68, 0x23, 0xf0, 0x03, 0x03,
  0xbb, 0x60, 0xba, 0x68, 0x7b, 0x68, 0x13, 0x43, 0xbb, 0x60, 0x15, 0x4a,
  0xbb, 0x68, 0xd3, 0x60, 0x14, 0x4b, 0x1b, 0x68, 0x32, 0x22, 0x02, 0xfb,
  0x03, 0xf3, 0x13, 0x4a, 0xa2, 0xfb, 0x03, 0x23, 0x9b, 0x0c, 0x01, 0x33,
  0xfb, 0x60, 0x7b, 0x68, 0x1b, 0x04, 0xbb, 0x60, 0x02, 0xe0, 0xfb, 0x68,
  0x01, 0x3b, 0xfb, 0x60, 0x0a, 0x4b, 0xda, 0x68, 0xbb, 0x68, 0x13, 0x40,
  0xba, 0x68, 0x9a, 0x42, 0x02, 0xd0, 0xfb, 0x68, 0x00, 0x2b, 0xf2, 0xd1,
  0xfb, 0x68, 0x00, 0x2b, 0x01, 0xd1, 0x03, 0x23, 0x00, 0xe0, 0x00, 0x23,
  0x18, 0x46, 0x14, 0x37, 0xbd, 0x46, 0x5d, 0xf8, 0x04, 0x7b, 0x70, 0x47,
  0x00, 0x08, 0x03, 0x40, 0x00, 0x00, 0x00, 0x20, 0x83, 0xde, 0x1b, 0x43,
  0x80, 0xb5, 0x82, 0xb0, 0x00, 0xaf, 0xfc, 0xf7, 0x27, 0xf9, 0x78, 0x60,
  0x38, 0x4b, 0x1b, 0x68, 0x37, 0x4a, 0x43, 0xf0, 0x09, 0x03, 0x13, 0x60,
  0x0e, 0xe0, 0xfc, 0xf7, 0x1d, 0xf9, 0x02, 0x46, 0x7b, 0x68, 0xd3, 0x1a,
  0x02, 0x2b, 0x07, 0xd9, 0x31, 0x4b, 0x1b, 0x68, 0x03, 0xf0, 0x04, 0x03,
  0x00, 0x2b, 0x01, 0xd1, 0x03, 0x23, 0x57, 0xe0, 0x2d, 0x4b, 0x1b, 0x68,
  0x03, 0xf0, 0x04, 0x03, 0x00, 0x2b, 0xea, 0xd0, 0x2a, 0x4b, 0x9b, 0x68,
  0x23, 0xf0, 0x7c, 0x43, 0x28, 0x4a, 0x43, 0xf0, 0x34, 0x43, 0x93, 0x60,
  0x26, 0x4b, 0x4f, 0xf4, 0x02, 0x62, 0xda, 0x60, 0x24, 0x4b, 0x4f, 0xf4,
  0x80, 0x12, 0x1a, 0x61, 0xfc, 0xf7, 0xf8, 0xf8, 0x78, 0x60, 0x21, 0x4b,
  0x00, 0x22, 0xda, 0x61, 0x10, 0xe0, 0xfc, 0xf7, 0xf1, 0xf8, 0x02, 0x46,
  0x7b, 0x68, 0xd3, 0x1a, 0x41, 0xf2, 0x88, 0x32, 0x93, 0x42, 0x07, 0xd9,
  0x1a, 0x4b, 0xdb, 0x69, 0x03, 0xf0, 0x0c, 0x03, 0x00, 0x2b, 0x01, 0xd0,
  0x03, 0x23, 0x29, 0xe0, 0x16, 0x4b, 0xdb, 0x69, 0x03, 0xf0, 0x0c, 0x03,
  0x00, 0x2b, 0xe8, 0xd1, 0x13, 0x4b, 0x00, 0x22, 0x1a, 0x62, 0x12, 0x4b,
  0x00, 0x22, 0x5a, 0x62, 0x10, 0x4b, 0x00, 0x22, 0x9a, 0x62, 0x0f, 0x4b,
  0x09, 0x22, 0x1a, 0x60, 0x0d, 0x4b, 0x09, 0x22, 0x1a, 0x60, 0x0c, 0x4b,
  0x00, 0x22, 0x1a, 0x65, 0x0a, 0x4b, 0x4f, 0xf0, 0xff, 0x32, 0x9a, 0x65,
  0x09, 0x4b, 0x0a, 0x4a, 0x1a, 0x60, 0x0a, 0x4b, 0x1b, 0x68, 0x18, 0x46,
  0xfc, 0xf7, 0x2c, 0xf8, 0x03, 0x46, 0x00, 0x2b, 0x01, 0xd0, 0x01, 0x23,
  0x00, 0xe0, 0x00, 0x23, 0x18, 0x46, 0x08, 0x37, 0xbd, 0x46, 0x80, 0xbd,
  0x00, 0x0c, 0x03, 0x40, 0x00, 0x00, 0x00, 0x20, 0x00, 0x1b, 0xb7, 0x00,
  0x04, 0x00, 0x00, 0x20, 0x80, 0xb5, 0x88, 0xb0, 0x00, 0xaf, 0x78, 0x60,
  0x7b, 0x68, 0x00, 0x2b, 0x01, 0xd1, 0x01, 0x23, 0x40, 0xe3, 0x98, 0x4b,
  0xdb, 0x69, 0x03, 0xf0, 0x0c, 0x03, 0x7b, 0x61, 0x7b, 0x68, 0x1b, 0x68,
  0x03, 0xf0, 0x01, 0x03, 0x00, 0x2b, 0x00, 0xf0, 0xad, 0x80, 0x7b, 0x69,
  0x08, 0x2b, 0x06, 0xd1, 0x7b, 0x68, 0x5b, 0x68, 0x00, 0x2b, 0x40, 0xf0,
  0xa5, 0x80, 0x01, 0x23, 0x2a, 0xe3, 0x7b, 0x68, 0x5b, 0x68, 0x00, 0x2b,
  0x4f, 0xd0, 0x7b, 0x68, 0x5b, 0x68, 0xb3, 0xf5, 0x80, 0x3f, 0x06, 0xd1,
  0x88, 0x4b, 0x1b, 0x68, 0x87, 0x4a, 0x43, 0xf4, 0x80, 0x33, 0x13, 0x60,
  0x2f, 0xe0, 0x7b, 0x68, 0x5b, 0x68, 0xb3, 0xf5, 0xa0, 0x2f, 0x0c, 0xd1,
  0x82, 0x4b, 0x1b, 0x68, 0x81, 0x4a, 0x43, 0xf4, 0x80, 0x23, 0x13, 0x60,
  0x7f, 0x4b, 0x1b, 0x68, 0x7e, 0x4a, 0x43, 0xf4, 0x80, 0x33, 0x13, 0x60,
  0x1d, 0xe0, 0x7b, 0x68, 0x5b, 0x68, 0xb3, 0xf5, 0xa8, 0x1f, 0x0c, 0xd1,
  0x79, 0x4b, 0x1b, 0x68, 0x78, 0x4a, 0x43, 0xf4, 0xa0, 0x13, 0x13, 0x60,
  0x76, 0x4b, 0x1b, 0x68, 0x75, 0x4a, 0x43, 0xf4, 0x80, 0x33, 0x13, 0x60,
  0x0b, 0xe0, 0x73, 0x4b, 0x1b, 0x68, 0x72, 0x4a, 0x23, 0xf4, 0x80, 0x33,
  0x13, 0x60, 0x70, 0x4b, 0x1b, 0x68, 0x6f, 0x4a, 0x23, 0xf4, 0xa0, 0x13,
  0x13, 0x60, 0xfc, 0xf7, 0x4b, 0xf8, 0x38, 0x61, 0x08, 0xe0, 0xfc, 0xf7,
  0x47, 0xf8, 0x02, 0x46, 0x3b, 0x69, 0xd3, 0x1a, 0x64, 0x2b, 0x01, 0xd9,
  0x03, 0x23, 0xdd, 0xe2, 0x66, 0x4b, 0x1b, 0x68, 0x03, 0xf4, 0x00, 0x33,
  0x00, 0x2b, 0xf0, 0xd0, 0x4e, 0xe0, 0x7b, 0x68, 0x5b, 0x68, 0xb3, 0xf5,
  0x80, 0x3f, 0x06, 0xd1, 0x60, 0x4b, 0x1b, 0x68, 0x5f, 0x4a, 0x43, 0xf4,
  0x80, 0x33, 0x13, 0x60, 0x2f, 0xe0, 0x7b, 0x68, 0x5b, 0x68, 0xb3, 0xf5,
  0xa0, 0x2f, 0x0c, 0xd1, 0x5a, 0x4b, 0x1b, 0x68, 0x59, 0x4a, 0x43, 0xf4,
  0x80, 0x23, 0x13, 0x60, 0x57, 0x4b, 0x1b, 0x68, 0x56, 0x4a, 0x43, 0xf4,
  0x80, 0x33, 0x13, 0x60, 0x1d, 0xe0, 0x7b, 0x68, 0x5b, 0x68, 0xb3, 0xf5,
  0xa8, 0x1f, 0x0c, 0xd1, 0x51, 0x4b, 0x1b, 0x68, 0x50, 0x4a, 0x43, 0xf4,
  0xa0, 0x13, 0x13, 0x60, 0x4e, 0x4b, 0x1b, 0x68, 0x4d, 0x4a, 0x43, 0xf4,
  0x80, 0x33, 0x13, 0x60, 0x0b, 0xe0, 0x4b, 0x4b, 0x1b, 0x68, 0x4a, 0x4a,
  0x23, 0xf4, 0x80, 0x33, 0x13, 0x60, 0x48, 0x4b, 0x1b, 0x68, 0x47, 0x4a,
  0x23, 0xf4, 0xa0, 0x13, 0x13, 0x60, 0xfb, 0xf7, 0xfb, 0xff, 0x38, 0x61,
  0x08, 0xe0, 0xfb, 0xf7, 0xf7, 0xff, 0x02, 0x46, 0x3b, 0x69, 0xd3, 0x1a,
  0x64, 0x2b, 0x01, 0xd9, 0x03, 0x23, 0x8d, 0xe2, 0x3e, 0x4b, 0x1b, 0x68,
  0x03, 0xf4, 0x00, 0x33, 0x00, 0x2b, 0xf0, 0xd1, 0x7b, 0x68, 0x1b, 0x68,
  0x03, 0xf0, 0x02, 0x03, 0x00, 0x2b, 0x54, 0xd0, 0x7b, 0x69, 0x04, 0x2b,
  0x10, 0xd1, 0x7b, 0x68, 0x9b, 0x68, 0x00, 0x2b, 0x01, 0xd1, 0x01, 0x23,
  0x78, 0xe2, 0x34, 0x4b, 0x1b, 0x69, 0x23, 0xf4, 0xf8, 0x12, 0x7b, 0x68,
  0xdb, 0x68, 0x1b, 0x04, 0x30, 0x49, 0x13, 0x43, 0x0b, 0x61, 0x40, 0xe0,
  0x7b, 0x68, 0x9b, 0x68, 0x00, 0x2b, 0x23, 0xd0, 0x2c, 0x4b, 0x1b, 0x68,
  0x2b, 0x4a, 0x43, 0xf4, 0x00, 0x63, 0x13, 0x60, 0xfb, 0xf7, 0xc4, 0xff,
  0x38, 0x61, 0x08, 0xe0, 0xfb, 0xf7, 0xc0, 0xff, 0x02, 0x46, 0x3b, 0x69,
  0xd3, 0x1a, 0x02, 0x2b, 0x01, 0xd9, 0x03, 0x23, 0x56, 0xe2, 0x23, 0x4b,
  0x1b, 0x68, 0x03, 0xf4, 0x00, 0x53, 0x00, 0x2b, 0xf0, 0xd0, 0x20, 0x4b,
  0x1b, 0x69, 0x23, 0xf4, 0xf8, 0x12, 0x7b, 0x68, 0xdb, 0x68, 0x1b, 0x04,
  0x1c, 0x49, 0x13, 0x43, 0x0b, 0x61, 0x18, 0xe0, 0x1a, 0x4b, 0x1b, 0x68,
  0x19, 0x4a, 0x23, 0xf4, 0x00, 0x63, 0x13, 0x60, 0xfb, 0xf7, 0xa0, 0xff,
  0x38, 0x61, 0x08, 0xe0, 0xfb, 0xf7, 0x9c, 0xff, 0x02, 0x46, 0x3b, 0x69,
  0xd3, 0x1a, 0x02, 0x2b, 0x01, 0xd9, 0x03, 0x23, 0x32, 0xe2, 0x11, 0x4b,
  0x1b, 0x68, 0x03, 0xf4, 0x00, 0x53, 0x00, 0x2b, 0xf0, 0xd1, 0x7b, 0x68,
  0x1b, 0x68, 0x03, 0xf0, 0x10, 0x03, 0x00, 0x2b, 0x38, 0xd0, 0x7b, 0x68,
  0x1b, 0x69, 0x00, 0x2b, 0x1b, 0xd0, 0x09, 0x4b, 0x1b, 0x68, 0x08, 0x4a,
  0x43, 0xf4, 0x80, 0x43, 0x13, 0x60, 0xfb, 0xf7, 0x7d, 0xff, 0x38, 0x61,
  0x0a, 0xe0, 0xfb, 0xf7, 0x79, 0xff, 0x02, 0x46, 0x3b, 0x69, 0xd3, 0x1a,
  0x02, 0x2b, 0x03, 0xd9, 0x03, 0x23, 0x0f, 0xe2, 0x00, 0x0c, 0x03, 0x40,
  0xa0, 0x4b, 0x1b, 0x68, 0x03, 0xf4, 0x00, 0x43, 0x00, 0x2b, 0xee, 0xd0,
  0x18, 0xe0, 0x9d, 0x4b, 0x1b, 0x68, 0x9c, 0x4a, 0x23, 0xf4, 0x80, 0x43,
  0x13, 0x60, 0xfb, 0xf7, 0x61, 0xff, 0x38, 0x61, 0x08, 0xe0, 0xfb, 0xf7,
  0x5d, 0xff, 0x02, 0x46, 0x3b, 0x69, 0xd3, 0x1a, 0x02, 0x2b, 0x01, 0xd9,
  0x03, 0x23, 0xf3, 0xe1, 0x93, 0x4b, 0x1b, 0x68, 0x03, 0xf4, 0x00, 0x43,
  0x00, 0x2b, 0xf0, 0xd1, 0x7b, 0x68, 0x1b, 0x68, 0x03, 0xf0, 0x04, 0x03,
  0x00, 0x2b, 0x00, 0xf0, 0xa7, 0x80, 0x00, 0x23, 0xfb, 0x76, 0x8c, 0x4b,
  0xd3, 0xf8, 0x94, 0x30, 0x03, 0xf0, 0x04, 0x03, 0x00, 0x2b, 0x10, 0xd1,
  0x88, 0x4b, 0xd3, 0xf8, 0x94, 0x30, 0x87, 0x4a, 0x43, 0xf0, 0x04, 0x03,
  0xc2, 0xf8, 0x94, 0x30, 0x84, 0x4b, 0xd3, 0xf8, 0x94, 0x30, 0x03, 0xf0,
  0x04, 0x03, 0xfb, 0x60, 0xfb, 0x68, 0x01, 0x23, 0xfb, 0x76, 0x81, 0x4b,
  0x9b, 0x6a, 0x80, 0x4a, 0x43, 0xf0, 0x01, 0x03, 0x93, 0x62, 0x7b, 0x68,
  0x5b, 0x69, 0x00, 0x2b, 0x51, 0xd0, 0x7b, 0x4b, 0xd3, 0xf8, 0x10, 0x31,
  0x23, 0xf0, 0x80, 0x03, 0xfb, 0x61, 0x7b, 0x68, 0x5b, 0x69, 0xfa, 0x69,
  0x13, 0x43, 0xfb, 0x61, 0x75, 0x4a, 0xfb, 0x69, 0xc2, 0xf8, 0x10, 0x31,
  0xfb, 0xf7, 0x14, 0xff, 0x38, 0x61, 0x0a, 0xe0, 0xfb, 0xf7, 0x10, 0xff,
  0x02, 0x46, 0x3b, 0x69, 0xd3, 0x1a, 0x41, 0xf2, 0x88, 0x32, 0x93, 0x42,
  0x01, 0xd9, 0x03, 0x23, 0xa4, 0xe1, 0x6c, 0x4b, 0xd3, 0xf8, 0x10, 0x31,
  0x03, 0xf0, 0x02, 0x03, 0x00, 0x2b, 0xed, 0xd0, 0x7b, 0x68, 0x5b, 0x69,
  0x03, 0xf0, 0x80, 0x03, 0x00, 0x2b, 0x1e, 0xd0, 0x0a, 0xe0, 0xfb, 0xf7,
  0xf7, 0xfe, 0x02, 0x46, 0x3b, 0x69, 0xd3, 0x1a, 0x41, 0xf2, 0x88, 0x32,
  0x93, 0x42, 0x01, 0xd9, 0x03, 0x23, 0x8b, 0xe1, 0x5f, 0x4b, 0xd3, 0xf8,
  0x10, 0x31, 0x03, 0xf4, 0x00, 0x63, 0x00, 0x2b, 0xed, 0xd0, 0x38, 0xe0,
  0xfb, 0xf7, 0xe4, 0xfe, 0x02, 0x46, 0x3b, 0x69, 0xd3, 0x1a, 0x41, 0xf2,
  0x88, 0x32, 0x93, 0x42, 0x01, 0xd9, 0x03, 0x23, 0x78, 0xe1, 0x56, 0x4b,
  0xd3, 0xf8, 0x10, 0x31, 0x03, 0xf4, 0x00, 0x63, 0x00, 0x2b, 0xed, 0xd1,
  0x25, 0xe0, 0x52, 0x4b, 0xd3, 0xf8, 0x10, 0x31, 0x50, 0x4a, 0x23, 0xf0,
  0x81, 0x03, 0xc2, 0xf8, 0x10, 0x31, 0x4e, 0x4b, 0xd3, 0xf8, 0x10, 0x31,
  0x4c, 0x4a, 0x23, 0xf0, 0x04, 0x03, 0xc2, 0xf8, 0x10, 0x31, 0xfb, 0xf7,
  0xc1, 0xfe, 0x38, 0x61, 0x0a, 0xe0, 0xfb, 0xf7, 0xbd, 0xfe, 0x02, 0x46,
  0x3b, 0x69, 0xd3, 0x1a, 0x41, 0xf2, 0x88, 0x32, 0x93, 0x42, 0x01, 0xd9,
  0x03, 0x23, 0x51, 0xe1, 0x42, 0x4b, 0xd3, 0xf8, 0x10, 0x31, 0x03, 0xf0,
  0x02, 0x03, 0x00, 0x2b, 0xed, 0xd1, 0xfb, 0x7e, 0x01, 0x2b, 0x07, 0xd1,
  0x3d, 0x4b, 0xd3, 0xf8, 0x94, 0x30, 0x3c, 0x4a, 0x23, 0xf0, 0x04, 0x03,
  0xc2, 0xf8, 0x94, 0x30, 0x7b, 0x68, 0x1b, 0x68, 0x03, 0xf0, 0x08, 0x03,
  0x00, 0x2b, 0x78, 0xd0, 0x36, 0x4b, 0xd3, 0xf8, 0x14, 0x31, 0xfb, 0x61,
  0x7b, 0x68, 0x9b, 0x69, 0x00, 0x2b, 0x50, 0xd0, 0x7b, 0x68, 0xda, 0x69,
  0xfb, 0x69, 0x03, 0xf0, 0x04, 0x03, 0x9a, 0x42, 0x23, 0xd0, 0xfb, 0x69,
  0x03, 0xf0, 0x02, 0x03, 0x00, 0x2b, 0x1e, 0xd0, 0xfb, 0x69, 0x23, 0xf0,
  0x03, 0x03, 0xfb, 0x61, 0x2a, 0x4a, 0xfb, 0x69, 0xc2, 0xf8, 0x14, 0x31,
  0xfb, 0xf7, 0x7e, 0xfe, 0x38, 0x61, 0x08, 0xe0, 0xfb, 0xf7, 0x7a, 0xfe,
  0x02, 0x46, 0x3b, 0x69, 0xd3, 0x1a, 0x14, 0x2b, 0x01, 0xd9, 0x03, 0x23,
  0x10, 0xe1, 0x22, 0x4b, 0xd3, 0xf8, 0x14, 0x31, 0x03, 0xf0, 0x02, 0x03,
  0x00, 0x2b, 0xef, 0xd1, 0x01, 0x20, 0xfb, 0xf7, 0x75, 0xfe, 0xfb, 0x69,
  0x23, 0xf0, 0x04, 0x03, 0xfb, 0x61, 0x7b, 0x68, 0xdb, 0x69, 0xfa, 0x69,
  0x13, 0x43, 0xfb, 0x61, 0xfb, 0x69, 0x43, 0xf0, 0x01, 0x03, 0xfb, 0x61,
  0x16, 0x4a, 0xfb, 0x69, 0xc2, 0xf8, 0x14, 0x31, 0xfb, 0xf7, 0x56, 0xfe,
  0x38, 0x61, 0x08, 0xe0, 0xfb, 0xf7, 0x52, 0xfe, 0x02, 0x46, 0x3b, 0x69,
  0xd3, 0x1a, 0x14, 0x2b, 0x01, 0xd9, 0x03, 0x23, 0xe8, 0xe0, 0x0e, 0x4b,
  0xd3, 0xf8, 0x14, 0x31, 0x03, 0xf0, 0x02, 0x03, 0x00, 0x2b, 0xef, 0xd0,
  0x1f, 0xe0, 0xfb, 0x69, 0x23, 0xf0, 0x01, 0x03, 0xfb, 0x61, 0x08, 0x4a,
  0xfb, 0x69, 0xc2, 0xf8, 0x14, 0x31, 0xfb, 0xf7, 0x39, 0xfe, 0x38, 0x61,
  0x0c, 0xe0, 0xfb, 0xf7, 0x35, 0xfe, 0x02, 0x46, 0x3b, 0x69, 0xd3, 0x1a,
  0x14, 0x2b, 0x05, 0xd9, 0x03, 0x23, 0xcb, 0xe0, 0x00, 0x0c, 0x03, 0x40,
  0x00, 0x08, 0x03, 0x40, 0x65, 0x4b, 0xd3, 0xf8, 0x14, 0x31, 0x03, 0xf0,
  0x02, 0x03, 0x00, 0x2b, 0xeb, 0xd1, 0x7b, 0x68, 0x1b, 0x68, 0x03, 0xf0,
  0x20, 0x03, 0x00, 0x2b, 0x68, 0xd0, 0x7b, 0x68, 0x1b, 0x6a, 0x00, 0x2b,
  0x0d, 0xd1, 0x7b, 0x69, 0x00, 0x2b, 0x01, 0xd1, 0x01, 0x23, 0xb1, 0xe0,
  0x5a, 0x4b, 0x1b, 0x68, 0x59, 0x4a, 0x23, 0xf0, 0x01, 0x03, 0x13, 0x60,
  0x00, 0x23, 0xfb, 0x61, 0x3b, 0xe0, 0x56, 0x4b, 0x1b, 0x68, 0x03, 0xf0,
  0x05, 0x03, 0x01, 0x2b, 0x01, 0xd1, 0x01, 0x23, 0xa0, 0xe0, 0x52, 0x4b,
  0x9b, 0x68, 0x23, 0xf0, 0x60, 0x43, 0xfb, 0x61, 0x7b, 0x68, 0x5a, 0x6a,
  0x7b, 0x68, 0x9b, 0x6a, 0x1a, 0x43, 0xfb, 0x69, 0x13, 0x43, 0x43, 0xf4,
  0x00, 0x03, 0xfb, 0x61, 0x4a, 0x4a, 0xfb, 0x69, 0x93, 0x60, 0x7b, 0x69,
  0x00, 0x2b, 0x16, 0xd1, 0x00, 0xf0, 0x82, 0xf9, 0x02, 0x46, 0x46, 0x4b,
  0x1b, 0x6a, 0x03, 0xf0, 0x0f, 0x03, 0x45, 0x49, 0xcb, 0x5c, 0x22, 0xfa,
  0x03, 0xf3, 0x44, 0x4a, 0x13, 0x60, 0x44, 0x4b, 0x1b, 0x68, 0x18, 0x46,
  0xfb, 0xf7, 0x4a, 0xfd, 0x03, 0x46, 0x00, 0x2b, 0x07, 0xd0, 0x01, 0x23,
  0x74, 0xe0, 0x3c, 0x4b, 0x1b, 0x68, 0x3b, 0x4a, 0x43, 0xf0, 0x01, 0x03,
  0x13, 0x60, 0x04, 0x23, 0xfb, 0x61, 0xfb, 0xf7, 0xcd, 0xfd, 0x38, 0x61,
  0x0f, 0xe0, 0xfb, 0xf7, 0xc9, 0xfd, 0x02, 0x46, 0x3b, 0x69, 0xd3, 0x1a,
  0x02, 0x2b, 0x08, 0xd9, 0x32, 0x4b, 0x1b, 0x68, 0x03, 0xf0, 0x04, 0x03,
  0xfa, 0x69, 0x9a, 0x42, 0x01, 0xd0, 0x03, 0x23, 0x58, 0xe0, 0x2e, 0x4b,
  0x1b, 0x68, 0x03, 0xf0, 0x04, 0x03, 0xfa, 0x69, 0x9a, 0x42, 0xe8, 0xd1,
  0x7b, 0x68, 0x1b, 0x68, 0x03, 0xf0, 0x40, 0x03, 0x00, 0x2b, 0x4a, 0xd0,
  0x7b, 0x68, 0xdb, 0x6a, 0x00, 0x2b, 0x08, 0xd1, 0x25, 0x4b, 0x1b, 0x68,
  0x24, 0x4a, 0x23, 0xf0, 0x08, 0x03, 0x13, 0x60, 0x00, 0x23, 0xfb, 0x61,
  0x22, 0xe0, 0x21, 0x4b, 0x1b, 0x68, 0x03, 0xf0, 0x18, 0x03, 0x08, 0x2b,
  0x01, 0xd1, 0x01, 0x23, 0x36, 0xe0, 0x1d, 0x4b, 0x9b, 0x68, 0x23, 0xf0,
  0xe0, 0x53, 0xfb, 0x61, 0x7b, 0x68, 0x1a, 0x6b, 0x7b, 0x68, 0x5b, 0x6b,
  0x13, 0x43, 0xda, 0x08, 0xfb, 0x69, 0x13, 0x43, 0x43, 0xf4, 0x00, 0x03,
  0xfb, 0x61, 0x15, 0x4a, 0xfb, 0x69, 0x93, 0x60, 0x13, 0x4b, 0x1b, 0x68,
  0x12, 0x4a, 0x43, 0xf0, 0x08, 0x03, 0x13, 0x60, 0x10, 0x23, 0xfb, 0x61,
  0xfb, 0xf7, 0x7c, 0xfd, 0x38, 0x61, 0x0f, 0xe0, 0xfb, 0xf7, 0x78, 0xfd,
  0x02, 0x46, 0x3b, 0x69, 0xd3, 0x1a, 0x02, 0x2b, 0x08, 0xd9, 0x0a, 0x4b,
  0x1b, 0x68, 0x03, 0xf0, 0x10, 0x03, 0xfa, 0x69, 0x9a, 0x42, 0x01, 0xd0,
  0x03, 0x23, 0x07, 0xe0, 0x05, 0x4b, 0x1b, 0x68, 0x03, 0xf0, 0x10, 0x03,
  0xfa, 0x69, 0x9a, 0x42, 0xe8, 0xd1, 0x00, 0x23, 0x18, 0x46, 0x20, 0x37,
  0xbd, 0x46, 0x80, 0xbd, 0x00, 0x0c, 0x03, 0x40, 0x48, 0x79, 0x00, 0x08,
  0x00, 0x00, 0x00, 0x20, 0x04, 0x00, 0x00, 0x20, 0x80, 0xb5, 0x86, 0xb0,
  0x00, 0xaf, 0x78, 0x60, 0x39, 0x60, 0x7b, 0x68, 0x00, 0x2b, 0x01, 0xd1,
  0x01, 0x23, 0xd2, 0xe0, 0x6b, 0x4b, 0x1b, 0x68, 0x03, 0xf0, 0x0f, 0x03,
  0x3a, 0x68, 0x9a, 0x42, 0x10, 0xd9, 0x68, 0x4b, 0x1b, 0x68, 0x23, 0xf0,
  0x0f, 0x02, 0x66, 0x49, 0x3b, 0x68, 0x13, 0x43, 0x0b, 0x60, 0x64, 0x4b,
  0x1b, 0x68, 0x03, 0xf0, 0x0f, 0x03, 0x3a, 0x68, 0x9a, 0x42, 0x01, 0xd0,
  0x01, 0x23, 0xba, 0xe0, 0x7b, 0x68, 0x1b, 0x68, 0x03, 0xf0, 0x01, 0x03,
  0x00, 0x2b, 0x40, 0xd0, 0x5d, 0x4b, 0x1b, 0x68, 0x7b, 0x61, 0x7b, 0x68,
  0x5b, 0x68, 0x02, 0x2b, 0x06, 0xd1, 0x7b, 0x69, 0x03, 0xf4, 0x00, 0x33,
  0x00, 0x2b, 0x13, 0xd1, 0x01, 0x23, 0xa6, 0xe0, 0x7b, 0x68, 0x5b, 0x68,
  0x01, 0x2b, 0x06, 0xd1, 0x7b, 0x69, 0x03, 0xf4, 0x00, 0x53, 0x00, 0x2b,
  0x08, 0xd1, 0x01, 0x23, 0x9b, 0xe0, 0x7b, 0x69, 0x03, 0xf0, 0x04, 0x03,
  0x00, 0x2b, 0x01, 0xd1, 0x01, 0x23, 0x94, 0xe0, 0x4d, 0x4b, 0xdb, 0x69,
  0x23, 0xf0, 0x03, 0x02, 0x7b, 0x68, 0x5b, 0x68, 0x4a, 0x49, 0x13, 0x43,
  0xcb, 0x61, 0xfb, 0xf7, 0x03, 0xfd, 0xf8, 0x60, 0x0a, 0xe0, 0xfb, 0xf7,
  0xff, 0xfc, 0x02, 0x46, 0xfb, 0x68, 0xd3, 0x1a, 0x41, 0xf2, 0x88, 0x32,
  0x93, 0x42, 0x01, 0xd9, 0x03, 0x23, 0x7c, 0xe0, 0x41, 0x4b, 0xdb, 0x69,
  0x03, 0xf0, 0x0c, 0x02, 0x7b, 0x68, 0x5b, 0x68, 0x9b, 0x00, 0x9a, 0x42,
  0xeb, 0xd1, 0x3d, 0x4b, 0x1b, 0x6a, 0x7b, 0x61, 0x00, 0x23, 0x3b, 0x61,
  0x7b, 0x68, 0x1b, 0x68, 0x03, 0xf0, 0x02, 0x03, 0x00, 0x2b, 0x0a, 0xd0,
  0x7b, 0x69, 0x23, 0xf0, 0x0f, 0x03, 0x7b, 0x61, 0x7b, 0x68, 0x9b, 0x68,
  0x7a, 0x69, 0x13, 0x43, 0x7b, 0x61, 0x01, 0x23, 0x3b, 0x61, 0x7b, 0x68,
  0x1b, 0x68, 0x03, 0xf0, 0x04, 0x03, 0x00, 0x2b, 0x0a, 0xd0, 0x7b, 0x69,
  0x23, 0xf0, 0x70, 0x03, 0x7b, 0x61, 0x7b, 0x68, 0xdb, 0x68, 0x7a, 0x69,
  0x13, 0x43, 0x7b, 0x61, 0x01, 0x23, 0x3b, 0x61, 0x7b, 0x68, 0x1b, 0x68,
  0x03, 0xf0, 0x08, 0x03, 0x00, 0x2b, 0x0b, 0xd0, 0x7b, 0x69, 0x23, 0xf4,
  0xe0, 0x63, 0x7b, 0x61, 0x7b, 0x68, 0x1b, 0x69, 0x1b, 0x01, 0x7a, 0x69,
  0x13, 0x43, 0x7b, 0x61, 0x01, 0x23, 0x3b, 0x61, 0x3b, 0x69, 0x00, 0x2b,
  0x02, 0xd0, 0x1f, 0x4a, 0x7b, 0x69, 0x13, 0x62, 0x7b, 0x68, 0x1b, 0x68,
  0x03, 0xf0, 0x10, 0x03, 0x00, 0x2b, 0x03, 0xd0, 0x1a, 0x4a, 0x7b, 0x68,
  0x5b, 0x69, 0x53, 0x62, 0x17, 0x4b, 0x1b, 0x68, 0x03, 0xf0, 0x0f, 0x03,
  0x3a, 0x68, 0x9a, 0x42, 0x10, 0xd2, 0x14, 0x4b, 0x1b, 0x68, 0x23, 0xf0,
  0x0f, 0x02, 0x12, 0x49, 0x3b, 0x68, 0x13, 0x43, 0x0b, 0x60, 0x10, 0x4b,
  0x1b, 0x68, 0x03, 0xf0, 0x0f, 0x03, 0x3a, 0x68, 0x9a, 0x42, 0x01, 0xd0,
  0x01, 0x23, 0x12, 0xe0, 0x00, 0xf0, 0x20, 0xf8, 0x02, 0x46, 0x0b, 0x4b,
  0x1b, 0x6a, 0x03, 0xf0, 0x0f, 0x03, 0x0a, 0x49, 0xcb, 0x5c, 0x22, 0xfa,
  0x03, 0xf3, 0x09, 0x4a, 0x13, 0x60, 0x09, 0x4b, 0x1b, 0x68, 0x18, 0x46,
  0xfb, 0xf7, 0xe8, 0xfb, 0x03, 0x46, 0x18, 0x46, 0x18, 0x37, 0xbd, 0x46,
  0x80, 0xbd, 0x00, 0xbf, 0x00, 0x20, 0x02, 0x40, 0x00, 0x0c, 0x03, 0x40,
  0x48, 0x79, 0x00, 0x08, 0x00, 0x00, 0x00, 0x20, 0x04, 0x00, 0x00, 0x20,
  0x80, 0xb4, 0x83, 0xb0, 0x00, 0xaf, 0x1e, 0x4b, 0xdb, 0x69, 0x03, 0xf0,
  0x0c, 0x03, 0x7b, 0x60, 0x7b, 0x68, 0x08, 0x2b, 0x02, 0xd1, 0x1b, 0x4b,
  0x3b, 0x60, 0x29, 0xe0, 0x7b, 0x68, 0x04, 0x2b, 0x02, 0xd1, 0x18, 0x4b,
  0x3b, 0x60, 0x23, 0xe0, 0x15, 0x4b, 0x9b, 0x68, 0x7b, 0x60, 0x7b, 0x68,
  0x03, 0xf4, 0x00, 0x03, 0x00, 0x2b, 0x0d, 0xd0, 0x7b, 0x68, 0x00, 0x2b,
  0x02, 0xda, 0x12, 0x4b, 0x3b, 0x60, 0x01, 0xe0, 0x11, 0x4b, 0x3b, 0x60,
  0x7b, 0x68, 0x5b, 0x0f, 0x03, 0xf0, 0x03, 0x03, 0x7b, 0x60, 0x08, 0xe0,
  0x0c, 0x4b, 0x3b, 0x60, 0x09, 0x4b, 0xd3, 0xf8, 0x14, 0x31, 0x1b, 0x0b,
  0x03, 0xf0, 0x03, 0x03, 0x7b, 0x60, 0x3a, 0x68, 0x7b, 0x68, 0x22, 0xfa,
  0x03, 0xf3, 0x3b, 0x60, 0x3b, 0x68, 0x18, 0x46, 0x0c, 0x37, 0xbd, 0x46,
  0x5d, 0xf8, 0x04, 0x7b, 0x70, 0x47, 0x00, 0xbf, 0x00, 0x0c, 0x03, 0x40,
  0x00, 0x24, 0xf4, 0x00, 0x00, 0x36, 0x6e, 0x01, 0x00, 0xd8, 0xb8, 0x05,
  0x80, 0xb5, 0x00, 0xaf, 0xff, 0xf7, 0xb4, 0xff, 0x02, 0x46, 0x07, 0x4b,
  0x1b, 0x6a, 0x03, 0xf0, 0x0f, 0x03, 0x06, 0x49, 0xcb, 0x5c, 0x22, 0xfa,
  0x03, 0xf3, 0x05, 0x4a, 0x13, 0x60, 0x04, 0x4b, 0x1b, 0x68, 0x18, 0x46,
  0x80, 0xbd, 0x00, 0xbf, 0x00, 0x0c, 0x03, 0x40, 0x48, 0x79, 0x00, 0x08,
  0x00, 0x00, 0x00, 0x20, 0x80, 0xb5, 0x00, 0xaf, 0xff, 0xf7, 0xe2, 0xff,
  0x02, 0x46, 0x05, 0x4b, 0x1b, 0x6a, 0x1b, 0x09, 0x03, 0xf0, 0x07, 0x03,
  0x03, 0x49, 0xcb, 0x5c, 0x22, 0xfa, 0x03, 0xf3, 0x18, 0x46, 0x80, 0xbd,
  0x00, 0x0c, 0x03, 0x40, 0x58, 0x79, 0x00, 0x08, 0x80, 0xb5, 0x00, 0xaf,
  0xff, 0xf7, 0xce, 0xff, 0x02, 0x46, 0x05, 0x4b, 0x1b, 0x6a, 0x1b, 0x0a,
  0x03, 0xf0, 0x07, 0x03, 0x03, 0x49, 0xcb, 0x5c, 0x22, 0xfa, 0x03, 0xf3,
  0x18, 0x46, 0x80, 0xbd, 0x00, 0x0c, 0x03, 0x40, 0x58, 0x79, 0x00, 0x08,
  0x80, 0xb5, 0x00, 0xaf, 0xff, 0xf7, 0xba, 0xff, 0x02, 0x46, 0x05, 0x4b,
  0x5b, 0x6a, 0x1b, 0x09, 0x03, 0xf0, 0x07, 0x03, 0x03, 0x49, 0xcb, 0x5c,
  0x22, 0xfa, 0x03, 0xf3, 0x18, 0x46, 0x80, 0xbd, 0x00, 0x0c, 0x03, 0x40,
  0x58, 0x79, 0x00, 0x08, 0x80, 0xb4, 0x83, 0xb0, 0x00, 0xaf, 0x16, 0x4b,
  0x9b, 0x68, 0x7b, 0x60, 0x7b, 0x68, 0x03, 0xf4, 0x00, 0x03, 0x00, 0x2b,
  0x0f, 0xd0, 0x7b, 0x68, 0x9b, 0x0e, 0x03, 0xf0, 0x03, 0x03, 0x3b, 0x60,
  0x7b, 0x68, 0x03, 0xf0, 0x80, 0x53, 0x00, 0x2b, 0x02, 0xd0, 0x0e, 0x4b,
  0x7b, 0x60, 0x0b, 0xe0, 0x0d, 0x4b, 0x7b, 0x60, 0x08, 0xe0, 0x0b, 0x4b,
  0x7b, 0x60, 0x09, 0x4b, 0xd3, 0xf8, 0x14, 0x31, 0x1b, 0x0a, 0x03, 0xf0,
  0x03, 0x03, 0x3b, 0x60, 0x7a, 0x68, 0x3b, 0x68, 0x22, 0xfa, 0x03, 0xf3,
  0x7b, 0x60, 0x7b, 0x68, 0x18, 0x46, 0x0c, 0x37, 0xbd, 0x46, 0x5d, 0xf8,
  0x04, 0x7b, 0x70, 0x47, 0x00, 0x0c, 0x03, 0x40, 0x00, 0x36, 0x6e, 0x01,
  0x00, 0xd8, 0xb8, 0x05, 0x80, 0xb5, 0x88, 0xb0, 0x00, 0xaf, 0x78, 0x60,
  0x7b, 0x68, 0x1b, 0x68, 0x03, 0xf0, 0x01, 0x03, 0x00, 0x2b, 0x0a, 0xd0,
  0xad, 0x4b, 0xd3, 0xf8, 0x00, 0x31, 0x23, 0xf0, 0x01, 0x02, 0x7b, 0x68,
  0x5b, 0x68, 0xaa, 0x49, 0x13, 0x43, 0xc1, 0xf8, 0x00, 0x31, 0x7b, 0x68,
  0x1b, 0x68, 0x03, 0xf0, 0x02, 0x03, 0x00, 0x2b, 0x0a, 0xd0, 0xa5, 0x4b,
  0xd3, 0xf8, 0x00, 0x31, 0x23, 0xf0, 0x04, 0x02, 0x7b, 0x68, 0x9b, 0x68,
  0xa1, 0x49, 0x13, 0x43, 0xc1, 0xf8, 0x00, 0x31, 0x7b, 0x68, 0x1b, 0x68,
  0x03, 0xf0, 0x04, 0x03, 0x00, 0x2b, 0x0a, 0xd0, 0x9c, 0x4b, 0xd3, 0xf8,
  0x00, 0x31, 0x23, 0xf0, 0x10, 0x02, 0x7b, 0x68, 0xdb, 0x68, 0x99, 0x49,
  0x13, 0x43, 0xc1, 0xf8, 0x00, 0x31, 0x7b, 0x68, 0x1b, 0x68, 0x03, 0xf0,
  0x08, 0x03, 0x00, 0x2b, 0x0a, 0xd0, 0x94, 0x4b, 0xd3, 0xf8, 0x00, 0x31,
  0x23, 0xf0, 0x40, 0x02, 0x7b, 0x68, 0x1b, 0x69, 0x90, 0x49, 0x13, 0x43,
  0xc1, 0xf8, 0x00, 0x31, 0x7b, 0x68, 0x1b, 0x68, 0x03, 0xf0, 0x10, 0x03,
  0x00, 0x2b, 0x0a, 0xd0, 0x8b, 0x4b, 0xd3, 0xf8, 0x00, 0x31, 0x23, 0xf4,
  0x80, 0x72, 0x7b, 0x68, 0x5b, 0x69, 0x88, 0x49, 0x13, 0x43, 0xc1, 0xf8,
  0x00, 0x31, 0x7b, 0x68, 0x1b, 0x68, 0x03, 0xf0, 0x20, 0x03, 0x00, 0x2b,
  0x0a, 0xd0, 0x83, 0x4b, 0xd3, 0xf8, 0x00, 0x31, 0x23, 0xf4, 0x80, 0x62,
  0x7b, 0x68, 0x9b, 0x69, 0x7f, 0x49, 0x13, 0x43, 0xc1, 0xf8, 0x00, 0x31,
  0x7b, 0x68, 0x1b, 0x68, 0x03, 0xf0, 0x40, 0x03, 0x00, 0x2b, 0x0a, 0xd0,
  0x7a, 0x4b, 0xd3, 0xf8, 0x00, 0x31, 0x23, 0xf4, 0x80, 0x52, 0x7b, 0x68,
  0xdb, 0x69, 0x77, 0x49, 0x13, 0x43, 0xc1, 0xf8, 0x00, 0x31, 0x7b, 0x68,
  0x1b, 0x68, 0x03, 0xf0, 0x80, 0x03, 0x00, 0x2b, 0x0a, 0xd0, 0x72, 0x4b,
  0xd3, 0xf8, 0x00, 0x31, 0x23, 0xf4, 0x80, 0x42, 0x7b, 0x68, 0x1b, 0x6a,
  0x6e, 0x49, 0x13, 0x43, 0xc1, 0xf8, 0x00, 0x31, 0x7b, 0x68, 0x1b, 0x68,
  0x03, 0xf4, 0x80, 0x73, 0x00, 0x2b, 0x0a, 0xd0, 0x69, 0x4b, 0xd3, 0xf8,
  0x00, 0x31, 0x23, 0xf4, 0x80, 0x32, 0x7b, 0x68, 0x5b, 0x6a, 0x66, 0x49,
  0x13, 0x43, 0xc1, 0xf8, 0x00, 0x31, 0x7b, 0x68, 0x1b, 0x68, 0x03, 0xf4,
  0x00, 0x73, 0x00, 0x2b, 0x0a, 0xd0, 0x61, 0x4b, 0xd3, 0xf8, 0x00, 0x31,
  0x23, 0xf4, 0x40, 0x22, 0x7b, 0x68, 0x9b, 0x6a, 0x5d, 0x49, 0x13, 0x43,
  0xc1, 0xf8, 0x00, 0x31, 0x7b, 0x68, 0x1b, 0x68, 0x03, 0xf4, 0x80, 0x63,
  0x00, 0x2b, 0x0a, 0xd0, 0x58, 0x4b, 0xd3, 0xf8, 0x00, 0x31, 0x23, 0xf4,
  0x80, 0x12, 0x7b, 0x68, 0xdb, 0x6a, 0x55, 0x49, 0x13, 0x43, 0xc1, 0xf8,
  0x00, 0x31, 0x7b, 0x68, 0x1b, 0x68, 0x03, 0xf4, 0x00, 0x63, 0x00, 0x2b,
  0x0a, 0xd0, 0x50, 0x4b, 0xd3, 0xf8, 0x00, 0x31, 0x23, 0xf4, 0x40, 0x02,
  0x7b, 0x68, 0x1b, 0x6b, 0x4c, 0x49, 0x13, 0x43, 0xc1, 0xf8, 0x00, 0x31,
  0x7b, 0x68, 0x1b, 0x68, 0x03, 0xf4, 0x80, 0x53, 0x00, 0x2b, 0x0a, 0xd0,
  0x47, 0x4b, 0xd3, 0xf8, 0x00, 0x31, 0x23, 0xf0, 0x80, 0x72, 0x7b, 0x68,
  0x5b, 0x6b, 0x44, 0x49, 0x13, 0x43, 0xc1, 0xf8, 0x00, 0x31, 0x7b, 0x68,
  0x1b, 0x68, 0x03, 0xf4, 0x00, 0x53, 0x00, 0x2b, 0x0a, 0xd0, 0x3f, 0x4b,
  0xd3, 0xf8, 0x00, 0x31, 0x23, 0xf0, 0x40, 0x62, 0x7b, 0x68, 0x9b, 0x6b,
  0x3b, 0x49, 0x13, 0x43, 0xc1, 0xf8, 0x00, 0x31, 0x7b, 0x68, 0x1b, 0x68,
  0x03, 0xf4, 0x80, 0x43, 0x00, 0x2b, 0x0a, 0xd0, 0x36, 0x4b, 0xd3, 0xf8,
  0x00, 0x31, 0x23, 0xf0, 0x80, 0x52, 0x7b, 0x68, 0xdb, 0x6b, 0x33, 0x49,
  0x13, 0x43, 0xc1, 0xf8, 0x00, 0x31, 0x7b, 0x68, 0x1b, 0x68, 0x03, 0xf4,
  0x00, 0x43, 0x00, 0x2b, 0x0a, 0xd0, 0x2e, 0x4b, 0xd3, 0xf8, 0x00, 0x31,
  0x23, 0xf0, 0x60, 0x42, 0x7b, 0x68, 0x1b, 0x6c, 0x2a, 0x49, 0x13, 0x43,
  0xc1, 0xf8, 0x00, 0x31, 0x7b, 0x68, 0x1b, 0x68, 0x03, 0xf4, 0x80, 0x33,
  0x00, 0x2b, 0x0a, 0xd0, 0x25, 0x4b, 0xd3, 0xf8, 0x04, 0x31, 0x23, 0xf0,
  0x03, 0x02, 0x7b, 0x68, 0x5b, 0x6c, 0x22, 0x49, 0x13, 0x43, 0xc1, 0xf8,
  0x04, 0x31, 0x7b, 0x68, 0x1b, 0x68, 0x03, 0xf4, 0x00, 0x33, 0x00, 0x2b,
  0x0a, 0xd0, 0x1d, 0x4b, 0xd3, 0xf8, 0x04, 0x31, 0x23, 0xf0, 0x08, 0x02,
  0x7b, 0x68, 0x9b, 0x6c, 0x19, 0x49, 0x13, 0x43, 0xc1, 0xf8, 0x04, 0x31,
  0x7b, 0x68, 0x1b, 0x68, 0x03, 0xf4, 0x80, 0x23, 0x00, 0x2b, 0x0a, 0xd0,
  0x14, 0x4b, 0xd3, 0xf8, 0x04, 0x31, 0x23, 0xf0, 0x60, 0x02, 0x7b, 0x68,
  0xdb, 0x6c, 0x11, 0x49, 0x13, 0x43, 0xc1, 0xf8, 0x04, 0x31, 0x7b, 0x68,
  0x1b, 0x68, 0x03, 0xf4, 0x00, 0x23, 0x00, 0x2b, 0x0a, 0xd0, 0x0c, 0x4b,
  0xd3, 0xf8, 0x04, 0x31, 0x23, 0xf4, 0x00, 0x62, 0x7b, 0x68, 0x1b, 0x6d,
  0x08, 0x49, 0x13, 0x43, 0xc1, 0xf8, 0x04, 0x31, 0x7b, 0x68, 0x1b, 0x68,
  0x03, 0xf4, 0x80, 0x13, 0x00, 0x2b, 0x19, 0xd0, 0x03, 0x4b, 0xd3, 0xf8,
  0x04, 0x31, 0x23, 0xf4, 0x40, 0x32, 0x7b, 0x68, 0x02, 0xe0, 0x00, 0xbf,
  0x00, 0x0c, 0x03, 0x40, 0x5b, 0x6d, 0x80, 0x49, 0x13, 0x43, 0xc1, 0xf8,
  0x04, 0x31, 0x7e, 0x4b, 0xd3, 0xf8, 0x04, 0x31, 0x23, 0xf4, 0x70, 0x42,
  0x7b, 0x68, 0x9b, 0x6d, 0x7a, 0x49, 0x13, 0x43, 0xc1, 0xf8, 0x04, 0x31,
  0x7b, 0x68, 0x1b, 0x68, 0x03, 0xf4, 0x00, 0x13, 0x00, 0x2b, 0x0a, 0xd0,
  0x75, 0x4b, 0xd3, 0xf8, 0x04, 0x31, 0x23, 0xf4, 0x00, 0x22, 0x7b, 0x68,
  0xdb, 0x6d, 0x72, 0x49, 0x13, 0x43, 0xc1, 0xf8, 0x04, 0x31, 0x7b, 0x68,
  0x1b, 0x68, 0x03, 0xf4, 0x80, 0x03, 0x00, 0x2b, 0x0a, 0xd0, 0x6d, 0x4b,
  0xd3, 0xf8, 0x04, 0x31, 0x23, 0xf4, 0x80, 0x12, 0x7b, 0x68, 0x1b, 0x6e,
  0x69, 0x49, 0x13, 0x43, 0xc1, 0xf8, 0x04, 0x31, 0x7b, 0x68, 0x1b, 0x68,
  0x03, 0xf4, 0x00, 0x03, 0x00, 0x2b, 0x0a, 0xd0, 0x64, 0x4b, 0xd3, 0xf8,
  0x08, 0x31, 0x23, 0xf0, 0x03, 0x02, 0x7b, 0x68, 0x5b, 0x6e, 0x61, 0x49,
  0x13, 0x43, 0xc1, 0xf8, 0x08, 0x31, 0x7b, 0x68, 0x1b, 0x68, 0x03, 0xf0,
  0x80, 0x73, 0x00, 0x2b, 0x0a, 0xd0, 0x5c, 0x4b, 0xd3, 0xf8, 0x08, 0x31,
  0x23, 0xf0, 0x40, 0x02, 0x7b, 0x68, 0x9b, 0x6e, 0x58, 0x49, 0x13, 0x43,
  0xc1, 0xf8, 0x08, 0x31, 0x7b, 0x68, 0x1b, 0x68, 0x03, 0xf0, 0x00, 0x73,
  0x00, 0x2b, 0x0a, 0xd0, 0x53, 0x4b, 0xd3, 0xf8, 0x08, 0x31, 0x23, 0xf4,
  0x40, 0x72, 0x7b, 0x68, 0xdb, 0x6e, 0x50, 0x49, 0x13, 0x43, 0xc1, 0xf8,
  0x08, 0x31, 0x7b, 0x68, 0x1b, 0x68, 0x03, 0xf0, 0x80, 0x63, 0x00, 0x2b,
  0x0a, 0xd0, 0x4b, 0x4b, 0xd3, 0xf8, 0x08, 0x31, 0x23, 0xf4, 0x40, 0x62,
  0x7b, 0x68, 0x1b, 0x6f, 0x47, 0x49, 0x13, 0x43, 0xc1, 0xf8, 0x08, 0x31,
  0x7b, 0x68, 0x1b, 0x68, 0x00, 0x2b, 0x80, 0xf2, 0x82, 0x80, 0x43, 0x4b,
  0xd3, 0xf8, 0x10, 0x31, 0xfb, 0x61, 0x41, 0x4b, 0xd3, 0xf8, 0x10, 0x31,
  0x03, 0xf4, 0x40, 0x73, 0x7b, 0x61, 0x7b, 0x68, 0x5b, 0x6f, 0x7a, 0x69,
  0x9a, 0x42, 0x72, 0xd0, 0x00, 0x23, 0xfb, 0x76, 0x3a, 0x4b, 0xd3, 0xf8,
  0x94, 0x30, 0x03, 0xf0, 0x04, 0x03, 0x00, 0x2b, 0x10, 0xd1, 0x37, 0x4b,
  0xd3, 0xf8, 0x94, 0x30, 0x35, 0x4a, 0x43, 0xf0, 0x04, 0x03, 0xc2, 0xf8,
  0x94, 0x30, 0x33, 0x4b, 0xd3, 0xf8, 0x94, 0x30, 0x03, 0xf0, 0x04, 0x03,
  0xfb, 0x60, 0xfb, 0x68, 0x01, 0x23, 0xfb, 0x76, 0x2f, 0x4b, 0x9b, 0x6a,
  0x2e, 0x4a, 0x43, 0xf0, 0x01, 0x03, 0x93, 0x62, 0x7b, 0x69, 0x00, 0x2b,
  0x0f, 0xd0, 0x2a, 0x4b, 0xd3, 0xf8, 0x10, 0x31, 0x28, 0x4a, 0x43, 0xf4,
  0x80, 0x33, 0xc2, 0xf8, 0x10, 0x31, 0x26, 0x4b, 0xd3, 0xf8, 0x10, 0x31,
  0x24, 0x4a, 0x23, 0xf4, 0x80, 0x33, 0xc2, 0xf8, 0x10, 0x31, 0xfb, 0x69,
  0x23, 0xf4, 0x03, 0x43, 0xfb, 0x61, 0x7b, 0x68, 0x5b, 0x6f, 0x00, 0x2b,
  0x06, 0xd0, 0x7b, 0x68, 0x5a, 0x6f, 0xfb, 0x69, 0x13, 0x43, 0x43, 0xf4,
  0x00, 0x43, 0xfb, 0x61, 0x1a, 0x4a, 0xfb, 0x69, 0xc2, 0xf8, 0x10, 0x31,
  0xfb, 0x69, 0x03, 0xf0, 0x01, 0x03, 0x00, 0x2b, 0x1c, 0xd0, 0xfb, 0xf7,
  0x57, 0xf9, 0x38, 0x61, 0x11, 0xe0, 0xfb, 0xf7, 0x53, 0xf9, 0x02, 0x46,
  0x3b, 0x69, 0xd3, 0x1a, 0x41, 0xf2, 0x88, 0x32, 0x93, 0x42, 0x08, 0xd9,
  0x0f, 0x4b, 0xd3, 0xf8, 0x10, 0x31, 0x03, 0xf0, 0x02, 0x03, 0x00, 0x2b,
  0x01, 0xd1, 0x03, 0x23, 0x12, 0xe0, 0x0b, 0x4b, 0xd3, 0xf8, 0x10, 0x31,
  0x03, 0xf0, 0x02, 0x03, 0x00, 0x2b, 0xe6, 0xd0, 0xfb, 0x7e, 0x01, 0x2b,
  0x07, 0xd1, 0x06, 0x4b, 0xd3, 0xf8, 0x94, 0x30, 0x04, 0x4a, 0x23, 0xf0,
  0x04, 0x03, 0xc2, 0xf8, 0x94, 0x30, 0x00, 0x23, 0x18, 0x46, 0x20, 0x37,
  0xbd, 0x46, 0x80, 0xbd, 0x00, 0x0c, 0x03, 0x40, 0x00, 0x08, 0x03, 0x40,
  0x80, 0xb5, 0x84, 0xb0, 0x00, 0xaf, 0x78, 0x60, 0x00, 0x23, 0xfb, 0x60,
  0x7b, 0x68, 0xb3, 0xf1, 0x00, 0x4f, 0x00, 0xf0, 0x69, 0x84, 0x7b, 0x68,
  0xb3, 0xf1, 0x00, 0x4f, 0x00, 0xf2, 0xa0, 0x84, 0x7b, 0x68, 0xb3, 0xf1,
  0x80, 0x6f, 0x00, 0xf0, 0x20, 0x84, 0x7b, 0x68, 0xb3, 0xf1, 0x80, 0x6f,
  0x00, 0xf2, 0x96, 0x84, 0x7b, 0x68, 0xb3, 0xf1, 0x00, 0x7f, 0x00, 0xf0,
  0xd3, 0x83, 0x7b, 0x68, 0xb3, 0xf1, 0x00, 0x7f, 0x00, 0xf2, 0x8c, 0x84,
  0x7b, 0x68, 0xb3, 0xf1, 0x80, 0x7f, 0x00, 0xf0, 0xb8, 0x83, 0x7b, 0x68,
  0xb3, 0xf1, 0x80, 0x7f, 0x00, 0xf2, 0x82, 0x84, 0x7b, 0x68, 0xb3, 0xf5,
  0x00, 0x0f, 0x00, 0xf0, 0x77, 0x83, 0x7b, 0x68, 0xb3, 0xf5, 0x00, 0x0f,
  0x00, 0xf2, 0x78, 0x84, 0x7b, 0x68, 0xb3, 0xf5, 0x80, 0x0f, 0x00, 0xf0,
  0x5c, 0x83, 0x7b, 0x68, 0xb3, 0xf5, 0x80, 0x0f, 0x00, 0xf2, 0x6e, 0x84,
  0x7b, 0x68, 0xb3, 0xf5, 0x00, 0x1f, 0x00, 0xf0, 0x26, 0x83, 0x7b, 0x68,
  0xb3, 0xf5, 0x00, 0x1f, 0x00, 0xf2, 0x64, 0x84, 0x7b, 0x68, 0xb3, 0xf5,
  0x80, 0x1f, 0x00, 0xf0, 0xdb, 0x82, 0x7b, 0x68, 0xb3, 0xf5, 0x80, 0x1f,
  0x00, 0xf2, 0x5a, 0x84, 0x7b, 0x68, 0xb3, 0xf5, 0x00, 0x2f, 0x00, 0xf0,
  0xb9, 0x82, 0x7b, 0x68, 0xb3, 0xf5, 0x00, 0x2f, 0x00, 0xf2, 0x50, 0x84,
  0x7b, 0x68, 0xb3, 0xf5, 0x80, 0x2f, 0x00, 0xf0, 0x8c, 0x82, 0x7b, 0x68,
  0xb3, 0xf5, 0x80, 0x2f, 0x00, 0xf2, 0x46, 0x84, 0x7b, 0x68, 0xb3, 0xf5,
  0x00, 0x3f, 0x00, 0xf0, 0x71, 0x82, 0x7b, 0x68, 0xb3, 0xf5, 0x00, 0x3f,
  0x00, 0xf2, 0x3c, 0x84, 0x7b, 0x68, 0xb3, 0xf5, 0x80, 0x3f, 0x00, 0xf0,
  0x46, 0x82, 0x7b, 0x68, 0xb3, 0xf5, 0x80, 0x3f, 0x00, 0xf2, 0x32, 0x84,
  0x7b, 0x68, 0xb3, 0xf5, 0x80, 0x4f, 0x00, 0xf0, 0x28, 0x82, 0x7b, 0x68,
  0xb3, 0xf5, 0x80, 0x4f, 0x00, 0xf2, 0x28, 0x84, 0x7b, 0x68, 0xb3, 0xf5,
  0x00, 0x5f, 0x00, 0xf0, 0xef, 0x81, 0x7b, 0x68, 0xb3, 0xf5, 0x00, 0x5f,
  0x00, 0xf2, 0x1e, 0x84, 0x7b, 0x68, 0xb3, 0xf5, 0x80, 0x5f, 0x00, 0xf0,
  0xce, 0x81, 0x7b, 0x68, 0xb3, 0xf5, 0x80, 0x5f, 0x00, 0xf2, 0x14, 0x84,
  0x7b, 0x68, 0xb3, 0xf5, 0x00, 0x6f, 0x00, 0xf0, 0x89, 0x81, 0x7b, 0x68,
  0xb3, 0xf5, 0x00, 0x6f, 0x00, 0xf2, 0x0a, 0x84, 0x7b, 0x68, 0xb3, 0xf5,
  0x80, 0x6f, 0x00, 0xf0, 0x6e, 0x81, 0x7b, 0x68, 0xb3, 0xf5, 0x80, 0x6f,
  0x00, 0xf2, 0x00, 0x84, 0x7b, 0x68, 0xb3, 0xf5, 0x00, 0x7f, 0x00, 0xf0,
  0x21, 0x81, 0x7b, 0x68, 0xb3, 0xf5, 0x00, 0x7f, 0x00, 0xf2, 0xf6, 0x83,
  0x7b, 0x68, 0xb3, 0xf5, 0x80, 0x7f, 0x00, 0xf0, 0x06, 0x81, 0x7b, 0x68,
  0xb3, 0xf5, 0x80, 0x7f, 0x00, 0xf2, 0xec, 0x83, 0x7b, 0x68, 0x80, 0x2b,
  0x00, 0xf0, 0xec, 0x80, 0x7b, 0x68, 0x80, 0x2b, 0x00, 0xf2, 0xe4, 0x83,
  0x7b, 0x68, 0x20, 0x2b, 0x4c, 0xd8, 0x7b, 0x68, 0x00, 0x2b, 0x00, 0xf0,
  0xdd, 0x83, 0x7b, 0x68, 0x01, 0x3b, 0x1f, 0x2b, 0x00, 0xf2, 0xd8, 0x83,
  0x01, 0xa2, 0x52, 0xf8, 0x23, 0xf0, 0x00, 0xbf, 0xf7, 0x65, 0x00, 0x08,
  0x27, 0x66, 0x00, 0x08, 0x15, 0x6d, 0x00, 0x08, 0x57, 0x66, 0x00, 0x08,
  0x15, 0x6d, 0x00, 0x08, 0x15, 0x6d, 0x00, 0x08, 0x15, 0x6d, 0x00, 0x08,
  0x87, 0x66, 0x00, 0x08, 0x15, 0x6d, 0x00, 0x08, 0x15, 0x6d, 0x00, 0x08,
  0x15, 0x6d, 0x00, 0x08, 0x15, 0x6d, 0x00, 0x08, 0x15, 0x6d, 0x00, 0x08,
  0x15, 0x6d, 0x00, 0x08, 0x15, 0x6d, 0x00, 0x08, 0xb7, 0x66, 0x00, 0x08,
  0x15, 0x6d, 0x00, 0x08, 0x15, 0x6d, 0x00, 0x08, 0x15, 0x6d, 0x00, 0x08,
  0x15, 0x6d, 0x00, 0x08, 0x15, 0x6d, 0x00, 0x08, 0x15, 0x6d, 0x00, 0x08,
  0x15, 0x6d, 0x00, 0x08, 0x15, 0x6d, 0x00, 0x08, 0x15, 0x6d, 0x00, 0x08,
  0x15, 0x6d, 0x00, 0x08, 0x15, 0x6d, 0x00, 0x08, 0x15, 0x6d, 0x00, 0x08,
  0x15, 0x6d, 0x00, 0x08, 0x15, 0x6d, 0x00, 0x08, 0x15, 0x6d, 0x00, 0x08,
  0xd9, 0x66, 0x00, 0x08, 0x7b, 0x68, 0x40, 0x2b, 0x00, 0xf0, 0x83, 0x80,
  0x8e, 0xe3, 0xa9, 0x4b, 0xd3, 0xf8, 0x00, 0x31, 0x03, 0xf0, 0x01, 0x03,
  0xbb, 0x60, 0xbb, 0x68, 0x00, 0x2b, 0x03, 0xd1, 0xff, 0xf7, 0x08, 0xfc,
  0xf8, 0x60, 0x83, 0xe3, 0xa2, 0x4b, 0x1b, 0x68, 0x03, 0xf4, 0x00, 0x53,
  0xb3, 0xf5, 0x00, 0x5f, 0x40, 0xf0, 0x7c, 0x83, 0x9f, 0x4b, 0xfb, 0x60,
  0x78, 0xe3, 0x9d, 0x4b, 0xd3, 0xf8, 0x00, 0x31, 0x03, 0xf0, 0x04, 0x03,
  0xbb, 0x60, 0xbb, 0x68, 0x00, 0x2b, 0x03, 0xd1, 0xff, 0xf7, 0xdc, 0xfb,
  0xf8, 0x60, 0x6d, 0xe3, 0x96, 0x4b, 0x1b, 0x68, 0x03, 0xf4, 0x00, 0x53,
  0xb3, 0xf5, 0x00, 0x5f, 0x40, 0xf0, 0x66, 0x83, 0x93, 0x4b, 0xfb, 0x60,
  0x62, 0xe3, 0x91, 0x4b, 0xd3, 0xf8, 0x00, 0x31, 0x03, 0xf0, 0x10, 0x03,
  0xbb, 0x60, 0xbb, 0x68, 0x00, 0x2b, 0x03, 0xd1, 0xff, 0xf7, 0xc4, 0xfb,
  0xf8, 0x60, 0x57, 0xe3, 0x8a, 0x4b, 0x1b, 0x68, 0x03, 0xf4, 0x00, 0x53,
  0xb3, 0xf5, 0x00, 0x5f, 0x40, 0xf0, 0x50, 0x83, 0x87, 0x4b, 0xfb, 0x60,
  0x4c, 0xe3, 0x85, 0x4b, 0xd3, 0xf8, 0x00, 0x31, 0x03, 0xf0, 0x40, 0x03,
  0xbb, 0x60, 0xbb, 0x68, 0x00, 0x2b, 0x03, 0xd1, 0xff, 0xf7, 0xac, 0xfb,
  0xf8, 0x60, 0x41, 0xe3, 0x7e, 0x4b, 0x1b, 0x68, 0x03, 0xf4, 0x00, 0x53,
  0xb3, 0xf5, 0x00, 0x5f, 0x40, 0xf0, 0x3a, 0x83, 0x7b, 0x4b, 0xfb, 0x60,
  0x36, 0xe3, 0x79, 0x4b, 0xd3, 0xf8, 0x00, 0x31, 0x03, 0xf4, 0x80, 0x73,
  0xbb, 0x60, 0xbb, 0x68, 0x00, 0x2b, 0x03, 0xd1, 0xff, 0xf7, 0x94, 0xfb,
  0xf8, 0x60, 0x40, 0xe3, 0xff, 0xf7, 0xcc, 0xfb, 0xf8, 0x60, 0x3c, 0xe3,
  0x70, 0x4b, 0xd3, 0xf8, 0x00, 0x31, 0x03, 0xf4, 0x80, 0x63, 0xbb, 0x60,
  0xbb, 0x68, 0x00, 0x2b, 0x03, 0xd1, 0xff, 0xf7, 0x83, 0xfb, 0xf8, 0x60,
  0x2f, 0xe3, 0xff, 0xf7, 0xbb, 0xfb, 0xf8, 0x60, 0x2b, 0xe3, 0x68, 0x4b,
  0xd3, 0xf8, 0x00, 0x31, 0x03, 0xf4, 0x80, 0x53, 0xbb, 0x60, 0xbb, 0x68,
  0x00, 0x2b, 0x03, 0xd1, 0xff, 0xf7, 0x72, 0xfb, 0xf8, 0x60, 0x1e, 0xe3,
  0xff, 0xf7, 0xaa, 0xfb, 0xf8, 0x60, 0x1a, 0xe3, 0x5f, 0x4b, 0xd3, 0xf8,
  0x00, 0x31, 0x03, 0xf4, 0x80, 0x43, 0xbb, 0x60, 0xbb, 0x68, 0x00, 0x2b,
  0x03, 0xd1, 0xff, 0xf7, 0x75, 0xfb, 0xf8, 0x60, 0x0d, 0xe3, 0xff, 0xf7,
  0x99, 0xfb, 0xf8, 0x60, 0x09, 0xe3, 0x57, 0x4b, 0xd3, 0xf8, 0x00, 0x31,
  0x03, 0xf4, 0x80, 0x33, 0xbb, 0x60, 0xbb, 0x68, 0x00, 0x2b, 0x03, 0xd1,
  0xff, 0xf7, 0x50, 0xfb, 0xf8, 0x60, 0xfc, 0xe2, 0xff, 0xf7, 0x88, 0xfb,
  0xf8, 0x60, 0xf8, 0xe2, 0x4e, 0x4b, 0xd3, 0xf8, 0x00, 0x31, 0x03, 0xf4,
  0x40, 0x23, 0xbb, 0x60, 0xbb, 0x68, 0x00, 0x2b, 0x03, 0xd1, 0xff, 0xf7,
  0x3f, 0xfb, 0xf8, 0x60, 0xd6, 0xe2, 0xbb, 0x68, 0xb3, 0xf5, 0x80, 0x2f,
  0x16, 0xd1, 0x46, 0x4b, 0xd3, 0xf8, 0x14, 0x31, 0x03, 0xf0, 0x02, 0x03,
  0x02, 0x2b, 0x40, 0xf0, 0xcb, 0x82, 0x4f, 0xf4, 0xfa, 0x43, 0xfb, 0x60,
  0x40, 0x4b, 0xd3, 0xf8, 0x14, 0x31, 0x03, 0xf0, 0x04, 0x03, 0x04, 0x2b,
  0x40, 0xf0, 0xc0, 0x82, 0xfb, 0x68, 0xdb, 0x09, 0xfb, 0x60, 0xbb, 0xe2,
  0xbb, 0x68, 0xb3, 0xf5, 0x00, 0x2f, 0x0a, 0xd1, 0x38, 0x4b, 0x1b, 0x68,
  0x03, 0xf4, 0x00, 0x53, 0xb3, 0xf5, 0x00, 0x5f, 0x40, 0xf0, 0xb0, 0x82,
  0x35, 0x4b, 0xfb, 0x60, 0xac, 0xe2, 0x33, 0x4b, 0xd3, 0xf8, 0x10, 0x31,
  0x03, 0xf0, 0x02, 0x03, 0x02, 0x2b, 0x40, 0xf0, 0xa5, 0x82, 0x4f, 0xf4,
  0x00, 0x43, 0xfb, 0x60, 0xa0, 0xe2, 0x2d, 0x4b, 0xd3, 0xf8, 0x00, 0x31,
  0x03, 0xf4, 0x80, 0x13, 0xbb, 0x60, 0xbb, 0x68, 0x00, 0x2b, 0x03, 0xd1,
  0xff, 0xf7, 0x10, 0xfb, 0xf8, 0x60, 0xa8, 0xe2, 0xff, 0xf7, 0x34, 0xfb,
  0xf8, 0x60, 0xa4, 0xe2, 0x24, 0x4b, 0xd3, 0xf8, 0x00, 0x31, 0x03, 0xf4,
  0x40, 0x03, 0xbb, 0x60, 0xbb, 0x68, 0x00, 0x2b, 0x05, 0xd1, 0xff, 0xf7,
  0xd1, 0xfa, 0x03, 0x46, 0xdb, 0x08, 0xfb, 0x60, 0x82, 0xe2, 0xbb, 0x68,
  0xb3, 0xf5, 0x00, 0x0f, 0x0b, 0xd1, 0x1b, 0x4b, 0xd3, 0xf8, 0x10, 0x31,
  0x03, 0xf0, 0x02, 0x03, 0x02, 0x2b, 0x40, 0xf0, 0x77, 0x82, 0x4f, 0xf4,
  0x00, 0x43, 0xfb, 0x60, 0x72, 0xe2, 0xbb, 0x68, 0xb3, 0xf5, 0x80, 0x0f,
  0x40, 0xf0, 0x6e, 0x82, 0x12, 0x4b, 0xd3, 0xf8, 0x14, 0x31, 0x03, 0xf0,
  0x02, 0x03, 0x02, 0x2b, 0x40, 0xf0, 0x66, 0x82, 0x4f, 0xf4, 0xfa, 0x43,
  0xfb, 0x60, 0x0d, 0x4b, 0xd3, 0xf8, 0x14, 0x31, 0x03, 0xf0, 0x04, 0x03,
  0x04, 0x2b, 0x40, 0xf0, 0x5b, 0x82, 0xfb, 0x68, 0xdb, 0x09, 0xfb, 0x60,
  0x56, 0xe2, 0x07, 0x4b, 0xd3, 0xf8, 0x00, 0x31, 0x03, 0xf0, 0x80, 0x73,
  0xbb, 0x60, 0xbb, 0x68, 0xb3, 0xf1, 0x80, 0x7f, 0x08, 0xd1, 0xff, 0xf7,
  0xeb, 0xfa, 0xf8, 0x60, 0x5b, 0xe2, 0x00, 0xbf, 0x00, 0x0c, 0x03, 0x40,
  0x00, 0x24, 0xf4, 0x00, 0xff, 0xf7, 0x44, 0xfa, 0xf8, 0x60, 0x52, 0xe2,
  0xa4, 0x4b, 0xd3, 0xf8, 0x00, 0x31, 0x03, 0xf0, 0x40, 0x63, 0xbb, 0x60,
  0xbb, 0x68, 0x00, 0x2b, 0x0a, 0xd1, 0xa0, 0x4b, 0x1b, 0x68, 0x03, 0xf4,
  0x00, 0x43, 0xb3, 0xf5, 0x00, 0x4f, 0x40, 0xf0, 0x31, 0x82, 0x9d, 0x4b,
  0xfb, 0x60, 0x2d, 0xe2, 0xbb, 0x68, 0xb3, 0xf1, 0x80, 0x6f, 0x03, 0xd1,
  0xff, 0xf7, 0xc6, 0xfa, 0xf8, 0x60, 0x25, 0xe2, 0xbb, 0x68, 0xb3, 0xf1,
  0x00, 0x6f, 0x0a, 0xd1, 0x94, 0x4b, 0x1b, 0x68, 0x03, 0xf4, 0x00, 0x33,
  0xb3, 0xf5, 0x00, 0x3f, 0x40, 0xf0, 0x1a, 0x82, 0x92, 0x4b, 0xfb, 0x60,
  0x16, 0xe2, 0xff, 0xf7, 0x15, 0xfa, 0xf8, 0x60, 0x12, 0xe2, 0x4f, 0xf4,
  0x00, 0x50, 0xff, 0xf7, 0x51, 0xfd, 0xf8, 0x60, 0x8a, 0x4b, 0xd3, 0xf8,
  0x00, 0x31, 0x03, 0xf0, 0x80, 0x53, 0xbb, 0x60, 0xbb, 0x68, 0xb3, 0xf1,
  0x80, 0x5f, 0x40, 0xf0, 0x05, 0x82, 0xfb, 0x68, 0x5b, 0x08, 0xfb, 0x60,
  0x00, 0xe2, 0x83, 0x4b, 0xd3, 0xf8, 0x04, 0x31, 0x03, 0xf0, 0x03, 0x03,
  0xbb, 0x60, 0xbb, 0x68, 0x00, 0x2b, 0x03, 0xd1, 0xff, 0xf7, 0x3c, 0xfa,
  0xf8, 0x60, 0x02, 0xe2, 0xbb, 0x68, 0x01, 0x2b, 0x03, 0xd1, 0x4b, 0xf6,
  0x80, 0x33, 0xfb, 0x60, 0xfb, 0xe1, 0xbb, 0x68, 0x02, 0x2b, 0x03, 0xd1,
  0xff, 0xf7, 0x84, 0xfa, 0xf8, 0x60, 0xf4, 0xe1, 0x4f, 0xf4, 0x80, 0x20,
  0xff, 0xf7, 0x22, 0xfd, 0xf8, 0x60, 0xee, 0xe1, 0x72, 0x4b, 0xd3, 0xf8,
  0x04, 0x31, 0x03, 0xf0, 0x08, 0x03, 0xbb, 0x60, 0xbb, 0x68, 0x00, 0x2b,
  0x03, 0xd1, 0xff, 0xf7, 0x35, 0xfa, 0xf8, 0x60, 0xe1, 0xe1, 0xff, 0xf7,
  0x6d, 0xfa, 0xf8, 0x60, 0xdd, 0xe1, 0x6a, 0x4b, 0xd3, 0xf8, 0x04, 0x31,
  0x03, 0xf0, 0x60, 0x03, 0xbb, 0x60, 0xbb, 0x68, 0x00, 0x2b, 0x03, 0xd1,
  0xff, 0xf7, 0x60, 0xfa, 0xf8, 0x60, 0xc3, 0xe1, 0xbb, 0x68, 0x20, 0x2b,
  0x03, 0xd1, 0x4b, 0xf6, 0x80, 0x33, 0xfb, 0x60, 0xbc, 0xe1, 0xbb, 0x68,
  0x40, 0x2b, 0x40, 0xf0, 0xb9, 0x81, 0x5e, 0x4b, 0x1b, 0x68, 0x03, 0xf4,
  0x00, 0x33, 0xb3, 0xf5, 0x00, 0x3f, 0x40, 0xf0, 0xb1, 0x81, 0x5c, 0x4b,
  0xfb, 0x60, 0xad, 0xe1, 0x58, 0x4b, 0xd3, 0xf8, 0x04, 0x31, 0x03, 0xf4,
  0x00, 0x63, 0xbb, 0x60, 0xbb, 0x68, 0x00, 0x2b, 0x0a, 0xd1, 0x54, 0x4b,
  0x1b, 0x68, 0x03, 0xf4, 0x00, 0x43, 0xb3, 0xf5, 0x00, 0x4f, 0x40, 0xf0,
  0x9f, 0x81, 0x51, 0x4b, 0xfb, 0x60, 0x9b, 0xe1, 0xff, 0xf7, 0x32, 0xfa,
  0xf8, 0x60, 0x97, 0xe1, 0x4c, 0x4b, 0xd3, 0xf8, 0x04, 0x31, 0x03, 0xf4,
  0x40, 0x33, 0xbb, 0x60, 0xbb, 0x68, 0x00, 0x2b, 0x03, 0xd1, 0xff, 0xf7,
  0xcf, 0xf9, 0xf8, 0x60, 0x14, 0xe0, 0xbb, 0x68, 0xb3, 0xf5, 0x80, 0x3f,
  0x09, 0xd1, 0x44, 0x4b, 0x1b, 0x68, 0x03, 0xf4, 0x00, 0x33, 0xb3, 0xf5,
  0x00, 0x3f, 0x09, 0xd1, 0x42, 0x4b, 0xfb, 0x60, 0x06, 0xe0, 0xbb, 0x68,
  0xb3, 0xf5, 0x00, 0x3f, 0x02, 0xd1, 0xff, 0xf7, 0x0f, 0xfa, 0xf8, 0x60,
  0x3b, 0x4b, 0xd3, 0xf8, 0x04, 0x31, 0x03, 0xf4, 0x70, 0x43, 0xbb, 0x60,
  0xbb, 0x68, 0x00, 0x2b, 0x02, 0xd1, 0x00, 0x23, 0xbb, 0x60, 0x0c, 0xe0,
  0xbb, 0x68, 0xb3, 0xf5, 0x00, 0x4f, 0x02, 0xd2, 0x01, 0x23, 0xbb, 0x60,
  0x05, 0xe0, 0xbb, 0x68, 0x1a, 0x0b, 0x34, 0x4b, 0x13, 0x40, 0x02, 0x33,
  0xbb, 0x60, 0xfa, 0x68, 0xbb, 0x68, 0x22, 0xfa, 0x03, 0xf3, 0xfb, 0x60,
  0x61, 0xe1, 0x2c, 0x4b, 0xd3, 0xf8, 0x04, 0x31, 0x03, 0xf4, 0x00, 0x23,
  0xbb, 0x60, 0xbb, 0x68, 0x00, 0x2b, 0x16, 0xd1, 0x27, 0x4b, 0xd3, 0xf8,
  0x14, 0x31, 0x03, 0xf0, 0x02, 0x03, 0x02, 0x2b, 0x40, 0xf0, 0x48, 0x81,
  0x4f, 0xf4, 0xfa, 0x43, 0xfb, 0x60, 0x22, 0x4b, 0xd3, 0xf8, 0x14, 0x31,
  0x03, 0xf0, 0x04, 0x03, 0x04, 0x2b, 0x40, 0xf0, 0x3d, 0x81, 0xfb, 0x68,
  0xdb, 0x09, 0xfb, 0x60, 0x38, 0xe1, 0x1c, 0x4b, 0xd3, 0xf8, 0x10, 0x31,
  0x03, 0xf0, 0x02, 0x03, 0x02, 0x2b, 0x40, 0xf0, 0x31, 0x81, 0x4f, 0xf4,
  0x00, 0x43, 0xfb, 0x60, 0x2c, 0xe1, 0x16, 0x4b, 0xd3, 0xf8, 0x04, 0x31,
  0x03, 0xf4, 0x80, 0x13, 0xbb, 0x60, 0xbb, 0x68, 0x00, 0x2b, 0x03, 0xd1,
  0xff, 0xf7, 0x1a, 0xf9, 0xf8, 0x60, 0x28, 0xe1, 0xff, 0xf7, 0xb4, 0xf9,
  0xf8, 0x60, 0x24, 0xe1, 0x0d, 0x4b, 0xd3, 0xf8, 0x08, 0x31, 0x03, 0xf0,
  0x03, 0x03, 0xbb, 0x60, 0xbb, 0x68, 0x00, 0x2b, 0x03, 0xd1, 0xff, 0xf7,
  0x93, 0xf9, 0xf8, 0x60, 0x10, 0xe1, 0xbb, 0x68, 0x01, 0x2b, 0x13, 0xd1,
  0x05, 0x4b, 0x1b, 0x68, 0x03, 0xf4, 0x00, 0x53, 0xb3, 0xf5, 0x00, 0x5f,
  0x40, 0xf0, 0x06, 0x81, 0x03, 0x4b, 0xfb, 0x60, 0x02, 0xe1, 0x00, 0xbf,
  0x00, 0x0c, 0x03, 0x40, 0x00, 0x6c, 0xdc, 0x02, 0x00, 0x24, 0xf4, 0x00,
  0xf7, 0xff, 0x0f, 0x00, 0xbb, 0x68, 0x02, 0x2b, 0x0b, 0xd1, 0x81, 0x4b,
  0xd3, 0xf8, 0x10, 0x31, 0x03, 0xf0, 0x02, 0x03, 0x02, 0x2b, 0x40, 0xf0,
  0xef, 0x80, 0x4f, 0xf4, 0x00, 0x43, 0xfb, 0x60, 0xea, 0xe0, 0xff, 0xf7,
  0x7d, 0xf9, 0xf8, 0x60, 0xe6, 0xe0, 0x79, 0x4b, 0xd3, 0xf8, 0x08, 0x31,
  0x03, 0xf0, 0x40, 0x03, 0xbb, 0x60, 0xbb, 0x68, 0x00, 0x2b, 0x03, 0xd1,
  0xff, 0xf7, 0x5c, 0xf9, 0xf8, 0x60, 0xe0, 0xe0, 0xff, 0xf7, 0x6c, 0xf9,
  0xf8, 0x60, 0xdc, 0xe0, 0x70, 0x4b, 0xd3, 0xf8, 0x08, 0x31, 0x03, 0xf4,
  0x40, 0x73, 0xbb, 0x60, 0xbb, 0x68, 0x00, 0x2b, 0x03, 0xd1, 0xff, 0xf7,
  0x5f, 0xf9, 0xf8, 0x60, 0xca, 0xe0, 0xbb, 0x68, 0xb3, 0xf5, 0x80, 0x7f,
  0x16, 0xd1, 0x68, 0x4b, 0xd3, 0xf8, 0x14, 0x31, 0x03, 0xf0, 0x02, 0x03,
  0x02, 0x2b, 0x40, 0xf0, 0xbf, 0x80, 0x4f, 0xf4, 0xfa, 0x43, 0xfb, 0x60,
  0x62, 0x4b, 0xd3, 0xf8, 0x14, 0x31, 0x03, 0xf0, 0x04, 0x03, 0x04, 0x2b,
  0x40, 0xf0, 0xb4, 0x80, 0xfb, 0x68, 0xdb, 0x09, 0xfb, 0x60, 0xaf, 0xe0,
  0xbb, 0x68, 0xb3, 0xf5, 0x00, 0x7f, 0x0a, 0xd1, 0x5a, 0x4b, 0x1b, 0x68,
  0x03, 0xf4, 0x00, 0x53, 0xb3, 0xf5, 0x00, 0x5f, 0x40, 0xf0, 0xa4, 0x80,
  0x57, 0x4b, 0xfb, 0x60, 0xa0, 0xe0, 0x55, 0x4b, 0xd3, 0xf8, 0x10, 0x31,
  0x03, 0xf0, 0x02, 0x03, 0x02, 0x2b, 0x40, 0xf0, 0x99, 0x80, 0x4f, 0xf4,
  0x00, 0x43, 0xfb, 0x60, 0x94, 0xe0, 0x4f, 0x4b, 0xd3, 0xf8, 0x08, 0x31,
  0x03, 0xf4, 0x40, 0x63, 0xbb, 0x60, 0xbb, 0x68, 0x00, 0x2b, 0x03, 0xd1,
  0xff, 0xf7, 0x1c, 0xf9, 0xf8, 0x60, 0x89, 0xe0, 0xbb, 0x68, 0xb3, 0xf5,
  0x80, 0x6f, 0x14, 0xd1, 0x46, 0x4b, 0xd3, 0xf8, 0x14, 0x31, 0x03, 0xf0,
  0x02, 0x03, 0x02, 0x2b, 0x7e, 0xd1, 0x4f, 0xf4, 0xfa, 0x43, 0xfb, 0x60,
  0x41, 0x4b, 0xd3, 0xf8, 0x14, 0x31, 0x03, 0xf0, 0x04, 0x03, 0x04, 0x2b,
  0x74, 0xd1, 0xfb, 0x68, 0xdb, 0x09, 0xfb, 0x60, 0x70, 0xe0, 0xbb, 0x68,
  0xb3, 0xf5, 0x00, 0x6f, 0x09, 0xd1, 0x3a, 0x4b, 0x1b, 0x68, 0x03, 0xf4,
  0x00, 0x53, 0xb3, 0xf5, 0x00, 0x5f, 0x65, 0xd1, 0x37, 0x4b, 0xfb, 0x60,
  0x62, 0xe0, 0x35, 0x4b, 0xd3, 0xf8, 0x10, 0x31, 0x03, 0xf0, 0x02, 0x03,
  0x02, 0x2b, 0x5b, 0xd1, 0x4f, 0xf4, 0x00, 0x43, 0xfb, 0x60, 0x57, 0xe0,
  0x2f, 0x4b, 0xd3, 0xf8, 0x10, 0x31, 0x03, 0xf4, 0x40, 0x73, 0xbb, 0x60,
  0xbb, 0x68, 0xb3, 0xf5, 0x80, 0x7f, 0x0a, 0xd1, 0x2a, 0x4b, 0xd3, 0xf8,
  0x10, 0x31, 0x03, 0xf0, 0x02, 0x03, 0x02, 0x2b, 0x48, 0xd1, 0x4f, 0xf4,
  0x00, 0x43, 0xfb, 0x60, 0x44, 0xe0, 0xbb, 0x68, 0xb3, 0xf5, 0x00, 0x7f,
  0x14, 0xd1, 0x23, 0x4b, 0xd3, 0xf8, 0x14, 0x31, 0x03, 0xf0, 0x02, 0x03,
  0x02, 0x2b, 0x39, 0xd1, 0x4f, 0xf4, 0xfa, 0x43, 0xfb, 0x60, 0x1e, 0x4b,
  0xd3, 0xf8, 0x14, 0x31, 0x03, 0xf0, 0x04, 0x03, 0x04, 0x2b, 0x2f, 0xd1,
  0xfb, 0x68, 0xdb, 0x09, 0xfb, 0x60, 0x2b, 0xe0, 0xbb, 0x68, 0xb3, 0xf5,
  0x40, 0x7f, 0x27, 0xd1, 0x16, 0x4b, 0x1b, 0x68, 0x03, 0xf4, 0x00, 0x33,
  0xb3, 0xf5, 0x00, 0x3f, 0x20, 0xd1, 0x15, 0x4b, 0xfb, 0x60, 0x1d, 0xe0,
  0x00, 0xbf, 0x1c, 0xe0, 0x00, 0xbf, 0x1a, 0xe0, 0x00, 0xbf, 0x18, 0xe0,
  0x00, 0xbf, 0x16, 0xe0, 0x00, 0xbf, 0x14, 0xe0, 0x00, 0xbf, 0x12, 0xe0,
  0x00, 0xbf, 0x10, 0xe0, 0x00, 0xbf, 0x0e, 0xe0, 0x00, 0xbf, 0x0c, 0xe0,
  0x00, 0xbf, 0x0a, 0xe0, 0x00, 0xbf, 0x08, 0xe0, 0x00, 0xbf, 0x06, 0xe0,
  0x00, 0xbf, 0x04, 0xe0, 0x00, 0xbf, 0x02, 0xe0, 0x00, 0xbf, 0x00, 0xe0,
  0x00, 0xbf, 0xfb, 0x68, 0x18, 0x46, 0x10, 0x37, 0xbd, 0x46, 0x80, 0xbd,
  0x00, 0x0c, 0x03, 0x40, 0x00, 0x24, 0xf4, 0x00, 0x20, 0xa1, 0x07, 0x00,
  0x80, 0xb5, 0x82, 0xb0, 0x00, 0xaf, 0x78, 0x60, 0x7b, 0x68, 0x00, 0x2b,
  0x01, 0xd1, 0x01, 0x23, 0x42, 0xe0, 0x7b, 0x68, 0xd3, 0xf8, 0x88, 0x30,
  0x00, 0x2b, 0x06, 0xd1, 0x7b, 0x68, 0x00, 0x22, 0x83, 0xf8, 0x84, 0x20,
  0x78, 0x68, 0xfa, 0xf7, 0x27, 0xfa, 0x7b, 0x68, 0x24, 0x22, 0xc3, 0xf8,
  0x88, 0x20, 0x7b, 0x68, 0x1b, 0x68, 0x1a, 0x68, 0x7b, 0x68, 0x1b, 0x68,
  0x22, 0xf0, 0x01, 0x02, 0x1a, 0x60, 0x7b, 0x68, 0x9b, 0x6a, 0x00, 0x2b,
  0x02, 0xd0, 0x78, 0x68, 0x00, 0xf0, 0x9c, 0xf9, 0x78, 0x68, 0x00, 0xf0,
  0x25, 0xf8, 0x03, 0x46, 0x01, 0x2b, 0x01, 0xd1, 0x01, 0x23, 0x1b, 0xe0,
  0x7b, 0x68, 0x1b, 0x68, 0x5a, 0x68, 0x7b, 0x68, 0x1b, 0x68, 0x22, 0xf4,
  0x90, 0x42, 0x5a, 0x60, 0x7b, 0x68, 0x1b, 0x68, 0x9a, 0x68, 0x7b, 0x68,
  0x1b, 0x68, 0x22, 0xf0, 0x2a, 0x02, 0x9a, 0x60, 0x7b, 0x68, 0x1b, 0x68,
  0x1a, 0x68, 0x7b, 0x68, 0x1b, 0x68, 0x42, 0xf0, 0x01, 0x02, 0x1a, 0x60,
  0x78, 0x68, 0x00, 0xf0, 0x1b, 0xfa, 0x03, 0x46, 0x18, 0x46, 0x08, 0x37,
  0xbd, 0x46, 0x80, 0xbd, 0x2d, 0xe9, 0xb0, 0x4f, 0x8e, 0xb0, 0x00, 0xaf,
  0x78, 0x61, 0x00, 0x23, 0x87, 0xf8, 0x2f, 0x30, 0x7b, 0x69, 0x9a, 0x68,
  0x7b, 0x69, 0x1b, 0x69, 0x1a, 0x43, 0x7b, 0x69, 0x5b, 0x69, 0x1a, 0x43,
  0x7b, 0x69, 0xdb, 0x69, 0x13, 0x43, 0x7b, 0x63, 0x7b, 0x69, 0x1b, 0x68,
  0x1a, 0x68, 0x9b, 0x4b, 0x13, 0x40, 0x7a, 0x69, 0x12, 0x68, 0x79, 0x6b,
  0x0b, 0x43, 0x13, 0x60, 0x7b, 0x69, 0x1b, 0x68, 0x5b, 0x68, 0x23, 0xf4,
  0x40, 0x51, 0x7b, 0x69, 0xda, 0x68, 0x7b, 0x69, 0x1b, 0x68, 0x0a, 0x43,
  0x5a, 0x60, 0x7b, 0x69, 0x9b, 0x69, 0x7b, 0x63, 0x7b, 0x69, 0x1b, 0x68,
  0x90, 0x4a, 0x93, 0x42, 0x04, 0xd0, 0x7b, 0x69, 0x1b, 0x6a, 0x7a, 0x6b,
  0x13, 0x43, 0x7b, 0x63, 0x7b, 0x69, 0x1b, 0x68, 0x9b, 0x68, 0x23, 0xf0,
  0x6e, 0x43, 0x23, 0xf4, 0x30, 0x63, 0x7a, 0x69, 0x12, 0x68, 0x79, 0x6b,
  0x0b, 0x43, 0x93, 0x60, 0x7b, 0x69, 0x1b, 0x68, 0xdb, 0x6a, 0x23, 0xf0,
  0x0f, 0x01, 0x7b, 0x69, 0x5a, 0x6a, 0x7b, 0x69, 0x1b, 0x68, 0x0a, 0x43,
  0xda, 0x62, 0x7b, 0x69, 0x1b, 0x68, 0x81, 0x4a, 0x93, 0x42, 0x02, 0xd1,
  0x01, 0x23, 0x3b, 0x63, 0x22, 0xe0, 0x7b, 0x69, 0x1b, 0x68, 0x7e, 0x4a,
  0x93, 0x42, 0x02, 0xd1, 0x02, 0x23, 0x3b, 0x63, 0x1a, 0xe0, 0x7b, 0x69,
  0x1b, 0x68, 0x7b, 0x4a, 0x93, 0x42, 0x02, 0xd1, 0x04, 0x23, 0x3b, 0x63,
  0x12, 0xe0, 0x7b, 0x69, 0x1b, 0x68, 0x78, 0x4a, 0x93, 0x42, 0x02, 0xd1,
  0x08, 0x23, 0x3b, 0x63, 0x0a, 0xe0, 0x7b, 0x69, 0x1b, 0x68, 0x70, 0x4a,
  0x93, 0x42, 0x03, 0xd1, 0x4f, 0xf4, 0x00, 0x03, 0x3b, 0x63, 0x01, 0xe0,
  0x00, 0x23, 0x3b, 0x63, 0x7b, 0x69, 0x1b, 0x68, 0x6a, 0x4a, 0x93, 0x42,
  0x6c, 0xd1, 0x38, 0x6b, 0xff, 0xf7, 0x56, 0xfa, 0xb8, 0x62, 0xbb, 0x6a,
  0x00, 0x2b, 0x00, 0xf0, 0xda, 0x80, 0x7b, 0x69, 0x5b, 0x6a, 0x69, 0x4a,
  0x32, 0xf8, 0x13, 0x30, 0x1a, 0x46, 0xbb, 0x6a, 0xb3, 0xfb, 0xf2, 0xf3,
  0xfb, 0x61, 0x7b, 0x69, 0x5a, 0x68, 0x13, 0x46, 0x5b, 0x00, 0x13, 0x44,
  0xfa, 0x69, 0x9a, 0x42, 0x05, 0xd3, 0x7b, 0x69, 0x5b, 0x68, 0x1b, 0x03,
  0xfa, 0x69, 0x9a, 0x42, 0x03, 0xd9, 0x01, 0x23, 0x87, 0xf8, 0x2f, 0x30,
  0xbd, 0xe0, 0xbb, 0x6a, 0x00, 0x22, 0xbb, 0x60, 0xfa, 0x60, 0x7b, 0x69,
  0x5b, 0x6a, 0x59, 0x4a, 0x32, 0xf8, 0x13, 0x30, 0x9b, 0xb2, 0x00, 0x22,
  0x3b, 0x60, 0x7a, 0x60, 0xd7, 0xe9, 0x00, 0x23, 0xd7, 0xe9, 0x02, 0x01,
  0xf9, 0xf7, 0x82, 0xf9, 0x02, 0x46, 0x0b, 0x46, 0x10, 0x46, 0x19, 0x46,
  0x4f, 0xf0, 0x00, 0x02, 0x4f, 0xf0, 0x00, 0x03, 0x0b, 0x02, 0x43, 0xea,
  0x10, 0x63, 0x02, 0x02, 0x79, 0x69, 0x49, 0x68, 0x49, 0x08, 0x00, 0x20,
  0x0c, 0x46, 0x05, 0x46, 0x12, 0xeb, 0x04, 0x08, 0x43, 0xeb, 0x05, 0x09,
  0x7b, 0x69, 0x5b, 0x68, 0x00, 0x22, 0x9a, 0x46, 0x93, 0x46, 0x52, 0x46,
  0x5b, 0x46, 0x40, 0x46, 0x49, 0x46, 0xf9, 0xf7, 0x61, 0xf9, 0x02, 0x46,
  0x0b, 0x46, 0x13, 0x46, 0x7b, 0x62, 0x7b, 0x6a, 0xb3, 0xf5, 0x40, 0x7f,
  0x08, 0xd3, 0x7b, 0x6a, 0xb3, 0xf5, 0x80, 0x1f, 0x04, 0xd2, 0x7b, 0x69,
  0x1b, 0x68, 0x7a, 0x6a, 0xda, 0x60, 0x78, 0xe0, 0x01, 0x23, 0x87, 0xf8,
  0x2f, 0x30, 0x74, 0xe0, 0x7b, 0x69, 0xdb, 0x69, 0xb3, 0xf5, 0x00, 0x4f,
  0x37, 0xd1, 0x38, 0x6b, 0xff, 0xf7, 0xe4, 0xf9, 0xb8, 0x62, 0xbb, 0x6a,
  0x00, 0x2b, 0x68, 0xd0, 0x7b, 0x69, 0x5b, 0x6a, 0x30, 0x4a, 0x32, 0xf8,
  0x13, 0x30, 0x1a, 0x46, 0xbb, 0x6a, 0xb3, 0xfb, 0xf2, 0xf3, 0x5a, 0x00,
  0x7b, 0x69, 0x5b, 0x68, 0x5b, 0x08, 0x1a, 0x44, 0x7b, 0x69, 0x5b, 0x68,
  0xb2, 0xfb, 0xf3, 0xf3, 0x7b, 0x62, 0x7b, 0x6a, 0x0f, 0x2b, 0x16, 0xd9,
  0x7b, 0x6a, 0xb3, 0xf5, 0x80, 0x3f, 0x12, 0xd2, 0x7b, 0x6a, 0x9b, 0xb2,
  0x23, 0xf0, 0x0f, 0x03, 0x7b, 0x84, 0x7b, 0x6a, 0x5b, 0x08, 0x9b, 0xb2,
  0x03, 0xf0, 0x07, 0x03, 0x9a, 0xb2, 0x7b, 0x8c, 0x13, 0x43, 0x7b, 0x84,
  0x7b, 0x69, 0x1b, 0x68, 0x7a, 0x8c, 0xda, 0x60, 0x3b, 0xe0, 0x01, 0x23,
  0x87, 0xf8, 0x2f, 0x30, 0x37, 0xe0, 0x38, 0x6b, 0xff, 0xf7, 0xac, 0xf9,
  0xb8, 0x62, 0xbb, 0x6a, 0x00, 0x2b, 0x30, 0xd0, 0x7b, 0x69, 0x5b, 0x6a,
  0x14, 0x4a, 0x32, 0xf8, 0x13, 0x30, 0x1a, 0x46, 0xbb, 0x6a, 0xb3, 0xfb,
  0xf2, 0xf2, 0x7b, 0x69, 0x5b, 0x68, 0x5b, 0x08, 0x1a, 0x44, 0x7b, 0x69,
  0x5b, 0x68, 0xb2, 0xfb, 0xf3, 0xf3, 0x7b, 0x62, 0x7b, 0x6a, 0x0f, 0x2b,
  0x18, 0xd9, 0x7b, 0x6a, 0xb3, 0xf5, 0x80, 0x3f, 0x14, 0xd2, 0x7b, 0x6a,
  0x9a, 0xb2, 0x7b, 0x69, 0x1b, 0x68, 0xda, 0x60, 0x11, 0xe0, 0x00, 0xbf,
  0xf3, 0x69, 0xff, 0xcf, 0x00, 0x24, 0x04, 0x40, 0x00, 0x38, 0x01, 0x40,
  0x00, 0x48, 0x00, 0x40, 0x00, 0x4c, 0x00, 0x40, 0x00, 0x50, 0x00, 0x40,
  0x60, 0x79, 0x00, 0x08, 0x01, 0x23, 0x87, 0xf8, 0x2f, 0x30, 0x7b, 0x69,
  0x01, 0x22, 0xa3, 0xf8, 0x6a, 0x20, 0x7b, 0x69, 0x01, 0x22, 0xa3, 0xf8,
  0x68, 0x20, 0x7b, 0x69, 0x00, 0x22, 0x5a, 0x67, 0x7b, 0x69, 0x00, 0x22,
  0x9a, 0x67, 0x97, 0xf8, 0x2f, 0x30, 0x18, 0x46, 0x38, 0x37, 0xbd, 0x46,
  0xbd, 0xe8, 0xb0, 0x8f, 0x80, 0xb4, 0x83, 0xb0, 0x00, 0xaf, 0x78, 0x60,
  0x7b, 0x68, 0x9b, 0x6a, 0x03, 0xf0, 0x08, 0x03, 0x00, 0x2b, 0x0a, 0xd0,
  0x7b, 0x68, 0x1b, 0x68, 0x5b, 0x68, 0x23, 0xf4, 0x00, 0x41, 0x7b, 0x68,
  0x9a, 0x6b, 0x7b, 0x68, 0x1b, 0x68, 0x0a, 0x43, 0x5a, 0x60, 0x7b, 0x68,
  0x9b, 0x6a, 0x03, 0xf0, 0x01, 0x03, 0x00, 0x2b, 0x0a, 0xd0, 0x7b, 0x68,
  0x1b, 0x68, 0x5b, 0x68, 0x23, 0xf4, 0x00, 0x31, 0x7b, 0x68, 0xda, 0x6a,
  0x7b, 0x68, 0x1b, 0x68, 0x0a, 0x43, 0x5a, 0x60, 0x7b, 0x68, 0x9b, 0x6a,
  0x03, 0xf0, 0x02, 0x03, 0x00, 0x2b, 0x0a, 0xd0, 0x7b, 0x68, 0x1b, 0x68,
  0x5b, 0x68, 0x23, 0xf4, 0x80, 0x31, 0x7b, 0x68, 0x1a, 0x6b, 0x7b, 0x68,
  0x1b, 0x68, 0x0a, 0x43, 0x5a, 0x60, 0x7b, 0x68, 0x9b, 0x6a, 0x03, 0xf0,
  0x04, 0x03, 0x00, 0x2b, 0x0a, 0xd0, 0x7b, 0x68, 0x1b, 0x68, 0x5b, 0x68,
  0x23, 0xf4, 0x80, 0x21, 0x7b, 0x68, 0x5a, 0x6b, 0x7b, 0x68, 0x1b, 0x68,
  0x0a, 0x43, 0x5a, 0x60, 0x7b, 0x68, 0x9b, 0x6a, 0x03, 0xf0, 0x10, 0x03,
  0x00, 0x2b, 0x0a, 0xd0, 0x7b, 0x68, 0x1b, 0x68, 0x9b, 0x68, 0x23, 0xf4,
  0x80, 0x51, 0x7b, 0x68, 0xda, 0x6b, 0x7b, 0x68, 0x1b, 0x68, 0x0a, 0x43,
  0x9a, 0x60, 0x7b, 0x68, 0x9b, 0x6a, 0x03, 0xf0, 0x20, 0x03, 0x00, 0x2b,
  0x0a, 0xd0, 0x7b, 0x68, 0x1b, 0x68, 0x9b, 0x68, 0x23, 0xf4, 0x00, 0x51,
  0x7b, 0x68, 0x1a, 0x6c, 0x7b, 0x68, 0x1b, 0x68, 0x0a, 0x43, 0x9a, 0x60,
  0x7b, 0x68, 0x9b, 0x6a, 0x03, 0xf0, 0x40, 0x03, 0x00, 0x2b, 0x1a, 0xd0,
  0x7b, 0x68, 0x1b, 0x68, 0x5b, 0x68, 0x23, 0xf4, 0x80, 0x11, 0x7b, 0x68,
  0x5a, 0x6c, 0x7b, 0x68, 0x1b, 0x68, 0x0a, 0x43, 0x5a, 0x60, 0x7b, 0x68,
  0x5b, 0x6c, 0xb3, 0xf5, 0x80, 0x1f, 0x0a, 0xd1, 0x7b, 0x68, 0x1b, 0x68,
  0x5b, 0x68, 0x23, 0xf4, 0xc0, 0x01, 0x7b, 0x68, 0x9a, 0x6c, 0x7b, 0x68,
  0x1b, 0x68, 0x0a, 0x43, 0x5a, 0x60, 0x7b, 0x68, 0x9b, 0x6a, 0x03, 0xf0,
  0x80, 0x03, 0x00, 0x2b, 0x0a, 0xd0, 0x7b, 0x68, 0x1b, 0x68, 0x5b, 0x68,
  0x23, 0xf4, 0x00, 0x21, 0x7b, 0x68, 0xda, 0x6c, 0x7b, 0x68, 0x1b, 0x68,
  0x0a, 0x43, 0x5a, 0x60, 0x00, 0xbf, 0x0c, 0x37, 0xbd, 0x46, 0x5d, 0xf8,
  0x04, 0x7b, 0x70, 0x47, 0x80, 0xb5, 0x98, 0xb0, 0x02, 0xaf, 0x78, 0x60,
  0x7b, 0x68, 0x00, 0x22, 0xc3, 0xf8, 0x90, 0x20, 0xfa, 0xf7, 0xde, 0xf9,
  0x78, 0x65, 0x7b, 0x68, 0x1b, 0x68, 0x1b, 0x68, 0x03, 0xf0, 0x08, 0x03,
  0x08, 0x2b, 0x2f, 0xd1, 0x6f, 0xf0, 0x7e, 0x43, 0x00, 0x93, 0x7b, 0x6d,
  0x00, 0x22, 0x4f, 0xf4, 0x00, 0x11, 0x78, 0x68, 0x00, 0xf0, 0x8e, 0xf8,
  0x03, 0x46, 0x00, 0x2b, 0x22, 0xd0, 0x7b, 0x68, 0x1b, 0x68, 0xbb, 0x63,
  0xbb, 0x6b, 0x53, 0xe8, 0x00, 0x3f, 0x7b, 0x63, 0x7b, 0x6b, 0x23, 0xf0,
  0x80, 0x03, 0x3b, 0x65, 0x7b, 0x68, 0x1b, 0x68, 0x1a, 0x46, 0x3b, 0x6d,
  0x7b, 0x64, 0x3a, 0x64, 0x39, 0x6c, 0x7a, 0x6c, 0x41, 0xe8, 0x00, 0x23,
  0xfb, 0x63, 0xfb, 0x6b, 0x00, 0x2b, 0xe6, 0xd1, 0x7b, 0x68, 0x20, 0x22,
  0xc3, 0xf8, 0x88, 0x20, 0x7b, 0x68, 0x00, 0x22, 0x83, 0xf8, 0x84, 0x20,
  0x03, 0x23, 0x63, 0xe0, 0x7b, 0x68, 0x1b, 0x68, 0x1b, 0x68, 0x03, 0xf0,
  0x04, 0x03, 0x04, 0x2b, 0x49, 0xd1, 0x6f, 0xf0, 0x7e, 0x43, 0x00, 0x93,
  0x7b, 0x6d, 0x00, 0x22, 0x4f, 0xf4, 0x80, 0x01, 0x78, 0x68, 0x00, 0xf0,
  0x57, 0xf8, 0x03, 0x46, 0x00, 0x2b, 0x3c, 0xd0, 0x7b, 0x68, 0x1b, 0x68,
  0x7b, 0x62, 0x7b, 0x6a, 0x53, 0xe8, 0x00, 0x3f, 0x3b, 0x62, 0x3b, 0x6a,
  0x23, 0xf4, 0x90, 0x73, 0xfb, 0x64, 0x7b, 0x68, 0x1b, 0x68, 0x1a, 0x46,
  0xfb, 0x6c, 0x3b, 0x63, 0xfa, 0x62, 0xf9, 0x6a, 0x3a, 0x6b, 0x41, 0xe8,
  0x00, 0x23, 0xbb, 0x62, 0xbb, 0x6a, 0x00, 0x2b, 0xe6, 0xd1, 0x7b, 0x68,
  0x1b, 0x68, 0x08, 0x33, 0x3b, 0x61, 0x3b, 0x69, 0x53, 0xe8, 0x00, 0x3f,
  0xfb, 0x60, 0xfb, 0x68, 0x23, 0xf0, 0x01, 0x03, 0xbb, 0x64, 0x7b, 0x68,
  0x1b, 0x68, 0x08, 0x33, 0xba, 0x6c, 0xfa, 0x61, 0xbb, 0x61, 0xb9, 0x69,
  0xfa, 0x69, 0x41, 0xe8, 0x00, 0x23, 0x7b, 0x61, 0x7b, 0x69, 0x00, 0x2b,
  0xe5, 0xd1, 0x7b, 0x68, 0x20, 0x22, 0xc3, 0xf8, 0x8c, 0x20, 0x7b, 0x68,
  0x00, 0x22, 0x83, 0xf8, 0x84, 0x20, 0x03, 0x23, 0x12, 0xe0, 0x7b, 0x68,
  0x20, 0x22, 0xc3, 0xf8, 0x88, 0x20, 0x7b, 0x68, 0x20, 0x22, 0xc3, 0xf8,
  0x8c, 0x20, 0x7b, 0x68, 0x00, 0x22, 0xda, 0x66, 0x7b, 0x68, 0x00, 0x22,
  0x1a, 0x67, 0x7b, 0x68, 0x00, 0x22, 0x83, 0xf8, 0x84, 0x20, 0x00, 0x23,
  0x18, 0x46, 0x58, 0x37, 0xbd, 0x46, 0x80, 0xbd, 0x80, 0xb5, 0x84, 0xb0,
  0x00, 0xaf, 0xf8, 0x60, 0xb9, 0x60, 0x3b, 0x60, 0x13, 0x46, 0xfb, 0x71,
  0x4f, 0xe0, 0xbb, 0x69, 0xb3, 0xf1, 0xff, 0x3f, 0x4b, 0xd0, 0xfa, 0xf7,
  0x2f, 0xf9, 0x02, 0x46, 0x3b, 0x68, 0xd3, 0x1a, 0xba, 0x69, 0x9a, 0x42,
  0x02, 0xd3, 0xbb, 0x69, 0x00, 0x2b, 0x01, 0xd1, 0x03, 0x23, 0x4e, 0xe0,
  0xfb, 0x68, 0x1b, 0x68, 0x1b, 0x68, 0x03, 0xf0, 0x04, 0x03, 0x00, 0x2b,
  0x37, 0xd0, 0xbb, 0x68, 0x80, 0x2b, 0x34, 0xd0, 0xbb, 0x68, 0x40, 0x2b,
  0x31, 0xd0, 0xfb, 0x68, 0x1b, 0x68, 0xdb, 0x69, 0x03, 0xf0, 0x08, 0x03,
  0x08, 0x2b, 0x10, 0xd1, 0xfb, 0x68, 0x1b, 0x68, 0x08, 0x22, 0x1a, 0x62,
  0xf8, 0x68, 0x00, 0xf0, 0x38, 0xf8, 0xfb, 0x68, 0x08, 0x22, 0xc3, 0xf8,
  0x90, 0x20, 0xfb, 0x68, 0x00, 0x22, 0x83, 0xf8, 0x84, 0x20, 0x01, 0x23,
  0x29, 0xe0, 0xfb, 0x68, 0x1b, 0x68, 0xdb, 0x69, 0x03, 0xf4, 0x00, 0x63,
  0xb3, 0xf5, 0x00, 0x6f, 0x11, 0xd1, 0xfb, 0x68, 0x1b, 0x68, 0x4f, 0xf4,
  0x00, 0x62, 0x1a, 0x62, 0xf8, 0x68, 0x00, 0xf0, 0x1e, 0xf8, 0xfb, 0x68,
  0x20, 0x22, 0xc3, 0xf8, 0x90, 0x20, 0xfb, 0x68, 0x00, 0x22, 0x83, 0xf8,
  0x84, 0x20, 0x03, 0x23, 0x0f, 0xe0, 0xfb, 0x68, 0x1b, 0x68, 0xda, 0x69,
  0xbb, 0x68, 0x13, 0x40, 0xba, 0x68, 0x9a, 0x42, 0x0c, 0xbf, 0x01, 0x23,
  0x00, 0x23, 0xdb, 0xb2, 0x1a, 0x46, 0xfb, 0x79, 0x9a, 0x42, 0xa0, 0xd0,
  0x00, 0x23, 0x18, 0x46, 0x10, 0x37, 0xbd, 0x46, 0x80, 0xbd, 0x80, 0xb4,
  0x95, 0xb0, 0x00, 0xaf, 0x78, 0x60, 0x7b, 0x68, 0x1b, 0x68, 0x7b, 0x63,
  0x7b, 0x6b, 0x53, 0xe8, 0x00, 0x3f, 0x3b, 0x63, 0x3b, 0x6b, 0x23, 0xf4,
  0x90, 0x73, 0xfb, 0x64, 0x7b, 0x68, 0x1b, 0x68, 0x1a, 0x46, 0xfb, 0x6c,
  0x3b, 0x64, 0xfa, 0x63, 0xf9, 0x6b, 0x3a, 0x6c, 0x41, 0xe8, 0x00, 0x23,
  0xbb, 0x63, 0xbb, 0x6b, 0x00, 0x2b, 0xe6, 0xd1, 0x7b, 0x68, 0x1b, 0x68,
  0x08, 0x33, 0x3b, 0x62, 0x3b, 0x6a, 0x53, 0xe8, 0x00, 0x3f, 0xfb, 0x61,
  0xfb, 0x69, 0x23, 0xf0, 0x80, 0x53, 0x23, 0xf0, 0x01, 0x03, 0xbb, 0x64,
  0x7b, 0x68, 0x1b, 0x68, 0x08, 0x33, 0xba, 0x6c, 0xfa, 0x62, 0xbb, 0x62,
  0xb9, 0x6a, 0xfa, 0x6a, 0x41, 0xe8, 0x00, 0x23, 0x7b, 0x62, 0x7b, 0x6a,
  0x00, 0x2b, 0xe3, 0xd1, 0x7b, 0x68, 0xdb, 0x6e, 0x01, 0x2b, 0x18, 0xd1,
  0x7b, 0x68, 0x1b, 0x68, 0xfb, 0x60, 0xfb, 0x68, 0x53, 0xe8, 0x00, 0x3f,
  0xbb, 0x60, 0xbb, 0x68, 0x23, 0xf0, 0x10, 0x03, 0x7b, 0x64, 0x7b, 0x68,
  0x1b, 0x68, 0x1a, 0x46, 0x7b, 0x6c, 0xbb, 0x61, 0x7a, 0x61, 0x79, 0x69,
  0xba, 0x69, 0x41, 0xe8, 0x00, 0x23, 0x3b, 0x61, 0x3b, 0x69, 0x00, 0x2b,
  0xe6, 0xd1, 0x7b, 0x68, 0x20, 0x22, 0xc3, 0xf8, 0x8c, 0x20, 0x7b, 0x68,
  0x00, 0x22, 0xda, 0x66, 0x7b, 0x68, 0x00, 0x22, 0x5a, 0x67, 0x00, 0xbf,
  0x54, 0x37, 0xbd, 0x46, 0x5d, 0xf8, 0x04, 0x7b, 0x70, 0x47, 0x80, 0xb4,
  0x85, 0xb0, 0x00, 0xaf, 0x78, 0x60, 0x7b, 0x68, 0x93, 0xf8, 0x84, 0x30,
  0x01, 0x2b, 0x01, 0xd1, 0x02, 0x23, 0x27, 0xe0, 0x7b, 0x68, 0x01, 0x22,
  0x83, 0xf8, 0x84, 0x20, 0x7b, 0x68, 0x24, 0x22, 0xc3, 0xf8, 0x88, 0x20,
  0x7b, 0x68, 0x1b, 0x68, 0x1b, 0x68, 0xfb, 0x60, 0x7b, 0x68, 0x1b, 0x68,
  0x1a, 0x68, 0x7b, 0x68, 0x1b, 0x68, 0x22, 0xf0, 0x01, 0x02, 0x1a, 0x60,
  0xfb, 0x68, 0x23, 0xf0, 0x00, 0x53, 0xfb, 0x60, 0x7b, 0x68, 0x00, 0x22,
  0x5a, 0x66, 0x7b, 0x68, 0x1b, 0x68, 0xfa, 0x68, 0x1a, 0x60, 0x7b, 0x68,
  0x20, 0x22, 0xc3, 0xf8, 0x88, 0x20, 0x7b, 0x68, 0x00, 0x22, 0x83, 0xf8,
  0x84, 0x20, 0x00, 0x23, 0x18, 0x46, 0x14, 0x37, 0xbd, 0x46, 0x5d, 0xf8,
  0x04, 0x7b, 0x70, 0x47, 0x80, 0xb5, 0x84, 0xb0, 0x00, 0xaf, 0x78, 0x60,
  0x39, 0x60, 0x7b, 0x68, 0x93, 0xf8, 0x84, 0x30, 0x01, 0x2b, 0x01, 0xd1,
  0x02, 0x23, 0x2d, 0xe0, 0x7b, 0x68, 0x01, 0x22, 0x83, 0xf8, 0x84, 0x20,
  0x7b, 0x68, 0x24, 0x22, 0xc3, 0xf8, 0x88, 0x20, 0x7b, 0x68, 0x1b, 0x68,
  0x1b, 0x68, 0xfb, 0x60, 0x7b, 0x68, 0x1b, 0x68, 0x1a, 0x68, 0x7b, 0x68,
  0x1b, 0x68, 0x22, 0xf0, 0x01, 0x02, 0x1a, 0x60, 0x7b, 0x68, 0x1b, 0x68,
  0x9b, 0x68, 0x23, 0xf0, 0x60, 0x41, 0x7b, 0x68, 0x1b, 0x68, 0x3a, 0x68,
  0x0a, 0x43, 0x9a, 0x60, 0x78, 0x68, 0x00, 0xf0, 0x4f, 0xf8, 0x7b, 0x68,
  0x1b, 0x68, 0xfa, 0x68, 0x1a, 0x60, 0x7b, 0x68, 0x20, 0x22, 0xc3, 0xf8,
  0x88, 0x20, 0x7b, 0x68, 0x00, 0x22, 0x83, 0xf8, 0x84, 0x20, 0x00, 0x23,
  0x18, 0x46, 0x10, 0x37, 0xbd, 0x46, 0x80, 0xbd, 0x80, 0xb5, 0x84, 0xb0,
  0x00, 0xaf, 0x78, 0x60, 0x39, 0x60, 0x7b, 0x68, 0x93, 0xf8, 0x84, 0x30,
  0x01, 0x2b, 0x01, 0xd1, 0x02, 0x23, 0x2d, 0xe0, 0x7b, 0x68, 0x01, 0x22,
  0x83, 0xf8, 0x84, 0x20, 0x7b, 0x68, 0x24, 0x22, 0xc3, 0xf8, 0x88, 0x20,
  0x7b, 0x68, 0x1b, 0x68, 0x1b, 0x68, 0xfb, 0x60, 0x7b, 0x68, 0x1b, 0x68,
  0x1a, 0x68, 0x7b, 0x68, 0x1b, 0x68, 0x22, 0xf0, 0x01, 0x02, 0x1a, 0x60,
  0x7b, 0x68, 0x1b, 0x68, 0x9b, 0x68, 0x23, 0xf0, 0x60, 0x61, 0x7b, 0x68,
  0x1b, 0x68, 0x3a, 0x68, 0x0a, 0x43, 0x9a, 0x60, 0x78, 0x68, 0x00, 0xf0,
  0x11, 0xf8, 0x7b, 0x68, 0x1b, 0x68, 0xfa, 0x68, 0x1a, 0x60, 0x7b, 0x68,
  0x20, 0x22, 0xc3, 0xf8, 0x88, 0x20, 0x7b, 0x68, 0x00, 0x22, 0x83, 0xf8,
  0x84, 0x20, 0x00, 0x23, 0x18, 0x46, 0x10, 0x37, 0xbd, 0x46, 0x80, 0xbd,
  0x80, 0xb4, 0x85, 0xb0, 0x00, 0xaf, 0x78, 0x60, 0x7b, 0x68, 0x5b, 0x6e,
  0x00, 0x2b, 0x08, 0xd1, 0x7b, 0x68, 0x01, 0x22, 0xa3, 0xf8, 0x6a, 0x20,
  0x7b, 0x68, 0x01, 0x22, 0xa3, 0xf8, 0x68, 0x20, 0x31, 0xe0, 0x08, 0x23,
  0xfb, 0x73, 0x08, 0x23, 0xbb, 0x73, 0x7b, 0x68, 0x1b, 0x68, 0x9b, 0x68,
  0x5b, 0x0e, 0xdb, 0xb2, 0x03, 0xf0, 0x07, 0x03, 0x7b, 0x73, 0x7b, 0x68,
  0x1b, 0x68, 0x9b, 0x68, 0x5b, 0x0f, 0xdb, 0xb2, 0x03, 0xf0, 0x07, 0x03,
  0x3b, 0x73, 0xbb, 0x7b, 0x3a, 0x7b, 0x11, 0x49, 0x8a, 0x5c, 0x02, 0xfb,
  0x03, 0xf3, 0x3a, 0x7b, 0x0f, 0x49, 0x8a, 0x5c, 0x93, 0xfb, 0xf2, 0xf3,
  0x9a, 0xb2, 0x7b, 0x68, 0xa3, 0xf8, 0x6a, 0x20, 0xfb, 0x7b, 0x7a, 0x7b,
  0x09, 0x49, 0x8a, 0x5c, 0x02, 0xfb, 0x03, 0xf3, 0x7a, 0x7b, 0x08, 0x49,
  0x8a, 0x5c, 0x93, 0xfb, 0xf2, 0xf3, 0x9a, 0xb2, 0x7b, 0x68, 0xa3, 0xf8,
  0x68, 0x20, 0x00, 0xbf, 0x14, 0x37, 0xbd, 0x46, 0x5d, 0xf8, 0x04, 0x7b,
  0x70, 0x47, 0x00, 0xbf, 0x78, 0x79, 0x00, 0x08, 0x80, 0x79, 0x00, 0x08,
  0x02, 0x44, 0x03, 0x46, 0x93, 0x42, 0x00, 0xd1, 0x70, 0x47, 0x03, 0xf8,
  0x01, 0x1b, 0xf9, 0xe7, 0x70, 0xb5, 0x0d, 0x4b, 0x00, 0x26, 0x0d, 0x4d,
  0x5b, 0x1b, 0x9c, 0x10, 0xa6, 0x42, 0x09, 0xd1, 0x0b, 0x4d, 0x00, 0xf0,
  0x19, 0xf8, 0x0b, 0x4b, 0x00, 0x26, 0x5b, 0x1b, 0x9c, 0x10, 0xa6, 0x42,
  0x05, 0xd1, 0x70, 0xbd, 0x55, 0xf8, 0x04, 0x3b, 0x01, 0x36, 0x98, 0x47,
  0xee, 0xe7, 0x55, 0xf8, 0x04, 0x3b, 0x01, 0x36, 0x98, 0x47, 0xf2, 0xe7,
  0x90, 0x79, 0x00, 0x08, 0x90, 0x79, 0x00, 0x08, 0x90, 0x79, 0x00, 0x08,
  0x94, 0x79, 0x00, 0x08, 0xf8, 0xb5, 0x00, 0xbf, 0xf8, 0xbc, 0x08, 0xbc,
  0x9e, 0x46, 0x70, 0x47, 0xf8, 0xb5, 0x00, 0xbf, 0xf8, 0xbc, 0x08, 0xbc,
  0x9e, 0x46, 0x70, 0x47, 0xff, 0xff, 0xff, 0xff, 0xff, 0xff, 0xff, 0xff,
  0xff, 0xff, 0xff, 0xff, 0xff, 0xff, 0xff, 0xff, 0x02, 0x00, 0x00, 0x00,
  0x04, 0x00, 0x00, 0x00, 0x06, 0x00, 0x00, 0x00, 0x08, 0x00, 0x00, 0x00,
  0xff, 0xff, 0xff, 0xff, 0xff, 0xff, 0xff, 0xff, 0xff, 0xff, 0xff, 0xff,
  0xff, 0xff, 0xff, 0xff, 0x02, 0x00, 0x00, 0x00, 0x04, 0x00, 0x00, 0x00,
  0x06, 0x00, 0x00, 0x00, 0x08, 0x00, 0x00, 0x00, 0x07, 0x00, 0x00, 0x00,
  0x08, 0x00, 0x00, 0x00, 0x09, 0x00, 0x00, 0x00, 0x0a, 0x00, 0x00, 0x00,
  0x0b, 0x00, 0x00, 0x00, 0x0c, 0x00, 0x00, 0x00, 0x0d, 0x00, 0x00, 0x00,
  0x0e, 0x00, 0x00, 0x00, 0x10, 0x00, 0x00, 0x00, 0x11, 0x00, 0x00, 0x00,
  0x13, 0x00, 0x00, 0x00, 0x15, 0x00, 0x00, 0x00, 0x17, 0x00, 0x00, 0x00,
  0x19, 0x00, 0x00, 0x00, 0x1c, 0x00, 0x00, 0x00, 0x1f, 0x00, 0x00, 0x00,
  0x22, 0x00, 0x00, 0x00, 0x25, 0x00, 0x00, 0x00, 0x29, 0x00, 0x00, 0x00,
  0x2d, 0x00, 0x00, 0x00, 0x32, 0x00, 0x00, 0x00, 0x37, 0x00, 0x00, 0x00,
  0x3c, 0x00, 0x00, 0x00, 0x42, 0x00, 0x00, 0x00, 0x49, 0x00, 0x00, 0x00,
  0x50, 0x00, 0x00, 0x00, 0x58, 0x00, 0x00, 0x00, 0x61, 0x00, 0x00, 0x00,
  0x6b, 0x00, 0x00, 0x00, 0x76, 0x00, 0x00, 0x00, 0x82, 0x00, 0x00, 0x00,
  0x8f, 0x00, 0x00, 0x00, 0x9d, 0x00, 0x00, 0x00, 0xad, 0x00, 0x00, 0x00,
  0xbe, 0x00, 0x00, 0x00, 0xd1, 0x00, 0x00, 0x00, 0xe6, 0x00, 0x00, 0x00,
  0xfd, 0x00, 0x00, 0x00, 0x17, 0x01, 0x00, 0x00, 0x33, 0x01, 0x00, 0x00,
  0x51, 0x01, 0x00, 0x00, 0x73, 0x01, 0x00, 0x00, 0x98, 0x01, 0x00, 0x00,
  0xc1, 0x01, 0x00, 0x00, 0xee, 0x01, 0x00, 0x00, 0x20, 0x02, 0x00, 0x00,
  0x56, 0x02, 0x00, 0x00, 0x92, 0x02, 0x00, 0x00, 0xd4, 0x02, 0x00, 0x00,
  0x1c, 0x03, 0x00, 0x00, 0x6c, 0x03, 0x00, 0x00, 0xc3, 0x03, 0x00, 0x00,
  0x24, 0x04, 0x00, 0x00, 0x8e, 0x04, 0x00, 0x00, 0x02, 0x05, 0x00, 0x00,
  0x83, 0x05, 0x00, 0x00, 0x10, 0x06, 0x00, 0x00, 0xab, 0x06, 0x00, 0x00,
  0x56, 0x07, 0x00, 0x00, 0x12, 0x08, 0x00, 0x00, 0xe0, 0x08, 0x00, 0x00,
  0xc3, 0x09, 0x00, 0x00, 0xbd, 0x0a, 0x00, 0x00, 0xd0, 0x0b, 0x00, 0x00,
  0xff, 0x0c, 0x00, 0x00, 0x4c, 0x0e, 0x00, 0x00, 0xba, 0x0f, 0x00, 0x00,
  0x4c, 0x11, 0x00, 0x00, 0x07, 0x13, 0x00, 0x00, 0xee, 0x14, 0x00, 0x00,
  0x06, 0x17, 0x00, 0x00, 0x54, 0x19, 0x00, 0x00, 0xdc, 0x1b, 0x00, 0x00,
  0xa5, 0x1e, 0x00, 0x00, 0xb6, 0x21, 0x00, 0x00, 0x15, 0x25, 0x00, 0x00,
  0xca, 0x28, 0x00, 0x00, 0xdf, 0x2c, 0x00, 0x00, 0x5b, 0x31, 0x00, 0x00,
  0x4b, 0x36, 0x00, 0x00, 0xb9, 0x3b, 0x00, 0x00, 0xb2, 0x41, 0x00, 0x00,
  0x44, 0x48, 0x00, 0x00, 0x7e, 0x4f, 0x00, 0x00, 0x71, 0x57, 0x00, 0x00,
  0x2f, 0x60, 0x00, 0x00, 0xce, 0x69, 0x00, 0x00, 0x62, 0x74, 0x00, 0x00,
  0xff, 0x7f, 0x00, 0x00, 0x00, 0x00, 0x00, 0x00, 0x00, 0x00, 0x00, 0x00,
  0x01, 0x02, 0x03, 0x04, 0x06, 0x07, 0x08, 0x09, 0x00, 0x00, 0x00, 0x00,
  0x01, 0x02, 0x03, 0x04, 0x01, 0x00, 0x02, 0x00, 0x04, 0x00, 0x06, 0x00,
  0x08, 0x00, 0x0a, 0x00, 0x0c, 0x00, 0x10, 0x00, 0x20, 0x00, 0x40, 0x00,
  0x80, 0x00, 0x00, 0x01, 0x01, 0x01, 0x01, 0x03, 0x07, 0x01, 0x00, 0x00,
  0x08, 0x04, 0x02, 0x04, 0x08, 0x01, 0x01, 0x01, 0x1c, 0x89, 0xff, 0x7f,
  0x01, 0x00, 0x00, 0x00, 0x59, 0x02, 0x00, 0x08, 0x35, 0x02, 0x00, 0x08,
  0x00, 0x1b, 0xb7, 0x00, 0x10, 0x00, 0x00, 0x00, 0x01, 0x00, 0x00, 0x00
};
unsigned int microphone_node_base_bin_len = 31140;